,control_1,control_2,control_3,salt_1,salt_2,salt_3
AT1G01010,2555,2256,1530,3512,4964,2809
AT1G01020,2292,2134,1957,3271,3641,2057
AT1G01030,115,92,71,120,131,87
AT1G01040,3470,3186,2474,1825,2455,1549
AT1G01046,56,42,31,19,27,14
AT1G01050,10673,10001,7741,9988,12212,6375
AT1G01060,2289,2321,1641,2018,2908,1449
AT1G01070,2456,3121,1901,3377,4626,2207
AT1G01080,247,262,212,190,207,174
AT1G01090,21281,21468,14502,15333,20029,12516
AT1G01100,36926,34319,28650,35105,41125,23039
AT1G01110,1592,1458,1198,1801,1744,1440
AT1G01120,3961,4104,2993,13940,16432,7758
AT1G01130,78,81,71,74,107,66
AT1G01140,600,509,411,3913,5377,2721
AT1G01160,4081,3714,3028,5301,6344,3585
AT1G01170,100,149,116,129,208,96
AT1G01180,1102,1086,608,853,1278,677
AT1G01183,6,7,8,2,3,2
AT1G01190,25,15,32,14,10,7
AT1G01200,745,815,556,300,453,290
AT1G01210,1579,1436,1062,1281,1431,1104
AT1G01220,3826,3678,2308,2585,3481,2767
AT1G01225,594,528,455,527,554,331
AT1G01230,5486,5161,4452,5440,7534,3409
AT1G01240,1109,806,850,2148,2635,1270
AT1G01260,1805,1600,1177,1103,1518,1177
AT1G01290,1092,1092,832,844,1141,753
AT1G01300,7944,7905,5724,4803,6068,5017
AT1G01310,18,18,5,16,34,13
AT1G01320,1241,1265,783,1514,1938,1219
AT1G01340,1353,1331,992,1263,1828,744
AT1G01350,2140,2094,1589,2859,3705,2619
AT1G01360,1998,1967,1446,1967,2376,1302
AT1G01370,877,950,695,433,495,365
AT1G01380,145,174,143,417,371,162
AT1G01390,6,0,0,0,4,0
AT1G01420,110,170,119,167,202,128
AT1G01430,3149,3090,2517,737,1138,642
AT1G01440,2130,2020,1348,1140,1539,1113
AT1G01448,1545,1344,1185,1668,1822,1330
AT1G01450,42,27,26,24,29,24
AT1G01453,642,745,650,14,48,70
AT1G01460,8,3,0,0,0,0
AT1G01470,5790,5901,4707,78238,75249,32897
AT1G01480,999,1094,807,1277,1635,770
AT1G01490,4126,4144,3694,5335,7081,3809
AT1G01500,1043,1140,754,1863,2214,1309
AT1G01510,5075,4979,3514,5020,6371,5451
AT1G01520,26,63,36,140,110,65
AT1G01540,6336,5781,4237,2666,3524,2197
AT1G01550,13933,13155,9961,17986,21816,11561
AT1G01560,7,13,0,3,22,0
AT1G01570,439,517,415,342,486,208
AT1G01580,441,431,538,198,272,221
AT1G01600,67,80,65,597,398,305
AT1G01610,1553,2166,1497,9050,9327,5501
AT1G01620,106397,92886,91852,92158,95216,49482
AT1G01630,6403,6347,4335,2606,3639,2196
AT1G01640,618,522,464,337,314,208
AT1G01650,6931,6515,5380,12661,16022,9141
AT1G01660,312,351,304,66,169,70
AT1G01670,157,100,87,82,147,61
AT1G01680,0,0,3,81,119,46
AT1G01690,998,978,685,682,975,400
AT1G01695,10,26,20,148,192,50
AT1G01700,32,29,15,8,0,12
AT1G01710,3271,2904,2372,2425,3105,1576
AT1G01715,334,315,252,503,530,321
AT1G01720,10469,9842,7778,25617,26145,12706
AT1G01725,453,529,431,521,646,329
AT1G01730,1900,1545,1254,1777,1940,1213
AT1G01740,529,405,339,378,431,390
AT1G01750,8266,8237,6419,1729,2974,1592
AT1G01760,360,309,215,230,315,252
AT1G01770,1137,1264,923,2117,2535,1909
AT1G01780,3193,3131,2709,2151,2705,1167
AT1G01790,2713,2512,1749,1302,1838,1248
AT1G01800,9577,8956,6938,8841,12260,7507
AT1G01810,51,52,46,78,94,48
AT1G01820,6061,5553,4745,5677,7982,4356
AT1G01830,2497,2490,2152,1656,2905,2069
AT1G01840,127,154,134,107,164,77
AT1G01860,530,455,410,587,883,571
AT1G01880,82,107,79,59,46,21
AT1G01900,371,471,292,346,428,208
AT1G01910,9393,9112,6391,8074,9677,8031
AT1G01920,2596,2577,1855,2428,2901,2572
AT1G01930,1510,1411,1051,2041,2382,1724
AT1G01940,1908,2030,1455,2547,2633,1569
AT1G01950,2498,2547,1691,1879,2456,1633
AT1G01960,12743,11477,7969,7898,10293,8770
AT1G01970,482,491,333,663,703,525
AT1G01990,1523,1436,1022,1777,2176,1502
AT1G02000,2247,2197,1627,2420,3068,2001
AT1G02010,950,979,829,1025,1337,843
AT1G02020,608,527,449,603,654,458
AT1G02030,144,146,161,183,287,162
AT1G02040,18,8,12,5,2,1
AT1G02050,594,580,477,949,1045,825
AT1G02060,323,318,153,169,220,473
AT1G02070,0,11,0,6,0,7
AT1G02080,15129,14270,10068,12019,14886,11106
AT1G02090,7450,7302,5371,5654,6381,4323
AT1G02100,5296,4974,3722,4761,5999,3487
AT1G02110,2263,2093,1797,2608,2904,2137
AT1G02120,7262,6761,4791,5109,7963,4750
AT1G02130,7156,6667,5250,5601,7885,5057
AT1G02140,10746,10687,9049,11067,12873,7916
AT1G02145,3321,2890,2343,2275,3040,2126
AT1G02150,1853,1775,1238,2051,2266,1741
AT1G02160,1914,1719,1497,2287,2775,1486
AT1G02170,5201,4709,3902,7276,8858,4616
AT1G02180,343,296,271,257,280,177
AT1G02190,0,0,0,34,29,11
AT1G02205,683,764,660,430,654,384
AT1G02220,946,966,509,7052,7719,4637
AT1G02230,108,121,93,850,464,288
AT1G02250,23,8,12,27,19,23
AT1G02260,3032,2803,2206,2403,3754,2524
AT1G02270,2185,1966,1662,2470,3153,1611
AT1G02280,1642,1602,1141,1562,1985,1203
AT1G02290,721,836,528,357,497,440
AT1G02300,149,68,83,53,106,42
AT1G02305,14922,14007,10839,13410,19464,8489
AT1G02310,287,277,233,1565,2353,812
AT1G02330,3264,2967,2180,2780,3489,2196
AT1G02335,1805,1792,1178,3076,3096,1865
AT1G02340,327,321,274,2408,2723,1113
AT1G02350,115,116,78,187,233,167
AT1G02360,10979,11148,6883,3241,6168,2783
AT1G02370,1142,1212,726,660,721,521
AT1G02380,235,268,129,162,177,114
AT1G02390,196,218,106,164,259,238
AT1G02400,924,1011,664,6462,6731,3043
AT1G02405,11,8,3,16,8,13
AT1G02410,2505,2588,1888,3990,4599,3075
AT1G02420,377,377,265,244,368,360
AT1G02430,412,288,295,98,198,77
AT1G02440,47,64,37,0,5,6
AT1G02450,5,11,11,8,9,7
AT1G02460,1374,1340,748,483,944,532
AT1G02470,10,14,7,33,35,18
AT1G02475,120,157,121,241,342,172
AT1G02490,13,7,8,3,0,0
AT1G02500,124366,115879,88819,64634,85032,55489
AT1G02520,8391,7598,4371,5323,6668,5166
AT1G02530,120,122,76,99,91,91
AT1G02560,7325,7084,4898,6981,8597,6089
AT1G02570,634,655,598,5,92,51
AT1G02575,84,125,84,6,5,3
AT1G02580,117,132,58,38,47,52
AT1G02610,416,352,323,457,602,197
AT1G02640,2914,2829,1887,1863,2272,1219
AT1G02650,49,55,56,34,34,49
AT1G02660,257,231,190,1889,1685,903
AT1G02670,153,167,135,156,157,67
AT1G02680,1193,1101,919,1382,1815,1060
AT1G02681,3,4,0,9,3,0
AT1G02690,4603,4758,3476,2762,2931,2357
AT1G02700,31,31,30,348,264,170
AT1G02705,74,107,50,17,30,14
AT1G02710,5,3,2,0,2,0
AT1G02720,2128,2189,1461,1127,1507,1365
AT1G02730,2487,3012,1631,340,376,370
AT1G02740,708,696,490,371,497,436
AT1G02750,1251,1213,814,1650,2014,899
AT1G02770,9,0,12,16,8,10
AT1G02780,80206,78789,47983,61060,70291,59512
AT1G02810,3329,3564,2019,529,1125,690
AT1G02813,116,177,77,69,104,62
AT1G02816,5167,4370,3583,5951,7676,3907
AT1G02820,13,8,16,215,250,167
AT1G02840,14899,14171,11036,16755,20717,15855
AT1G02850,6586,6674,4872,11035,16751,8814
AT1G02860,1036,937,798,1396,1848,958
AT1G02870,3278,3387,2518,2946,3294,2473
AT1G02880,5745,5422,3877,6531,8966,4705
AT1G02890,6968,6953,4736,7160,8698,6192
AT1G02900,12605,12826,10248,6780,10273,4730
AT1G02910,1375,1248,957,1492,1964,1030
AT1G02920,654,457,340,703,1188,691
AT1G02930,1774,1553,1333,3503,6179,2418
AT1G02950,1433,1501,1225,1710,1687,755
AT1G02952,7,5,4,5,12,4
AT1G02960,2057,1916,1713,1817,2503,1334
AT1G02970,655,611,518,224,176,141
AT1G02980,10,27,8,145,122,68
AT1G02990,2326,2106,1444,1881,2353,1489
AT1G03000,1852,1589,1141,1203,1332,1033
AT1G03010,335,425,236,85,140,62
AT1G03030,1551,1280,926,1021,1656,983
AT1G03040,5642,5168,4010,4950,6565,4505
AT1G03055,9,0,6,0,0,0
AT1G03060,7879,7653,5337,4876,6672,5180
AT1G03070,344,281,196,715,726,439
AT1G03080,9261,8991,6629,6929,10188,6212
AT1G03090,3723,3251,2949,5360,5904,3217
AT1G03100,359,329,181,124,141,166
AT1G03106,48,21,27,31,52,37
AT1G03110,3291,3228,2048,2321,2400,1635
AT1G03120,23,32,11,55,73,44
AT1G03130,74,106,71,218,289,151
AT1G03140,5354,4993,3734,6174,7964,5655
AT1G03150,2703,2642,2183,2643,3009,1569
AT1G03160,1019,1057,693,709,852,636
AT1G03165,17,4,9,4,15,8
AT1G03170,8,16,3,18,18,13
AT1G03180,1114,853,746,1128,1223,843
AT1G03190,2163,1963,1323,2735,3315,2150
AT1G03200,96,105,50,124,141,87
AT1G03210,4963,4605,3865,2626,3694,1713
AT1G03220,45009,46953,30402,45407,69625,40992
AT1G03230,11899,11569,8313,7442,9303,7324
AT1G03250,2311,2320,1957,2758,3572,1800
AT1G03260,1954,1916,1402,1824,2087,1405
AT1G03270,424,479,374,301,345,254
AT1G03280,3761,3961,2640,3429,5000,3228
AT1G03290,2777,2478,1807,3694,4797,2418
AT1G03300,24,70,26,2,8,6
AT1G03310,753,900,505,720,878,788
AT1G03320,3,0,0,0,5,5
AT1G03330,5011,4286,3747,4419,5593,2578
AT1G03340,97,88,58,107,104,51
AT1G03350,6001,5147,3433,4021,5230,3315
AT1G03360,2351,2394,1536,2499,2489,1910
AT1G03365,1770,1668,1127,1719,1922,1437
AT1G03370,4448,4369,2803,3386,4664,3377
AT1G03380,4692,4685,3124,4038,6195,3930
AT1G03400,28,21,17,39,61,21
AT1G03410,794,534,520,560,721,360
AT1G03420,4819,4385,2995,1474,2046,933
AT1G03430,1795,1648,1602,703,1121,636
AT1G03440,594,549,444,356,489,255
AT1G03445,42,57,46,26,30,13
AT1G03457,2356,2081,1746,464,672,367
AT1G03470,289,351,224,166,144,87
AT1G03475,3489,3365,2549,3082,3833,2426
AT1G03495,14,10,32,19,26,9
AT1G03502,16,18,12,42,37,25
AT1G03506,10,6,11,21,16,14
AT1G03510,87,72,52,115,125,100
AT1G03520,1715,1731,1287,1952,2405,1384
AT1G03530,3506,3678,2041,2194,2260,2343
AT1G03540,104,91,42,29,55,34
AT1G03545,330,271,242,87,195,82
AT1G03550,3901,3682,3112,3587,5033,2023
AT1G03560,1393,1119,743,900,1084,1024
AT1G03580,9,0,11,3,0,0
AT1G03590,3914,3492,2399,4381,4976,3498
AT1G03600,136,165,101,746,798,580
AT1G03610,1325,1248,1090,2584,3151,2174
AT1G03620,26,53,41,16,35,22
AT1G03630,8,0,0,9,3,0
AT1G03650,221,212,198,228,359,222
AT1G03660,348,242,260,106,154,48
AT1G03680,1097,1134,839,836,1089,543
AT1G03687,1415,1278,906,1681,2084,1685
AT1G03700,258,313,283,1800,1663,894
AT1G03710,18,26,13,32,14,19
AT1G03730,958,951,835,1294,1547,816
AT1G03740,3998,3827,2682,3425,5078,3515
AT1G03750,847,985,666,1017,1259,789
AT1G03760,1077,1053,784,1828,2014,1435
AT1G03770,1500,1492,1014,1538,1814,1334
AT1G03780,1616,1641,1154,467,492,393
AT1G03790,22,8,8,3237,4052,2127
AT1G03800,47,34,26,281,212,172
AT1G03820,277,352,219,136,154,158
AT1G03830,1203,1309,742,867,965,692
AT1G03840,3138,3335,2245,1819,1854,1515
AT1G03850,1926,2128,1509,1028,963,371
AT1G03860,10496,10666,7527,8556,9712,7120
AT1G03870,61273,56852,50658,1347,2237,1549
AT1G03900,17310,15575,12413,17354,22489,14773
AT1G03905,1756,1665,1205,1684,2125,1441
AT1G03910,5905,5421,3770,7184,8265,6307
AT1G03920,2973,2853,2544,927,1520,746
AT1G03930,2694,2622,1911,2547,3414,2139
AT1G03935,31,34,31,47,52,39
AT1G03940,47,69,50,49,61,30
AT1G03950,1546,1459,1075,1173,1826,697
AT1G03960,1314,1364,946,1060,1233,824
AT1G03970,1133,1178,852,1702,2246,1393
AT1G03980,244,229,163,37,47,37
AT1G03990,40,25,24,63,29,17
AT1G04000,1395,1498,1149,1504,1629,756
AT1G04007,169,147,135,140,163,107
AT1G04010,2382,2441,1709,2466,2948,2098
AT1G04020,1499,1433,769,512,506,451
AT1G04027,19,24,17,24,48,21
AT1G04030,1725,1973,1424,752,1077,630
AT1G04033,1,1,1,5,1,1
AT1G04040,43513,45026,29507,5844,11340,8158
AT1G04047,10,8,9,20,0,7
AT1G04050,937,957,720,666,775,594
AT1G04053,181,175,161,148,176,66
AT1G04067,16,13,13,9,26,7
AT1G04070,1291,1279,842,979,1114,567
AT1G04073,0,0,0,9,16,8
AT1G04077,9,6,5,11,13,6
AT1G04080,10736,10085,7306,13189,14385,9775
AT1G04083,14,8,16,9,11,8
AT1G04090,179,198,151,137,152,103
AT1G04097,5,5,1,2,4,2
AT1G04100,569,577,388,600,668,399
AT1G04103,4,6,3,5,14,3
AT1G04107,210,102,168,76,74,36
AT1G04117,27,43,14,40,23,9
AT1G04120,18979,18621,12304,16866,23094,18658
AT1G04123,13,3,6,11,16,6
AT1G04130,1395,1472,1093,1446,1683,1104
AT1G04140,13471,13230,9136,11411,15330,12443
AT1G04147,0,0,9,10,13,0
AT1G04150,98,115,78,52,51,64
AT1G04160,2372,2486,1654,883,1062,743
AT1G04163,10,10,5,9,3,4
AT1G04170,15407,14295,10288,11512,13152,8604
AT1G04180,452,526,280,906,1280,1012
AT1G04183,260,156,262,161,406,1198
AT1G04187,6,7,12,13,15,9
AT1G04190,5345,5162,3476,3805,4188,2462
AT1G04193,14,15,13,28,59,17
AT1G04197,8,5,13,29,35,7
AT1G04200,5341,5187,4011,3038,4160,2571
AT1G04210,6008,5703,3592,5928,6697,6077
AT1G04217,34,29,27,61,50,27
AT1G04220,2214,2345,1972,19432,23856,10015
AT1G04223,46,39,34,79,86,32
AT1G04227,14,9,11,17,17,9
AT1G04230,1759,1589,1077,2241,2703,1567
AT1G04233,10,8,7,9,13,9
AT1G04237,51,32,33,12,20,8
AT1G04240,1429,1183,1053,828,947,490
AT1G04247,108,147,145,321,413,187
AT1G04250,19167,17612,12354,11216,14984,8660
AT1G04260,2711,2635,2321,3511,3948,2843
AT1G04267,52,56,31,42,59,51
AT1G04270,74538,73642,53625,49986,61824,42845
AT1G04273,78,63,38,40,60,34
AT1G04277,83,78,60,87,89,42
AT1G04280,3793,3833,2531,1597,2827,1455
AT1G04290,2033,1911,1378,1473,1919,1037
AT1G04295,112,118,93,70,82,30
AT1G04300,7066,7258,4808,8815,10670,8601
AT1G04303,26,23,16,0,0,0
AT1G04310,994,828,709,3005,4051,3174
AT1G04330,258,223,154,91,112,60
AT1G04340,5971,5698,4487,3318,4417,2997
AT1G04343,2,3,4,4,2,1
AT1G04347,20,28,18,15,16,10
AT1G04350,199,194,170,264,209,115
AT1G04353,270,215,236,244,357,268
AT1G04357,10,7,12,0,0,0
AT1G04360,542,480,349,189,277,134
AT1G04363,0,6,12,10,6,4
AT1G04370,0,0,3,8,17,6
AT1G04390,911,996,743,901,1236,903
AT1G04400,8649,9230,6039,10402,14439,9708
AT1G04410,164821,165478,116182,115805,154545,90971
AT1G04413,6,1,2,1,2,0
AT1G04420,558,495,390,649,694,634
AT1G04423,6,5,6,4,8,4
AT1G04425,562,621,449,74,86,28
AT1G04430,19087,18412,11984,6271,9051,7572
AT1G04433,9,3,8,5,11,10
AT1G04440,11321,10490,8860,11420,16097,8608
AT1G04445,90,125,115,157,224,120
AT1G04463,9,6,6,11,15,6
AT1G04467,2,0,1,2,10,4
AT1G04473,12,13,9,13,0,3
AT1G04477,0,15,9,9,0,0
AT1G04480,23671,25241,17577,25717,28146,19062
AT1G04483,0,2,1,6,11,3
AT1G04487,8,8,0,3,4,0
AT1G04490,267,322,118,815,1490,762
AT1G04500,0,4,0,0,8,0
AT1G04503,154,100,147,386,315,98
AT1G04510,8592,8323,5540,8624,9698,7514
AT1G04513,73,64,48,85,79,40
AT1G04520,3120,3003,2321,1131,1579,1109
AT1G04523,11,7,5,4,4,3
AT1G04530,2946,2559,1901,3549,4473,2256
AT1G04533,11,6,8,6,24,5
AT1G04537,17,10,57,71,77,26
AT1G04540,59,59,22,31,56,19
AT1G04550,1673,1561,1235,745,831,499
AT1G04555,577,573,492,609,787,341
AT1G04560,0,0,0,2113,2110,793
AT1G04563,22,9,9,12,4,5
AT1G04567,11,0,0,13,8,9
AT1G04570,98,96,69,324,351,219
AT1G04577,0,0,0,4,6,5
AT1G04580,0,12,11,46,23,23
AT1G04583,2,2,5,17,8,7
AT1G04587,10,4,6,10,17,13
AT1G04590,2845,2840,1853,2728,3387,2338
AT1G04600,158,152,114,168,172,129
AT1G04610,1675,1644,958,1291,1289,1483
AT1G04620,158,185,160,254,444,293
AT1G04625,3,1,19,0,4,3
AT1G04630,4230,4276,3142,3714,4629,2580
AT1G04635,431,509,268,270,345,255
AT1G04640,446,426,277,387,398,317
AT1G04643,0,0,1,15,9,3
AT1G04647,138,143,105,144,175,79
AT1G04650,462,489,308,289,377,261
AT1G04660,98,105,62,39,84,24
AT1G04670,0,8,7,2,5,0
AT1G04680,10842,10406,6771,5612,8216,7653
AT1G04690,14553,12987,8951,10345,13238,9192
AT1G04700,1183,1149,666,446,666,434
AT1G04707,23,20,17,57,31,27
AT1G04710,1421,1477,1047,1430,1469,895
AT1G04730,1219,1264,853,590,607,451
AT1G04743,15,10,7,8,24,16
AT1G04750,13363,12281,9481,10327,13732,8730
AT1G04753,0,0,0,3,8,2
AT1G04760,278,308,218,151,173,90
AT1G04767,6,3,5,2,3,0
AT1G04770,827,749,654,5727,7552,4601
AT1G04778,128,177,124,158,156,57
AT1G04780,4976,4967,3019,5162,6988,6363
AT1G04790,1859,1723,1320,2586,3158,2214
AT1G04800,3,6,11,1,3,1
AT1G04803,20,10,0,14,20,14
AT1G04810,11423,11000,7169,12220,16009,11626
AT1G04820,92799,86221,60533,28563,36798,29203
AT1G04827,0,0,0,10,9,0
AT1G04830,2346,2159,1825,4203,4467,2706
AT1G04833,67,55,71,58,93,24
AT1G04837,23,28,36,51,10,24
AT1G04840,100,133,103,129,52,79
AT1G04850,17839,17661,12672,14231,20214,11162
AT1G04860,3485,3057,2145,3217,4080,3408
AT1G04870,6502,6371,4273,7471,7743,7122
AT1G04877,0,0,10,0,14,0
AT1G04880,44,45,23,35,53,41
AT1G04887,6,0,3,0,3,3
AT1G04900,2170,2145,1522,1552,1848,1334
AT1G04907,6,8,8,5,15,6
AT1G04910,5991,5580,4122,3610,5129,3316
AT1G04917,8,10,7,16,20,10
AT1G04920,39,24,33,47,47,42
AT1G04927,2,6,1,2,3,1
AT1G04930,616,646,558,654,700,599
AT1G04933,25,28,16,21,15,7
AT1G04940,2493,2297,1993,2462,3064,1893
AT1G04945,1070,1129,670,1047,1004,603
AT1G04950,2213,2049,1723,3109,3352,2614
AT1G04953,0,0,0,10,0,5
AT1G04960,2814,2760,2192,3163,4035,1972
AT1G04970,3768,3651,2536,4608,5949,3016
AT1G04973,37,36,35,45,48,24
AT1G04977,34,32,37,54,60,13
AT1G04980,7184,6372,5029,1575,1852,1330
AT1G04985,2400,2208,1681,3592,4365,2638
AT1G04990,6147,6047,4023,7038,10074,7640
AT1G04997,0,0,0,5,11,5
AT1G05000,2981,3083,2177,1161,1894,855
AT1G05010,1186,1179,764,2082,2666,1920
AT1G05020,138,138,89,10,26,36
AT1G05023,5,4,0,6,19,0
AT1G05027,0,2,5,0,3,4
AT1G05030,1132,955,866,985,1380,821
AT1G05033,24,16,22,48,57,16
AT1G05043,17,11,12,5,8,5
AT1G05047,4,5,5,6,8,5
AT1G05055,1712,1497,1040,1073,1297,985
AT1G05060,815,761,578,630,886,486
AT1G05061,40,32,8,7,8,23
AT1G05063,13,13,7,15,7,4
AT1G05065,35,30,31,27,46,21
AT1G05070,1980,1660,1422,2064,2866,1781
AT1G05087,430,402,214,166,260,357
AT1G05090,1520,1366,1127,1542,1888,1246
AT1G05100,243,220,161,2955,2344,1124
AT1G05120,3312,3345,2290,3478,4659,3361
AT1G05123,3,11,8,4,10,0
AT1G05135,45,39,31,0,14,14
AT1G05140,435,525,368,749,866,449
AT1G05143,16,21,19,0,0,19
AT1G05147,9,9,7,16,13,10
AT1G05150,5570,4961,3298,2209,2804,2275
AT1G05153,5,7,4,2,0,0
AT1G05157,11,19,6,0,3,0
AT1G05160,905,815,660,777,893,687
AT1G05163,12,33,27,24,5,19
AT1G05170,3284,2854,2414,4496,5421,4265
AT1G05180,5085,5230,3695,5599,6877,4506
AT1G05183,11,24,10,17,8,7
AT1G05187,33,36,28,67,51,34
AT1G05190,1118,1033,837,811,1118,559
AT1G05200,678,704,508,155,322,191
AT1G05203,8,6,8,18,15,8
AT1G05205,5656,5276,4538,4505,5759,2479
AT1G05207,10,0,11,3,1,0
AT1G05210,2234,2233,1646,753,1085,719
AT1G05213,212,223,165,176,195,91
AT1G05220,651,449,466,296,458,362
AT1G05230,112,120,77,67,56,36
AT1G05240,13801,15465,11668,959,2012,1671
AT1G05250,13665,15500,11613,962,1877,1102
AT1G05253,2,3,2,2,4,3
AT1G05260,93178,81183,79414,60133,96701,42138
AT1G05267,6,4,3,2,2,0
AT1G05270,5331,5129,3637,6181,7538,4899
AT1G05273,1,5,1,7,7,5
AT1G05277,0,0,0,0,61,0
AT1G05280,1330,1300,789,1118,1554,1512
AT1G05287,2,2,3,2,2,1
AT1G05297,0,3,0,12,0,0
AT1G05300,1786,2008,1171,853,1185,735
AT1G05310,294,319,185,330,422,290
AT1G05317,10,12,4,2,10,7
AT1G05320,3084,2832,1916,1475,2304,1307
AT1G05330,2,6,0,15,21,29
AT1G05333,513,692,506,653,612,248
AT1G05340,1464,1223,987,22217,22007,7829
AT1G05347,766,720,767,861,867,400
AT1G05350,6089,5476,4108,4593,5997,3766
AT1G05360,3314,3034,2127,2157,2598,1689
AT1G05370,50,59,40,14,29,11
AT1G05380,3423,3470,1927,3555,4133,4056
AT1G05383,3,0,3,6,4,0
AT1G05385,79,72,41,45,127,27
AT1G05397,32,16,30,15,33,24
AT1G05400,126,139,115,215,224,164
AT1G05410,1508,1637,1061,2169,2798,1838
AT1G05420,172,199,171,85,107,46
AT1G05430,2325,2270,1870,2094,2709,1629
AT1G05440,363,385,277,29,40,20
AT1G05450,87,66,83,4823,4474,1789
AT1G05453,4,2,1,1,3,1
AT1G05460,956,973,625,707,914,788
AT1G05463,8,8,7,3,8,9
AT1G05467,46,0,0,49,70,45
AT1G05470,1334,1334,1088,271,427,367
AT1G05487,4,5,3,5,13,17
AT1G05490,135,221,152,69,68,71
AT1G05500,8368,8204,6223,7327,9618,5720
AT1G05503,232,168,125,335,268,145
AT1G05510,0,11,0,0,0,0
AT1G05520,9802,9360,6567,7420,9129,7266
AT1G05523,78,48,57,10,177,94
AT1G05530,1624,1268,754,1753,2687,2454
AT1G05533,7,4,5,3,7,0
AT1G05540,66,59,44,62,125,78
AT1G05553,2,2,1,10,9,1
AT1G05557,361,347,358,485,521,349
AT1G05560,7591,7019,3848,14598,18952,5625
AT1G05562,333,304,330,1039,1197,7560
AT1G05570,16242,15164,11875,6212,10395,5854
AT1G05575,274,229,194,186,224,84
AT1G05577,55,56,49,13,23,9
AT1G05590,1792,1494,1059,566,675,700
AT1G05600,307,287,190,162,200,159
AT1G05610,112,116,85,66,73,45
AT1G05620,10407,9578,7548,2964,3748,2490
AT1G05630,1717,1683,1207,594,701,701
AT1G05640,369,384,254,100,194,182
AT1G05650,4107,4432,2302,1622,3869,2311
AT1G05660,6976,6045,3668,3510,6921,4484
AT1G05670,596,594,389,375,455,436
AT1G05675,19,20,22,93,146,59
AT1G05680,12028,9437,6498,22667,28421,20244
AT1G05687,16,7,9,8,2,2
AT1G05690,36,46,42,150,141,88
AT1G05700,539,305,332,9,42,8
AT1G05703,5,4,2,3,3,2
AT1G05710,1844,1708,1350,1256,2187,1055
AT1G05720,4948,4509,3885,3579,4816,2579
AT1G05730,422,466,375,277,293,179
AT1G05740,5,4,16,10,0,6
AT1G05747,17,12,11,35,34,12
AT1G05750,540,536,346,582,553,349
AT1G05753,5,12,5,6,5,2
AT1G05760,145,90,152,339,301,183
AT1G05767,703,1103,399,514,2954,625
AT1G05770,161,138,110,239,215,171
AT1G05773,28,15,25,19,36,29
AT1G05777,4,2,4,2,2,1
AT1G05780,629,556,492,407,768,351
AT1G05783,0,12,4,6,16,3
AT1G05785,2226,2213,1938,2114,3076,1371
AT1G05790,2438,2340,1516,2162,2961,2210
AT1G05805,2971,2687,2001,1493,2185,1346
AT1G05810,1933,1797,1308,515,794,457
AT1G05820,381,320,232,230,247,146
AT1G05830,4059,3659,2758,3294,4091,3213
AT1G05833,5,8,3,10,4,6
AT1G05835,365,345,308,236,268,143
AT1G05837,4,16,10,20,28,11
AT1G05840,2960,2537,2342,3755,4537,2654
AT1G05843,12,9,8,0,4,0
AT1G05847,4,4,2,0,1,0
AT1G05850,64535,62263,49760,30613,39586,19949
AT1G05860,1137,996,818,1308,1576,1032
AT1G05867,3,3,0,1,1,2
AT1G05870,3593,3408,2590,1960,2288,1558
AT1G05873,11,5,1,10,5,11
AT1G05890,6124,5777,4243,7638,9837,6301
AT1G05894,40,53,35,170,184,105
AT1G05900,1128,989,862,1408,1736,844
AT1G05910,4679,4826,3168,3452,3930,3350
AT1G05913,18,22,13,5,15,11
AT1G05920,0,0,0,8,5,2
AT1G05927,344,202,214,219,235,23
AT1G05933,0,4,4,2,2,0
AT1G05937,8,5,6,2,3,0
AT1G05940,4084,4033,2938,3451,4653,3196
AT1G05950,442,582,355,243,211,146
AT1G05960,8380,8022,5677,9484,12021,9165
AT1G05970,536,410,420,630,810,440
AT1G05977,9,2,11,17,15,6
AT1G05990,252,277,230,16,24,23
AT1G05993,7,3,5,10,9,3
AT1G05997,14,17,14,25,20,9
AT1G06000,10820,12270,5564,9163,12236,9418
AT1G06002,1045,1065,835,1140,1385,788
AT1G06010,1839,1697,1365,2298,2949,1596
AT1G06017,0,7,5,7,10,4
AT1G06020,55,38,47,87,96,35
AT1G06030,36,64,33,33,69,32
AT1G06033,84,65,58,66,89,56
AT1G06040,12958,11138,8549,15167,18565,10479
AT1G06045,4,3,3,6,6,3
AT1G06050,433,393,327,463,581,305
AT1G06060,2776,2335,2055,2583,3651,1990
AT1G06070,2867,2536,1955,2965,3824,2403
AT1G06080,441,368,248,412,558,383
AT1G06083,28,18,13,50,78,30
AT1G06087,41,27,18,15,17,12
AT1G06090,3216,3787,1893,4612,4679,4289
AT1G06103,5,6,4,5,5,3
AT1G06110,4584,4297,3085,3336,4337,3016
AT1G06113,62,68,67,27,50,19
AT1G06117,12,10,9,3,2,0
AT1G06120,2460,2672,1732,178,280,219
AT1G06130,1835,1670,1352,1782,2302,1228
AT1G06135,0,0,0,6,9,0
AT1G06140,164,197,145,126,118,99
AT1G06143,203,207,152,118,119,135
AT1G06148,3,6,3,5,0,0
AT1G06150,2082,1920,1288,1395,1777,1360
AT1G06160,8,28,3,0,0,0
AT1G06170,47,54,20,23,16,26
AT1G06173,0,0,0,10,0,0
AT1G06177,49,61,40,15,42,29
AT1G06180,1758,1645,1195,2095,2908,1755
AT1G06190,1540,1734,955,1532,1614,1375
AT1G06200,4324,4499,3483,5201,6299,3605
AT1G06207,18,13,9,9,15,4
AT1G06210,4419,4173,3141,4886,6164,3708
AT1G06213,2,1,2,2,2,2
AT1G06220,7935,8080,4781,6107,6999,6983
AT1G06225,2,9,0,0,0,0
AT1G06227,498,420,311,355,369,364
AT1G06230,5159,4969,3775,5263,7579,5293
AT1G06233,228,171,132,109,141,146
AT1G06237,371,298,200,180,221,238
AT1G06240,977,890,573,1062,1211,1015
AT1G06243,81,63,50,55,69,88
AT1G06250,8,10,5,25,10,5
AT1G06257,18,16,20,2,2,0
AT1G06260,8,8,2,11,12,11
AT1G06263,6,7,2,2,3,3
AT1G06265,263,279,264,445,512,436
AT1G06267,24,18,19,4,12,6
AT1G06270,688,576,433,662,744,738
AT1G06273,33,21,24,9,14,11
AT1G06277,61,60,38,28,37,34
AT1G06283,326,362,295,117,159,102
AT1G06290,14516,14168,9086,11374,15753,11483
AT1G06310,536,689,337,329,291,393
AT1G06320,111,150,92,199,275,171
AT1G06330,175,262,105,153,296,190
AT1G06350,8,34,6,0,0,3
AT1G06370,430,390,331,662,800,588
AT1G06380,1075,1181,677,766,856,764
AT1G06390,7866,6821,5384,8925,11885,9929
AT1G06397,1,4,1,4,2,1
AT1G06400,5913,5588,4101,5465,7225,3911
AT1G06410,11119,10734,6427,5650,7381,6717
AT1G06420,149,157,131,108,129,78
AT1G06423,28,31,25,32,25,18
AT1G06430,1982,2083,1186,7271,8674,4188
AT1G06440,195,244,146,147,162,145
AT1G06450,190,175,176,206,213,174
AT1G06457,10,6,4,6,9,3
AT1G06460,157,132,67,166,264,148
AT1G06463,27,20,20,19,12,12
AT1G06470,4813,4641,3207,2603,3421,2310
AT1G06473,3,5,1,26,28,16
AT1G06475,42,37,46,8,5,6
AT1G06483,6,7,2,7,14,6
AT1G06487,9,5,6,23,15,8
AT1G06490,1510,1481,1057,1218,1415,987
AT1G06500,555,628,512,510,614,456
AT1G06510,430,366,245,417,541,271
AT1G06515,5070,4210,3870,4669,5792,3070
AT1G06520,20,27,10,47,106,73
AT1G06530,3220,2752,1974,3667,4343,2752
AT1G06537,14,12,3,8,7,0
AT1G06540,1108,1228,853,583,948,521
AT1G06547,38,53,22,10,15,14
AT1G06550,17563,18549,11662,8356,11776,5990
AT1G06553,178,256,163,53,50,24
AT1G06560,2196,2147,1398,2051,2337,1990
AT1G06570,2199,1967,1560,13420,15605,8778
AT1G06573,408,383,427,295,350,138
AT1G06580,396,273,256,278,336,185
AT1G06583,6,0,0,10,0,0
AT1G06587,4,4,9,0,0,0
AT1G06590,1986,2050,1241,1804,1884,1654
AT1G06607,2,7,5,4,0,0
AT1G06620,5847,4679,3965,2189,3693,2920
AT1G06630,1904,1456,1280,2622,2715,1881
AT1G06640,29012,31121,25097,13044,18657,11930
AT1G06643,13,6,10,12,8,9
AT1G06645,37,56,34,29,33,26
AT1G06647,15,9,11,12,10,11
AT1G06650,533,637,461,368,666,291
AT1G06660,663,858,486,437,474,366
AT1G06667,2,5,2,1,0,2
AT1G06670,6577,6740,4335,4707,6104,5773
AT1G06680,1342,2071,923,898,1314,526
AT1G06690,1052,1060,664,2369,3003,1534
AT1G06700,10889,9679,8017,9729,12552,6664
AT1G06703,0,0,5,5,2,0
AT1G06710,600,701,348,451,449,373
AT1G06717,9,5,8,15,16,10
AT1G06720,5052,5301,3534,4265,4565,4178
AT1G06730,1288,1152,815,1174,1408,1261
AT1G06740,335,347,209,281,308,261
AT1G06750,33,20,17,39,18,27
AT1G06753,17,16,10,7,9,10
AT1G06760,19641,17412,12611,25932,34156,18242
AT1G06763,26,12,14,11,38,15
AT1G06770,833,873,581,1236,1474,1111
AT1G06773,5,3,9,1,4,1
AT1G06780,5068,4814,3621,5476,7903,5128
AT1G06787,10,10,10,32,35,12
AT1G06790,1842,1844,1337,1408,1493,1042
AT1G06800,1112,1025,802,1379,1771,1037
AT1G06820,2140,2233,1646,1647,2133,1253
AT1G06830,25,45,59,0,0,3
AT1G06833,19,37,23,33,29,16
AT1G06840,4400,4234,3344,2497,3584,2529
AT1G06850,3327,2869,2328,1679,2265,1435
AT1G06870,7157,6403,4024,5582,6638,4418
AT1G06877,1,2,2,4,9,4
AT1G06890,11380,10187,7669,9484,12450,8678
AT1G06900,7539,7583,5025,6746,8432,7418
AT1G06910,492,469,372,459,509,322
AT1G06920,3,3,0,3,3,0
AT1G06923,622,629,444,100,232,166
AT1G06925,0,1,1,0,9,0
AT1G06930,1105,1002,890,260,372,270
AT1G06950,6041,6385,3775,3740,4707,4045
AT1G06960,1186,1022,948,1025,1316,905
AT1G06963,5,0,3,0,7,0
AT1G06970,21,6,6,36,24,8
AT1G06977,0,0,6,0,12,0
AT1G06980,303,242,243,138,130,102
AT1G06983,27,32,25,28,45,24
AT1G06990,28,16,12,10,10,8
AT1G06993,24,30,15,9,14,2
AT1G07000,1623,1592,934,859,1216,771
AT1G07010,101,194,71,277,378,218
AT1G07020,2812,2637,2138,2484,3189,1849
AT1G07030,5343,4783,3333,7220,8677,6206
AT1G07040,2118,2230,1414,5342,7041,4127
AT1G07060,17,26,18,19,10,7
AT1G07070,5467,6211,4809,2931,3570,2423
AT1G07080,6726,6573,5266,9163,11614,5358
AT1G07090,661,812,594,181,249,139
AT1G07110,3736,3249,2553,3820,4856,3068
AT1G07119,340,342,207,252,233,216
AT1G07120,54,38,29,106,68,44
AT1G07128,429,475,327,746,1176,687
AT1G07130,750,643,491,901,931,528
AT1G07135,68,121,48,1131,1426,708
AT1G07140,24229,23416,15620,15264,21915,14300
AT1G07143,13,15,17,8,16,8
AT1G07150,594,784,600,3997,3601,1818
AT1G07160,197,222,164,226,396,232
AT1G07170,2432,2080,1821,2725,3505,2163
AT1G07175,415,523,315,72,176,109
AT1G07180,50,72,44,55,49,34
AT1G07187,6,16,18,47,45,16
AT1G07200,2137,2267,1545,3253,4015,2670
AT1G07203,370,301,318,450,642,306
AT1G07210,6209,5764,4415,4845,5867,4467
AT1G07220,1294,1314,939,2020,2375,1750
AT1G07230,2026,2048,1471,1420,1922,1084
AT1G07240,1902,2018,1610,1630,2079,1342
AT1G07243,4,5,5,0,0,0
AT1G07250,2890,2809,1796,2920,3685,2851
AT1G07260,1540,1495,1097,682,895,513
AT1G07270,262,256,163,59,53,59
AT1G07280,691,574,451,957,1305,966
AT1G07290,1031,953,743,862,1131,1127
AT1G07300,654,568,538,402,471,203
AT1G07310,3578,3720,2587,2321,3520,2354
AT1G07313,20,15,18,17,27,17
AT1G07320,1641,1624,1105,1232,1470,1171
AT1G07323,13,7,13,14,22,7
AT1G07350,12086,10585,10885,8478,10291,6460
AT1G07360,5831,5538,4060,6818,7752,4919
AT1G07367,13,0,0,0,12,0
AT1G07370,4169,4067,2759,1034,1188,895
AT1G07380,2684,2677,1949,2264,3152,2100
AT1G07390,126,132,69,92,92,86
AT1G07393,15,16,12,7,7,3
AT1G07400,306,176,268,479,500,345
AT1G07407,73,94,75,13,23,5
AT1G07410,1354,1174,831,740,1002,615
AT1G07420,9671,8639,7522,4948,6646,4002
AT1G07430,0,7,3,2153,1725,931
AT1G07440,0,10,0,0,5,0
AT1G07457,4,4,0,0,3,0
AT1G07460,25,13,11,0,3,0
AT1G07470,3813,3647,2661,5152,6845,4688
AT1G07473,5,8,5,18,9,16
AT1G07476,0,0,0,4,6,2
AT1G07477,14,12,4,33,34,18
AT1G07480,2691,2519,2056,4468,5374,3479
AT1G07483,5,6,4,4,4,0
AT1G07485,22,31,10,5,9,7
AT1G07490,128,82,78,44,41,42
AT1G07500,1,1,1,17,11,4
AT1G07510,7319,7115,4657,8067,10163,7137
AT1G07513,21,25,15,19,18,11
AT1G07520,684,635,458,375,578,525
AT1G07530,4106,3698,2710,6070,7269,5019
AT1G07543,3,0,2,0,5,1
AT1G07550,62,52,71,15,37,0
AT1G07560,1036,917,872,136,327,96
AT1G07563,8,1,4,3,4,1
AT1G07567,5,8,9,18,10,9
AT1G07570,1557,1374,1083,1579,2202,1172
AT1G07577,0,0,0,3,9,0
AT1G07587,0,5,0,5,11,0
AT1G07590,97496,91544,66680,90648,142986,71194
AT1G07600,687,203,1,878,1124,1
AT1G07603,8,9,4,2,2,4
AT1G07607,24,23,28,50,47,12
AT1G07610,10254,9248,7867,5939,9461,3145
AT1G07615,1091,1112,717,1465,1813,1535
AT1G07620,54,34,40,43,58,8
AT1G07630,2216,2074,1329,1970,3091,1886
AT1G07640,2195,1999,1244,2669,2895,2786
AT1G07647,9,4,5,6,5,4
AT1G07650,2214,2181,1631,1034,1521,743
AT1G07653,13,10,0,0,15,0
AT1G07660,2227,2083,1581,2235,3099,1729
AT1G07663,1,6,1,0,2,1
AT1G07667,6,3,2,1,1,4
AT1G07670,20295,18300,12891,12423,15844,12515
AT1G07680,0,6,12,0,0,0
AT1G07683,8,2,12,10,9,4
AT1G07690,65,40,29,0,0,0
AT1G07693,10,6,7,5,6,4
AT1G07700,491,557,344,546,672,321
AT1G07705,2531,2666,1682,1977,2377,1737
AT1G07707,5,5,0,0,2,0
AT1G07710,307,257,236,146,264,179
AT1G07720,5,5,5,573,721,389
AT1G07725,74,90,52,182,138,116
AT1G07728,1466,1340,968,2811,3344,2725
AT1G07730,240,291,199,145,250,157
AT1G07733,2,2,4,4,8,2
AT1G07737,10,11,11,20,22,13
AT1G07740,5226,5271,4196,2211,3755,1854
AT1G07743,98,87,81,29,34,25
AT1G07745,514,474,379,789,855,691
AT1G07750,23918,20875,17520,17871,24375,12817
AT1G07753,14,18,3,17,27,13
AT1G07770,38287,35582,26709,34956,41598,27682
AT1G07780,3772,3533,2245,3647,4100,3283
AT1G07783,3,0,0,0,0,8
AT1G07790,6533,6180,4479,3389,3438,2467
AT1G07795,439,393,301,204,294,121
AT1G07803,42,48,47,87,85,33
AT1G07810,10460,10608,6702,11695,13931,10933
AT1G07820,11843,10878,8407,14742,17536,8886
AT1G07823,12,3,2,1,0,11
AT1G07830,3155,2907,2216,3277,3747,2626
AT1G07840,2596,2753,2139,2762,3437,2437
AT1G07847,9,12,10,7,5,2
AT1G07850,0,0,0,27,11,14
AT1G07860,0,0,0,4,7,4
AT1G07870,1584,1593,1065,2894,4039,2201
AT1G07877,6,10,7,5,3,5
AT1G07880,39,33,30,24,39,13
AT1G07885,5,0,0,0,11,6
AT1G07890,134154,142327,100057,96113,131517,76108
AT1G07893,141,138,86,51,72,72
AT1G07897,613,770,523,266,402,324
AT1G07901,83,74,64,75,98,65
AT1G07902,257,208,205,252,279,160
AT1G07903,2,3,9,4,3,6
AT1G07910,2099,2058,1280,1966,2301,1947
AT1G07920,104447,110558,70794,91291,107656,77688
AT1G07930,73029,76710,46630,64784,74901,57540
AT1G07933,135,129,102,61,78,83
AT1G07937,240,157,125,671,553,349
AT1G07940,71605,72801,47014,56239,65885,49578
AT1G07943,15,16,8,38,27,15
AT1G07950,2440,2315,1673,2199,2691,1647
AT1G07957,7,10,6,5,12,9
AT1G07960,6968,6306,5198,5317,7546,4113
AT1G07963,19,15,20,30,12,10
AT1G07970,1863,1932,1288,2072,2400,2096
AT1G07980,1508,1403,1001,2792,2971,1695
AT1G07983,28,9,17,15,14,4
AT1G07985,876,801,453,6309,8593,3721
AT1G07990,5612,5465,3781,6991,10190,5833
AT1G08000,1006,1006,665,849,923,679
AT1G08003,13,11,10,50,36,8
AT1G08010,3547,3196,2494,2494,3338,2092
AT1G08030,2403,2183,1850,2981,3639,2278
AT1G08035,32,26,33,19,36,12
AT1G08037,65,63,62,65,130,42
AT1G08040,2298,2233,1760,3064,3724,1969
AT1G08043,50,51,48,90,97,74
AT1G08050,1226,1331,831,3130,3502,2224
AT1G08060,1825,1769,1263,1556,1891,1588
AT1G08070,104,112,69,81,78,50
AT1G08090,713,1622,714,16,69,25
AT1G08093,4,14,9,0,3,0
AT1G08103,32,23,21,13,5,0
AT1G08110,6007,6184,4729,6223,7072,4463
AT1G08113,6,6,6,2,0,3
AT1G08115,5,24,14,16,19,5
AT1G08117,2,4,5,2,1,3
AT1G08120,7,9,6,5,4,0
AT1G08125,2268,2111,1609,2268,2702,1807
AT1G08130,3871,4095,2604,3211,3638,2665
AT1G08140,0,11,0,8,0,8
AT1G08150,10,0,3,8,0,0
AT1G08160,4507,5252,3451,4151,4380,2625
AT1G08173,192,195,123,309,242,114
AT1G08180,250,267,251,315,433,185
AT1G08187,8,0,3,6,9,0
AT1G08190,14759,15039,9751,11674,16193,10794
AT1G08193,6,0,6,2,0,2
AT1G08197,0,10,2,3,0,0
AT1G08200,42283,39904,30763,44651,49272,31890
AT1G08210,1754,1547,1057,2767,2821,2570
AT1G08213,29,22,33,23,34,42
AT1G08217,3,10,5,11,3,6
AT1G08220,1843,1971,1384,1065,1114,859
AT1G08230,1250,973,900,5178,6777,3111
AT1G08250,314,339,260,996,1342,691
AT1G08260,3732,3645,2306,2147,2674,1775
AT1G08270,110,94,97,191,184,97
AT1G08273,3,6,6,31,11,5
AT1G08280,1405,1560,980,779,1098,943
AT1G08283,513,643,430,418,479,286
AT1G08287,40,12,11,1,1,4
AT1G08290,0,16,0,116,82,64
AT1G08293,86,68,67,35,64,31
AT1G08300,390,382,234,661,584,441
AT1G08310,404,410,301,192,288,119
AT1G08315,1472,1368,971,1834,2596,1429
AT1G08317,28,29,22,33,37,16
AT1G08320,4360,4674,3890,3003,4966,2107
AT1G08340,2834,2571,1804,1630,2438,1792
AT1G08350,3197,3128,2299,2111,3138,2243
AT1G08360,47018,43565,32807,29540,36477,25821
AT1G08370,6710,6570,5860,7824,10700,6223
AT1G08380,656,857,477,571,918,343
AT1G08387,1,2,1,5,3,1
AT1G08390,304,321,233,457,412,302
AT1G08400,821,901,550,651,854,664
AT1G08403,2,3,0,1,4,0
AT1G08410,2576,2582,1567,2023,2113,1734
AT1G08420,8610,7456,5998,6303,8595,5726
AT1G08427,0,0,7,11,11,5
AT1G08430,1639,1525,1617,900,803,466
AT1G08440,18,23,21,1687,1815,1036
AT1G08443,0,3,0,5,7,0
AT1G08450,4669,4721,3481,3796,4977,3363
AT1G08457,11,12,0,17,8,3
AT1G08460,2265,2110,1521,3134,3720,2738
AT1G08470,2791,2699,1832,2151,2475,1678
AT1G08477,64,28,16,264,268,232
AT1G08480,17857,16759,13034,12607,17130,8913
AT1G08490,2721,2477,1833,3533,4199,2919
AT1G08500,4656,3944,3252,1695,2537,1274
AT1G08507,119,112,137,194,270,146
AT1G08510,14608,14141,10195,11218,13770,9330
AT1G08520,1922,2039,1331,2001,2405,1533
AT1G08530,975,794,709,986,1177,591
AT1G08540,949,1114,711,1081,1257,725
AT1G08543,13,10,4,9,14,26
AT1G08547,8,3,5,23,13,5
AT1G08550,494,441,362,1247,1486,803
AT1G08560,3117,3277,2256,860,881,509
AT1G08570,5387,5296,3936,10684,12218,6540
AT1G08577,1,2,4,2,4,4
AT1G08580,3968,4290,2950,2374,2734,2041
AT1G08590,8136,7140,5445,1356,2243,1678
AT1G08592,752,561,574,469,656,605
AT1G08593,0,3,0,14,3,0
AT1G08600,6174,6031,4054,4927,6129,4495
AT1G08610,502,414,323,264,304,249
AT1G08620,3241,3306,2148,3952,5054,3506
AT1G08630,18,15,17,73,75,27
AT1G08640,3010,3072,2254,3238,3610,2121
AT1G08643,107,144,114,100,119,50
AT1G08645,7,8,6,7,6,4
AT1G08647,2,2,3,3,2,1
AT1G08650,8606,8685,6550,9231,11989,7694
AT1G08657,221,262,223,210,273,102
AT1G08660,5604,5229,4694,3230,4887,3226
AT1G08670,1359,1310,1087,952,1241,615
AT1G08680,5044,4668,3658,5870,7667,4531
AT1G08687,31,34,34,45,48,15
AT1G08697,6,2,1,3,4,3
AT1G08700,3850,3870,2764,2431,3477,2882
AT1G08710,868,856,583,933,1183,737
AT1G08720,2470,2379,1722,3100,3334,2292
AT1G08723,4,5,3,3,4,4
AT1G08727,6,6,10,22,5,3
AT1G08730,319,358,184,140,145,168
AT1G08750,2238,1958,1457,1682,2146,1233
AT1G08753,8,3,2,2,9,5
AT1G08760,3661,3495,2190,2401,3013,2116
AT1G08765,15,29,23,17,29,13
AT1G08767,0,0,3,2,5,5
AT1G08770,2316,2081,1717,2985,3302,1754
AT1G08775,15,9,14,25,13,5
AT1G08780,4173,3492,2969,2865,4261,2135
AT1G08800,5789,5111,3719,3666,5754,3868
AT1G08810,18,7,16,8,0,7
AT1G08815,80,60,34,15,45,22
AT1G08820,6056,5784,4280,7115,9099,6289
AT1G08823,0,0,2,4,4,0
AT1G08825,265,279,166,257,234,330
AT1G08830,68384,62007,47917,49670,71265,35498
AT1G08833,3,3,2,2,3,0
AT1G08835,0,2,18,0,0,0
AT1G08840,1205,1107,730,1111,1178,992
AT1G08845,732,635,491,581,659,421
AT1G08847,0,4,9,0,5,0
AT1G08857,130,138,95,112,125,151
AT1G08860,11,12,0,58,83,44
AT1G08865,471,468,336,850,968,437
AT1G08875,77,65,39,28,27,16
AT1G08880,4977,5401,3367,4678,5299,3583
AT1G08890,3496,3180,2621,8260,10581,5961
AT1G08900,224,198,194,178,317,151
AT1G08903,4,4,6,12,5,2
AT1G08905,16,16,9,15,10,6
AT1G08910,2493,2496,2192,2274,2772,1933
AT1G08915,25,17,17,16,13,12
AT1G08920,3606,3590,2993,10087,12497,6909
AT1G08925,5,9,9,29,36,35
AT1G08930,16001,13246,12203,14507,25110,13227
AT1G08933,4,5,2,6,5,7
AT1G08937,52,33,26,44,38,25
AT1G08940,1437,1377,883,1339,1933,879
AT1G08945,3,8,13,34,28,28
AT1G08955,21,12,13,0,3,0
AT1G08957,306,234,152,494,525,350
AT1G08960,1739,1760,1137,1086,1513,1413
AT1G08970,3924,3473,2851,5722,6832,3628
AT1G08973,453,440,367,572,900,402
AT1G08975,1,6,4,0,9,3
AT1G08980,113,128,91,266,262,144
AT1G08990,3406,3491,2360,1451,2781,1683
AT1G09000,2495,2156,1843,1399,2008,1209
AT1G09005,23,8,8,13,35,16
AT1G09010,5350,5028,3840,5314,7136,5558
AT1G09015,19,38,12,10,35,13
AT1G09020,7864,7590,5063,5533,7270,4748
AT1G09023,161,179,208,146,111,38
AT1G09025,10,0,8,0,3,0
AT1G09027,470,460,384,517,522,283
AT1G09040,446,435,338,467,597,544
AT1G09045,58,57,39,39,77,47
AT1G09050,507,504,276,481,592,442
AT1G09053,26,24,8,30,31,11
AT1G09055,60,48,40,9,7,3
AT1G09060,2663,2499,1839,3271,3569,2768
AT1G09065,4,17,5,7,10,0
AT1G09070,5186,4879,3554,22637,28172,16817
AT1G09075,15,8,16,8,5,5
AT1G09080,16,12,20,10,14,9
AT1G09083,226,205,147,158,198,142
AT1G09087,142,116,108,120,163,90
AT1G09090,5040,4864,4369,1146,1719,1029
AT1G09100,5337,5442,3712,3862,5125,3469
AT1G09105,28,25,12,21,41,8
AT1G09130,5238,5190,3691,5857,7491,4539
AT1G09140,12474,11931,9696,13729,16903,8892
AT1G09150,6018,5508,4607,4999,6231,3409
AT1G09155,629,691,544,378,673,248
AT1G09157,4,6,0,14,30,15
AT1G09160,3537,3290,2518,1550,1922,1674
AT1G09165,33,32,42,18,23,15
AT1G09167,3,4,4,8,2,3
AT1G09170,1534,1598,1101,645,1258,780
AT1G09176,116,144,61,42,77,37
AT1G09180,35,26,29,129,187,86
AT1G09185,19,29,26,10,0,6
AT1G09190,277,325,191,156,207,139
AT1G09193,24,20,12,48,33,24
AT1G09195,886,696,541,519,690,391
AT1G09200,10942,10717,7892,6904,7531,4365
AT1G09205,2,3,6,3,17,0
AT1G09210,52927,50016,38275,21872,27814,18564
AT1G09220,108,129,95,47,53,63
AT1G09230,1827,1702,1388,1938,2424,1487
AT1G09235,82,107,66,202,260,152
AT1G09247,8,6,6,4,4,5
AT1G09250,3586,3120,2220,2009,2733,1929
AT1G09253,35,47,18,24,27,17
AT1G09257,2,1,0,5,19,0
AT1G09270,15678,14119,10119,10476,13798,8601
AT1G09280,2719,2456,1856,3663,4362,3580
AT1G09287,4,0,3,14,16,0
AT1G09290,1270,1179,1014,1225,1708,1311
AT1G09293,0,3,0,2,0,5
AT1G09297,6,4,9,13,10,10
AT1G09300,1198,1298,1030,1177,1296,1062
AT1G09310,84,164,66,178,142,108
AT1G09320,922,966,698,1245,1350,1015
AT1G09327,5,1,3,3,2,2
AT1G09330,7443,7027,5997,5632,7395,4225
AT1G09340,322,413,278,348,440,290
AT1G09350,483,488,370,260,384,192
AT1G09363,24,24,24,45,35,23
AT1G09370,0,5,0,4,5,4
AT1G09380,0,16,0,6,0,0
AT1G09383,4,5,4,6,5,3
AT1G09390,877,892,928,363,349,215
AT1G09400,30,0,14,0,13,6
AT1G09410,126,137,57,70,57,50
AT1G09415,164,294,227,328,392,213
AT1G09420,990,1087,809,639,819,498
AT1G09421,7,10,12,5,7,7
AT1G09427,4,4,6,11,10,15
AT1G09430,10348,9784,6851,7946,10175,5577
AT1G09440,824,888,552,1058,1091,737
AT1G09443,4,6,3,18,20,10
AT1G09447,0,0,11,0,8,0
AT1G09450,699,759,576,429,334,248
AT1G09453,11,4,2,12,17,14
AT1G09455,45,50,22,17,42,33
AT1G09460,5908,5219,5111,5282,6295,4264
AT1G09467,153,111,81,114,129,101
AT1G09470,525,497,373,132,179,93
AT1G09480,225,185,114,156,132,56
AT1G09486,554,443,370,347,413,220
AT1G09487,246,263,190,135,131,79
AT1G09490,1499,1312,1009,2679,3251,1932
AT1G09493,7,5,4,11,8,6
AT1G09495,20,34,20,27,18,6
AT1G09500,12,19,9,574,522,368
AT1G09513,1,0,2,2,4,1
AT1G09517,12,10,8,10,8,7
AT1G09520,968,979,652,1557,1564,1494
AT1G09523,1,3,2,2,4,4
AT1G09530,271,360,175,679,848,647
AT1G09533,165,113,96,86,89,91
AT1G09537,0,0,0,12,9,0
AT1G09540,1701,1642,1158,538,671,532
AT1G09543,31,20,19,16,21,21
AT1G09553,3,5,2,2,1,0
AT1G09560,42019,42768,37847,35640,57199,30783
AT1G09570,10885,9850,6266,7744,10718,9443
AT1G09573,0,10,6,2,0,2
AT1G09575,530,441,327,349,432,288
AT1G09580,3481,3384,2460,1905,2643,1868
AT1G09590,36028,37713,29138,22793,27898,17849
AT1G09600,390,349,214,134,183,209
AT1G09605,471,375,351,47,71,35
AT1G09610,255,208,180,279,331,166
AT1G09615,45,43,37,8,15,6
AT1G09620,13538,12625,8361,11784,13667,12714
AT1G09623,3,4,1,1,2,1
AT1G09627,16,15,14,9,13,15
AT1G09630,4099,3803,3000,2168,2718,1707
AT1G09640,37655,35337,27115,40894,47243,33567
AT1G09645,2717,2626,2070,2288,3400,1537
AT1G09650,51,77,66,47,36,53
AT1G09660,5795,5612,4341,2959,3628,2196
AT1G09677,3,3,2,1,3,3
AT1G09680,110,191,93,52,86,83
AT1G09685,114,92,71,65,82,51
AT1G09687,10,5,10,7,14,4
AT1G09690,52061,49167,38320,31417,37868,27311
AT1G09700,985,986,674,859,936,794
AT1G09710,566,573,405,904,1029,722
AT1G09715,15,17,10,4,5,3
AT1G09725,15,8,13,5,0,3
AT1G09727,6,3,6,3,3,6
AT1G09730,3834,3766,2456,4332,5287,3725
AT1G09740,8808,8154,5863,6497,9177,3772
AT1G09745,112,143,82,100,200,68
AT1G09750,1122,1624,1006,54,68,40
AT1G09753,10,4,13,21,23,13
AT1G09760,7168,6529,5055,6921,8107,4894
AT1G09765,3065,2724,2493,1894,2807,1312
AT1G09770,11722,10989,8554,14375,18997,15804
AT1G09780,58742,58049,38611,35624,44696,32145
AT1G09783,102,82,58,161,219,117
AT1G09787,52,45,37,4,9,7
AT1G09794,623,518,411,893,1086,425
AT1G09795,1451,1424,856,4351,4073,2914
AT1G09797,66,85,29,26,35,8
AT1G09800,849,926,611,587,589,486
AT1G09810,990,960,654,574,728,407
AT1G09812,270,226,240,13,20,7
AT1G09815,2808,2682,1972,1927,2187,1323
AT1G09817,2,8,3,7,20,8
AT1G09820,441,429,308,218,329,307
AT1G09823,10,13,5,8,10,6
AT1G09830,2241,2159,1319,1152,1172,1147
AT1G09835,8,5,11,4,6,9
AT1G09840,7964,7724,5756,4721,6132,4028
AT1G09850,4576,4901,3217,3015,4468,2925
AT1G09855,4,6,0,10,2,0
AT1G09860,27,15,21,16,26,13
AT1G09863,409,323,345,400,453,369
AT1G09865,3,6,3,3,5,0
AT1G09867,117,145,82,34,38,10
AT1G09870,5504,4940,3819,5433,7339,4366
AT1G09880,145,153,106,177,190,124
AT1G09885,8,3,0,14,15,5
AT1G09890,254,252,98,260,290,303
AT1G09897,16,12,11,12,12,10
AT1G09900,683,747,451,570,654,473
AT1G09905,23,13,14,23,3,3
AT1G09910,1172,1150,934,1259,1618,1305
AT1G09913,29,30,15,128,69,31
AT1G09915,886,765,685,485,545,372
AT1G09917,6,6,3,5,6,7
AT1G09920,4219,4289,3640,6487,7910,3434
AT1G09925,290,222,130,122,172,155
AT1G09927,71,119,55,49,15,52
AT1G09930,12,7,0,59,89,52
AT1G09932,235,221,189,1360,1815,1093
AT1G09940,1939,1935,1318,2545,3431,2207
AT1G09943,6,17,6,17,30,12
AT1G09945,116,173,87,59,31,11
AT1G09950,23,17,9,578,458,257
AT1G09960,1863,1953,1235,3056,3900,3178
AT1G09963,11,15,14,20,26,11
AT1G09970,29675,30178,21940,26424,38505,25479
AT1G09980,4303,4254,2996,2729,3707,2865
AT1G09985,128,119,74,14,30,21
AT1G09993,32,29,24,37,39,20
AT1G09995,958,876,681,773,971,501
AT1G10000,34,8,20,8,15,8
AT1G10020,2457,2164,1562,870,1144,892
AT1G10030,7323,6607,5273,3717,4850,3244
AT1G10040,826,740,602,319,433,333
AT1G10050,4288,4092,2779,2400,3611,2475
AT1G10060,13,0,0,0,10,0
AT1G10070,39,14,33,651,604,211
AT1G10090,3527,3631,2357,3481,5256,3011
AT1G10095,407,369,278,552,715,470
AT1G10110,43,39,27,8,31,26
AT1G10120,7811,6549,5836,3761,5444,3715
AT1G10130,10712,10004,7120,6327,8477,6392
AT1G10140,1760,1741,1514,1645,1929,710
AT1G10150,1209,1116,867,1144,1316,1037
AT1G10155,105,87,101,86,84,33
AT1G10160,958,907,660,453,740,615
AT1G10170,5427,5265,3202,22177,14778,12636
AT1G10180,2565,2506,1794,1731,2148,1945
AT1G10200,9802,9285,7232,5388,7594,4056
AT1G10210,1233,1070,863,847,1168,752
AT1G10220,160,99,97,67,96,28
AT1G10225,5,0,8,0,0,0
AT1G10230,755,633,535,540,532,445
AT1G10240,860,725,569,742,865,751
AT1G10270,1963,2337,1209,1137,1127,979
AT1G10280,976,900,596,707,980,739
AT1G10290,14615,14880,9770,10996,14570,10599
AT1G10300,369,378,261,218,249,265
AT1G10310,1227,1160,941,1190,1507,791
AT1G10320,1680,1710,1219,1528,2205,1240
AT1G10330,200,164,138,87,111,92
AT1G10340,64,38,45,28,27,27
AT1G10350,2158,2019,1679,1435,2181,1472
AT1G10360,285,372,229,704,868,367
AT1G10370,2529,3097,1483,14522,16148,7752
AT1G10380,5887,6133,4195,3215,4235,2395
AT1G10385,121,123,72,3,17,4
AT1G10390,11411,10959,8138,11017,14805,10010
AT1G10400,644,561,304,44,56,43
AT1G10410,6822,7155,5003,8041,10580,6011
AT1G10417,395,364,264,318,356,194
AT1G10430,4348,3946,2734,3368,4334,2915
AT1G10450,3338,3247,2135,3779,4903,3898
AT1G10460,292,250,174,173,176,140
AT1G10470,12342,11595,9593,8134,10460,6249
AT1G10480,360,247,205,1372,1356,626
AT1G10490,4912,4412,3094,3851,4258,3536
AT1G10500,2444,2541,1936,3723,5022,2495
AT1G10510,2031,2066,1231,2022,2378,1466
AT1G10520,453,367,292,262,365,220
AT1G10522,551,614,448,531,579,363
AT1G10530,732,806,594,698,1308,891
AT1G10540,29,20,23,30,25,30
AT1G10550,820,806,722,11,20,12
AT1G10560,1009,930,533,889,928,943
AT1G10570,2348,2243,1519,2345,2861,1682
AT1G10580,4055,3896,2627,4014,4774,3568
AT1G10590,13538,12781,9800,14812,17188,12206
AT1G10600,751,707,504,678,908,600
AT1G10610,340,308,222,500,587,434
AT1G10630,21582,20594,16241,15486,19873,12976
AT1G10640,144,125,77,20,38,30
AT1G10650,1718,1739,1210,2307,3508,1718
AT1G10657,7,21,12,0,13,8
AT1G10660,1542,1524,1002,1170,1754,1363
AT1G10670,41843,40209,27881,31684,39791,26510
AT1G10680,8,23,18,28,41,30
AT1G10682,24000,24521,15084,32041,38389,21862
AT1G10690,985,774,796,928,1631,925
AT1G10700,3649,3604,2524,3960,5141,3166
AT1G10710,41,21,28,32,17,0
AT1G10720,3536,3202,2382,2262,3255,2222
AT1G10730,986,987,754,731,971,592
AT1G10740,3137,3011,2232,3771,5401,2643
AT1G10750,665,631,429,231,301,228
AT1G10760,3539,3078,2078,5607,6349,5791
AT1G10770,7,10,6,12,28,6
AT1G10780,1159,1101,890,537,437,418
AT1G10790,89,121,41,46,47,20
AT1G10800,145,135,72,139,160,105
AT1G10810,1131,1003,768,344,551,271
AT1G10820,2780,2597,2007,1786,2424,1644
AT1G10830,991,958,752,1953,2212,1143
AT1G10840,15402,13791,11005,16209,18841,12868
AT1G10850,4102,3693,2688,2156,2993,2357
AT1G10865,2185,2114,1716,2671,3633,2051
AT1G10870,4275,3814,2800,2676,3677,2628
AT1G10890,5457,4809,4180,3824,5750,3192
AT1G10900,6481,6811,4404,4745,7062,4916
AT1G10910,1496,1345,1102,1165,1655,1051
AT1G10920,41,33,23,70,132,26
AT1G10930,1444,1397,1035,999,1132,841
AT1G10940,11224,11148,9608,9911,14856,7836
AT1G10950,29632,28179,20891,20608,26357,18842
AT1G10960,4303,5563,2670,3727,5442,3713
AT1G10970,762,740,499,936,1066,729
AT1G10990,430,346,246,163,324,255
AT1G11000,3724,3249,2110,2545,3584,3012
AT1G11020,1767,1529,1121,1939,2510,1824
AT1G11040,0,10,3,0,3,0
AT1G11050,1083,1130,847,1093,1552,1049
AT1G11060,2269,2154,1323,1962,2377,1801
AT1G11070,12,6,13,16,0,14
AT1G11080,271,664,413,212,165,63
AT1G11090,1032,1005,648,685,871,587
AT1G11100,1292,994,800,625,711,445
AT1G11112,10,5,0,3,16,0
AT1G11120,940,781,804,558,753,542
AT1G11125,65,79,67,36,55,37
AT1G11130,989,1020,635,436,411,432
AT1G11150,53,87,61,62,84,78
AT1G11160,1702,1821,1086,278,489,438
AT1G11170,562,581,489,748,1168,597
AT1G11175,587,419,365,777,1101,554
AT1G11180,407,305,326,466,688,355
AT1G11185,1128,1111,1045,454,613,337
AT1G11190,363,371,252,1039,1168,853
AT1G11200,2423,2228,1827,1984,2506,1574
AT1G11210,218,130,139,709,1122,495
AT1G11220,341,294,215,99,99,89
AT1G11240,4149,4065,2953,4368,4951,3490
AT1G11260,12692,12237,8501,4672,6023,3820
AT1G11265,1,3,1,5,4,2
AT1G11270,445,445,338,488,571,445
AT1G11280,2512,2509,1843,1374,1818,1337
AT1G11290,153,151,81,72,85,100
AT1G11300,145,99,93,116,103,112
AT1G11303,7,0,1,5,1,0
AT1G11310,12943,11701,8625,6317,10042,5952
AT1G11320,373,298,247,342,401,327
AT1G11330,78,82,46,847,908,710
AT1G11340,12,3,0,8,6,6
AT1G11350,337,320,295,246,313,256
AT1G11360,4780,4232,3346,3349,4234,2687
AT1G11362,3,3,3,13,6,5
AT1G11380,3258,2978,2916,2872,3473,1989
AT1G11390,3434,2981,1853,3362,3950,3567
AT1G11400,3064,2843,2162,4263,5195,3228
AT1G11410,59,80,44,239,199,111
AT1G11420,609,653,438,149,211,215
AT1G11430,2502,2612,1938,2369,2943,1796
AT1G11440,847,694,607,187,334,137
AT1G11450,1878,2394,1458,339,445,229
AT1G11460,125,103,122,44,37,15
AT1G11475,2857,2706,2721,2142,2804,1162
AT1G11480,9121,8710,6177,10725,14643,11843
AT1G11482,114,99,92,8,23,13
AT1G11490,168,151,94,39,83,56
AT1G11500,85,81,99,124,100,71
AT1G11530,237,151,169,86,178,62
AT1G11540,994,969,716,193,372,229
AT1G11545,13801,13279,9569,1430,2294,1722
AT1G11560,8,11,5,0,4,5
AT1G11570,210,206,166,223,226,139
AT1G11580,42452,37824,31425,9174,13489,7961
AT1G11592,2424,2201,1784,1608,2425,1550
AT1G11600,31,18,0,22,16,14
AT1G11630,958,900,699,747,989,782
AT1G11650,24722,23444,17548,26236,31660,17862
AT1G11655,321,451,296,11,29,32
AT1G11660,6351,6266,3799,4745,5875,4080
AT1G11670,18277,17014,11206,3711,6166,4740
AT1G11680,24579,20974,15583,10749,15799,11968
AT1G11684,15,15,9,5,0,0
AT1G11690,31,30,30,8,2,0
AT1G11700,639,553,337,759,812,375
AT1G11710,379,399,274,463,392,366
AT1G11720,1360,1206,759,1944,2156,2109
AT1G11730,65,97,63,24,36,10
AT1G11735,35,33,27,38,41,21
AT1G11740,1168,1111,884,222,312,158
AT1G11750,3379,2903,2329,3285,3827,2405
AT1G11755,812,726,561,814,920,666
AT1G11760,871,849,736,1278,1377,965
AT1G11780,1367,1278,887,1589,1961,1267
AT1G11785,0,0,0,11,0,0
AT1G11790,2768,2872,1889,3843,4782,2882
AT1G11800,670,663,466,430,515,337
AT1G11820,2357,2416,1472,2229,2140,1476
AT1G11840,37073,40050,28351,37137,46991,23187
AT1G11860,16831,17415,11225,6994,9847,6663
AT1G11870,1558,1512,1071,1494,1581,1266
AT1G11880,965,1016,750,923,1153,749
AT1G11890,7130,6319,4906,5173,6359,3974
AT1G11900,210,214,166,241,279,185
AT1G11905,3081,2586,2168,3233,4248,2766
AT1G11910,75061,74855,53528,80992,120859,58036
AT1G11915,240,238,172,189,150,108
AT1G11920,113,122,66,4,21,19
AT1G11930,2864,2577,1704,2347,2870,1947
AT1G11940,1118,1120,891,1071,1365,888
AT1G11950,737,674,419,723,671,705
AT1G11960,972,948,802,3218,4174,2370
AT1G11990,0,13,0,0,0,0
AT1G12000,40056,39083,26675,17419,21061,14673
AT1G12010,920,620,481,452,462,190
AT1G12013,13,24,25,11,13,7
AT1G12020,853,746,635,808,855,582
AT1G12030,0,3,6,8,13,7
AT1G12040,8172,10483,8484,1010,2587,1792
AT1G12050,5735,6088,4208,4837,6751,4980
AT1G12060,100,99,97,197,183,122
AT1G12064,16,16,5,3,3,7
AT1G12070,42,24,17,25,29,13
AT1G12080,26407,27885,21098,4658,6768,3328
AT1G12090,55129,51154,39257,9221,15106,9333
AT1G12100,28,36,29,9,20,11
AT1G12110,35319,39082,24002,19476,34037,17562
AT1G12120,4517,4099,3065,3673,5186,3459
AT1G12130,10,19,2,55,61,45
AT1G12140,3311,3770,2269,2179,3127,1957
AT1G12150,508,573,394,105,194,129
AT1G12160,2413,2251,1466,1566,1929,1974
AT1G12200,1603,2120,1192,5020,5705,3913
AT1G12210,415,421,269,521,682,436
AT1G12211,19,43,24,101,34,26
AT1G12220,356,346,273,299,386,335
AT1G12230,15194,13323,10581,11316,15261,9383
AT1G12240,18626,17759,12698,9115,15541,8784
AT1G12244,285,244,210,293,424,237
AT1G12250,174,204,151,410,558,280
AT1G12260,739,734,435,874,727,700
AT1G12270,6343,6616,4412,4377,4976,4116
AT1G12280,299,282,261,254,322,172
AT1G12290,450,442,328,283,516,219
AT1G12300,377,370,215,187,222,232
AT1G12310,17500,15526,11941,9868,12499,7070
AT1G12320,2962,2274,2018,1941,2141,962
AT1G12330,168,164,133,36,84,29
AT1G12340,54,111,127,48,254,0
AT1G12350,2100,1984,1540,2251,2900,1510
AT1G12360,11661,10790,8537,13380,18842,11296
AT1G12370,1977,2030,1181,2151,2455,1599
AT1G12380,782,763,600,450,516,372
AT1G12390,3126,2620,2040,3219,4141,2339
AT1G12400,1088,1016,849,736,1024,621
AT1G12410,4397,4603,3214,5603,6751,4056
AT1G12420,1762,1665,1225,1378,1652,1176
AT1G12430,1175,1242,846,644,758,605
AT1G12440,5688,5034,3973,2695,3698,2058
AT1G12450,1385,1211,892,798,1046,625
AT1G12460,918,865,572,212,315,253
AT1G12470,5771,5723,4075,5224,6239,3854
AT1G12480,4,0,1,16,2,0
AT1G12500,5031,4755,3572,1803,2294,1417
AT1G12520,5602,5163,3797,5533,7189,4158
AT1G12530,2082,1997,1562,878,1470,733
AT1G12550,715,657,564,58,176,96
AT1G12560,10935,10848,7175,4509,9691,6513
AT1G12570,4,0,0,0,6,0
AT1G12580,4878,4645,3533,5218,6813,4012
AT1G12600,222,190,123,100,161,119
AT1G12610,0,0,0,23,11,13
AT1G12620,509,513,320,332,393,368
AT1G12630,8,16,7,3,3,3
AT1G12640,7882,7747,5734,8312,11010,7061
AT1G12650,3250,3223,2352,4229,5486,3861
AT1G12663,30,15,15,0,7,2
AT1G12670,0,3,3,3,3,0
AT1G12680,2243,2071,1699,2207,2559,1538
AT1G12700,327,286,157,211,252,181
AT1G12710,1478,1299,1000,1215,1639,1228
AT1G12730,952,893,733,721,933,606
AT1G12740,7049,6831,4400,1430,2026,1802
AT1G12750,1056,1074,901,844,1200,686
AT1G12760,8108,7975,6116,8535,11033,6029
AT1G12770,1221,1206,778,1012,1258,1034
AT1G12775,256,239,168,102,146,114
AT1G12780,3193,3007,2153,2957,3113,1958
AT1G12790,329,315,230,428,445,275
AT1G12800,1388,1496,836,1394,1595,1333
AT1G12805,29,21,14,5,23,8
AT1G12810,4838,4440,3823,4633,5989,3091
AT1G12820,4540,3893,2873,3099,3551,2750
AT1G12830,103,118,96,100,108,71
AT1G12840,34258,32083,24095,24987,32463,20537
AT1G12845,594,667,574,398,930,533
AT1G12850,6575,6094,4438,3602,4811,3775
AT1G12860,144,76,70,46,53,39
AT1G12880,479,462,389,285,429,147
AT1G12890,3,3,3,5,5,0
AT1G12900,16,43,14,39,34,14
AT1G12910,3975,3742,2532,5598,6817,5401
AT1G12920,9999,9494,6074,8511,10407,8275
AT1G12930,2632,2488,1765,2235,2596,2307
AT1G12940,5,7,0,6,28,31
AT1G12950,3643,4086,2814,2175,3953,2845
AT1G12970,1739,1685,1376,1570,2123,1337
AT1G12990,2661,2457,1712,1241,1616,1086
AT1G13000,4576,4241,3281,2344,3557,2755
AT1G13020,5984,5325,3933,4557,6089,4063
AT1G13030,1060,995,683,632,656,663
AT1G13040,467,476,209,229,328,418
AT1G13050,870,882,669,940,926,687
AT1G13060,22058,22835,17072,22354,27796,14839
AT1G13070,3,3,0,8,6,5
AT1G13080,1578,1509,960,1139,2133,886
AT1G13090,575,641,418,437,702,342
AT1G13100,1075,924,707,490,807,341
AT1G13110,2769,2312,2275,219,524,259
AT1G13120,2533,2448,1782,1936,2311,1520
AT1G13130,48,59,35,301,234,140
AT1G13140,0,14,6,20,29,17
AT1G13143,51,42,25,42,53,52
AT1G13145,334,352,252,352,463,250
AT1G13160,5080,5279,2826,3528,4399,4479
AT1G13170,5577,5448,3661,3562,4704,4107
AT1G13180,2198,2170,1548,1182,1379,1061
AT1G13190,3837,3512,2319,4013,5254,4197
AT1G13195,2290,2564,1713,3875,5091,2809
AT1G13200,6,7,0,0,8,0
AT1G13210,10276,10054,7912,3598,5822,3978
AT1G13220,2346,2040,1481,1871,2360,1560
AT1G13230,11,24,9,10,14,6
AT1G13245,958,1002,894,1001,1447,690
AT1G13250,746,1096,668,147,205,157
AT1G13260,3689,3777,2778,2791,3000,2002
AT1G13270,855,864,588,1038,994,722
AT1G13280,9784,8426,7669,4001,5735,4035
AT1G13300,7777,7402,6856,1246,1845,995
AT1G13310,13,14,16,84,54,40
AT1G13320,10292,9299,6338,7997,10549,7345
AT1G13330,291,308,285,196,246,157
AT1G13340,94,38,73,316,354,222
AT1G13350,3113,3157,2286,2825,3784,2402
AT1G13360,3639,4019,2487,8420,10340,5429
AT1G13370,18,18,0,175,57,24
AT1G13380,2379,2324,1681,1996,2621,1833
AT1G13390,2990,2833,2637,5092,5601,2541
AT1G13410,271,266,217,135,171,161
AT1G13420,18267,16301,14573,883,984,548
AT1G13430,457,459,359,164,317,197
AT1G13440,159411,171261,122916,101131,129459,84432
AT1G13448,13,22,11,12,41,14
AT1G13450,3168,2919,2411,3524,4596,3154
AT1G13460,2009,1732,1233,1242,2038,1305
AT1G13480,230,171,100,83,96,71
AT1G13500,304,268,230,69,134,43
AT1G13510,795,734,543,81,247,171
AT1G13520,125,74,58,61,168,58
AT1G13530,1018,932,636,667,1186,797
AT1G13540,148,146,80,14,28,20
AT1G13550,124,112,79,26,71,26
AT1G13560,8846,8252,5814,7578,9378,7099
AT1G13570,2410,1999,1575,1787,2630,1815
AT1G13580,3823,3478,2632,1248,1832,1194
AT1G13590,2642,2553,2074,1159,2120,1040
AT1G13600,526,485,392,1365,1530,716
AT1G13610,59,39,23,72,57,29
AT1G13620,262,267,135,32,59,28
AT1G13630,274,306,189,198,156,137
AT1G13635,981,996,532,905,995,626
AT1G13640,4140,3989,2987,2520,3302,2568
AT1G13670,3406,2957,1921,1948,3038,1643
AT1G13680,0,9,0,0,3,0
AT1G13690,1799,1759,1173,1255,1761,1308
AT1G13700,357,315,304,705,878,321
AT1G13710,0,7,10,0,0,6
AT1G13730,7244,7214,4973,6096,7236,6908
AT1G13740,836,802,586,2168,1991,1237
AT1G13750,1778,1745,1097,1018,1459,1192
AT1G13770,1515,1428,1049,1002,1236,982
AT1G13780,642,731,455,984,1184,880
AT1G13790,18,19,13,14,17,12
AT1G13800,281,249,183,128,157,119
AT1G13810,795,799,549,779,778,626
AT1G13820,432,406,315,544,593,354
AT1G13825,15,14,21,20,13,5
AT1G13830,2101,2508,1939,1050,1899,771
AT1G13860,2001,1896,1391,767,1089,709
AT1G13870,1578,1465,1154,1611,2001,1091
AT1G13880,1861,1789,1264,1825,2247,1225
AT1G13900,3902,3776,2670,2405,3130,2171
AT1G13910,720,636,577,489,697,324
AT1G13920,447,492,373,630,785,428
AT1G13930,28579,32197,19864,21954,29921,12089
AT1G13940,1328,1319,905,893,1342,1066
AT1G13950,3775,3311,2659,2599,3687,1703
AT1G13960,3238,2999,2146,4273,5430,3404
AT1G13970,1718,1883,1296,951,1369,877
AT1G13980,6066,5596,3831,5046,6455,5163
AT1G13990,2475,2434,1724,7545,8806,4425
AT1G14000,8289,7665,5323,8607,11682,7615
AT1G14010,8048,7502,6105,4953,7093,3834
AT1G14020,3955,3870,2804,2097,2968,2303
AT1G14030,210,252,201,141,204,164
AT1G14040,3059,3178,2100,2609,4034,2399
AT1G14060,2897,2922,1914,1362,1660,1248
AT1G14071,21,15,10,19,20,52
AT1G14080,4032,3390,2272,1418,2646,2081
AT1G14090,452,480,297,517,454,463
AT1G14120,827,1070,931,67,227,125
AT1G14130,1236,1229,916,988,1301,747
AT1G14140,1707,1467,1155,1882,2572,1687
AT1G14150,35,18,23,31,87,28
AT1G14160,2926,3335,2858,582,809,505
AT1G14170,6036,5788,3987,2299,3773,2267
AT1G14180,685,644,426,366,431,321
AT1G14182,24,24,23,5,15,13
AT1G14185,1012,1000,824,72,225,85
AT1G14190,633,661,497,133,117,65
AT1G14200,2639,2121,2001,1037,1774,944
AT1G14205,109,132,80,61,96,60
AT1G14210,7295,6562,5051,1048,1468,860
AT1G14220,3382,2646,2124,873,1313,895
AT1G14230,5102,4623,2898,3687,4587,3446
AT1G14240,3885,3281,3205,2091,2721,1949
AT1G14250,0,48,51,52,70,34
AT1G14260,156,123,82,33,25,33
AT1G14270,297,397,214,230,324,160
AT1G14280,637,491,399,55,108,71
AT1G14290,9291,8195,6898,5690,8359,4867
AT1G14300,2525,2703,1880,2078,2281,2127
AT1G14310,922,845,707,717,991,529
AT1G14320,114106,113871,84738,83298,94564,65415
AT1G14330,3012,2597,2068,2516,3234,1789
AT1G14340,1120,1368,1025,1360,1617,819
AT1G14345,114,135,99,129,207,70
AT1G14350,2003,2028,1438,1161,1252,720
AT1G14360,5982,5352,4355,1690,1954,1460
AT1G14370,1403,1387,1103,1520,2445,1005
AT1G14380,5264,4819,4058,2996,4234,2640
AT1G14390,1696,1595,1101,303,542,493
AT1G14400,22076,19187,16817,19762,26799,13182
AT1G14410,1322,1368,1141,989,1080,782
AT1G14430,85,97,71,81,97,73
AT1G14440,33,9,11,3,10,0
AT1G14450,12512,12920,9460,11414,14191,6750
AT1G14453,247,315,237,309,343,144
AT1G14455,14,8,5,2,7,10
AT1G14460,1859,1706,1074,967,1238,1233
AT1G14470,48,81,19,21,29,55
AT1G14480,244,202,206,976,1021,569
AT1G14490,34,19,22,29,23,29
AT1G14500,187,143,114,31,79,80
AT1G14510,5241,4709,3539,4681,5627,3996
AT1G14518,0,0,0,22,7,4
AT1G14520,173,97,95,5893,6135,2849
AT1G14530,2251,1993,1635,3050,3827,2042
AT1G14540,3966,4137,2159,3231,6132,2985
AT1G14550,968,960,528,441,928,385
AT1G14560,2790,2513,1713,1660,2551,1840
AT1G14570,9224,8562,5615,7493,9078,6507
AT1G14580,1750,1673,1198,929,1665,1026
AT1G14590,508,470,434,820,876,637
AT1G14600,108,102,59,62,115,40
AT1G14610,15259,14926,9717,10840,13791,11949
AT1G14620,4365,4766,3823,4434,5153,3587
AT1G14630,13,11,10,3,0,0
AT1G14640,43,53,53,51,52,65
AT1G14642,2,1,7,7,4,2
AT1G14650,6828,6798,4429,6799,8471,6365
AT1G14660,486,405,318,383,570,407
AT1G14670,34198,32131,23303,26416,35390,31554
AT1G14680,57,78,29,66,77,61
AT1G14685,5766,5077,4188,6128,7766,5112
AT1G14686,5,7,3,20,21,7
AT1G14690,2943,2998,2435,2456,3523,2556
AT1G14700,95,129,90,185,227,116
AT1G14710,8886,8751,6172,6181,8139,6835
AT1G14720,1311,1355,1264,1461,1659,770
AT1G14730,3154,3436,2537,22952,25124,12385
AT1G14740,6300,5880,4146,7257,11100,7039
AT1G14750,553,540,378,186,285,217
AT1G14770,531,424,291,265,314,171
AT1G14780,1220,1250,897,924,1473,982
AT1G14790,195,142,108,165,208,147
AT1G14810,9378,9193,5905,9120,9860,8120
AT1G14820,1417,1187,962,1071,1528,961
AT1G14830,19182,18866,13589,15164,18452,13208
AT1G14840,737,704,525,423,535,416
AT1G14850,5497,5038,3458,6039,6397,5910
AT1G14860,4742,4580,3690,6186,7706,3618
AT1G14870,27950,24800,19533,22274,34210,13186
AT1G14890,910,772,621,2012,2111,1250
AT1G14900,5980,5282,4032,4257,4860,3405
AT1G14910,5223,5366,4098,5166,6308,4534
AT1G14920,2447,2324,1703,1450,1851,1900
AT1G14930,0,0,0,8,11,0
AT1G14960,6485,6075,6908,426,548,214
AT1G14970,2427,2175,2055,1202,1733,1299
AT1G14980,20587,20477,14762,8008,9098,5180
AT1G14990,1590,1720,1360,1348,1892,1039
AT1G15000,863,905,609,527,694,573
AT1G15002,225,247,171,114,124,78
AT1G15010,40,45,29,473,519,245
AT1G15020,3982,3622,2844,4208,5566,4039
AT1G15030,2925,2543,2093,3374,4200,2725
AT1G15040,1240,1230,1065,636,869,425
AT1G15050,18,34,19,39,53,28
AT1G15060,2100,2302,1547,2632,3565,2480
AT1G15080,325,349,253,308,315,215
AT1G15100,10079,9401,7346,8779,10947,6698
AT1G15110,11363,10169,8441,13276,16650,9825
AT1G15120,26435,23094,19429,19663,25920,10137
AT1G15125,36,41,28,97,70,39
AT1G15130,12235,11484,9219,10706,15421,9048
AT1G15140,2572,2766,1811,2198,2616,1722
AT1G15150,6,0,3,1,0,0
AT1G15160,23,26,10,39,43,23
AT1G15165,161,165,90,169,223,153
AT1G15170,1671,1676,1047,2344,2524,1835
AT1G15175,66,53,33,18,59,21
AT1G15180,498,409,267,314,396,260
AT1G15190,95,63,63,26,62,43
AT1G15200,6825,6991,5976,7697,10514,5456
AT1G15210,37561,35551,26305,5744,7203,4858
AT1G15215,985,976,767,726,977,709
AT1G15220,565,554,453,570,727,472
AT1G15230,2251,2278,1899,4913,5568,3122
AT1G15240,5758,5477,3673,6461,7977,5287
AT1G15250,1979,2186,1749,1854,2250,1717
AT1G15260,16,21,3,11,19,3
AT1G15270,15700,14883,11834,12811,17810,6719
AT1G15280,6422,5954,3978,5902,6828,5054
AT1G15290,2667,2694,1766,1486,2122,1629
AT1G15300,334,339,233,288,306,277
AT1G15310,739,822,633,1350,1389,779
AT1G15320,51,57,38,104,83,56
AT1G15330,92,46,100,1342,874,651
AT1G15340,5032,4457,3444,6711,9474,5374
AT1G15350,8331,7597,6325,7805,11430,5706
AT1G15370,5699,5285,4795,4922,6256,2942
AT1G15380,7479,7359,6826,2189,1656,725
AT1G15385,119,194,114,254,317,260
AT1G15390,1886,1851,1232,1563,1931,1650
AT1G15400,5978,5682,4561,4710,7054,3788
AT1G15405,201,158,148,394,319,76
AT1G15410,2224,2194,1659,1734,2189,1330
AT1G15415,59,51,58,485,700,378
AT1G15420,3764,3679,2622,3466,3711,3090
AT1G15430,1354,1346,885,2588,2804,1866
AT1G15440,5567,5595,3259,6095,5490,5739
AT1G15460,959,1005,523,443,804,463
AT1G15470,3897,3695,2639,2782,3691,2170
AT1G15480,1709,1747,1181,975,1155,909
AT1G15490,3123,2630,2012,1475,1946,1532
AT1G15500,17027,16226,10663,10491,12912,10762
AT1G15510,230,214,122,77,147,134
AT1G15520,247,172,97,1839,1876,1402
AT1G15530,1266,1236,865,770,1233,863
AT1G15540,3,7,10,7,0,0
AT1G15550,1633,1596,1182,213,399,235
AT1G15560,9,13,3,6,4,7
AT1G15570,1801,1773,1480,1127,1262,1122
AT1G15580,66,39,26,115,151,60
AT1G15600,0,2,7,3,3,0
AT1G15620,0,6,0,6,0,0
AT1G15625,446,418,211,139,272,118
AT1G15630,151,103,82,7,34,27
AT1G15640,185,237,186,87,175,76
AT1G15660,2322,2247,1630,1518,1591,1057
AT1G15670,5332,4109,3624,3436,5170,2952
AT1G15690,90499,86892,55373,66084,83084,69954
AT1G15700,616,589,459,544,591,463
AT1G15710,1608,1508,962,1060,1393,1079
AT1G15720,418,446,318,578,559,499
AT1G15730,471,412,311,444,431,269
AT1G15740,4725,4539,3146,4976,7106,3559
AT1G15750,19577,18281,13275,14103,17511,12578
AT1G15760,664,607,463,157,229,202
AT1G15772,22,8,34,13,24,13
AT1G15780,5202,4948,3345,4403,5696,4282
AT1G15790,140,135,119,128,181,99
AT1G15800,535,511,410,955,1168,578
AT1G15810,5229,5227,3624,3162,3828,3209
AT1G15820,1803,2394,1545,629,772,447
AT1G15825,4,5,7,7,4,0
AT1G15830,12,13,9,5,5,2
AT1G15860,4426,4398,3127,5460,6360,3186
AT1G15870,341,315,269,140,159,103
AT1G15880,4413,3994,3501,5152,6774,4067
AT1G15885,158,206,173,261,347,167
AT1G15890,217,209,151,63,87,68
AT1G15900,172,147,81,141,249,91
AT1G15910,1986,1843,1333,1647,2047,1667
AT1G15920,2037,1911,1307,2368,2935,1781
AT1G15930,40712,38913,28052,35750,39668,28715
AT1G15940,2347,2398,1807,2086,2431,1753
AT1G15950,18963,19067,12600,14523,18991,11873
AT1G15960,68,133,138,1738,1890,866
AT1G15970,1917,1900,1404,1627,1791,1248
AT1G15980,24,15,8,34,54,18
AT1G16000,4284,4480,3543,2423,3107,2455
AT1G16010,4910,4724,2947,5230,6787,4810
AT1G16020,2292,2144,1640,1659,2094,1661
AT1G16022,742,785,610,524,626,288
AT1G16025,48,35,23,29,33,12
AT1G16030,549,481,356,661,669,551
AT1G16040,2546,2616,2040,2050,2696,2062
AT1G16060,1582,1704,1287,2309,2680,1414
AT1G16070,240,319,175,79,45,25
AT1G16080,828,912,556,906,1045,722
AT1G16090,121,126,69,230,215,135
AT1G16110,137,100,61,90,201,81
AT1G16120,126,181,140,179,369,203
AT1G16130,76,75,79,251,332,223
AT1G16140,48,86,38,32,76,30
AT1G16150,254,271,144,97,173,102
AT1G16160,300,233,152,100,223,172
AT1G16170,3461,3234,2858,1428,1773,1008
AT1G16180,25619,23410,18669,21687,31519,15346
AT1G16190,5796,5574,3882,4425,5036,3592
AT1G16210,4908,5139,3726,6841,9215,4670
AT1G16220,734,827,662,299,396,195
AT1G16225,21,45,32,13,24,11
AT1G16230,26,17,14,0,0,0
AT1G16240,6561,6032,4986,7585,9815,5524
AT1G16250,1235,1074,776,1349,1451,1167
AT1G16260,26,43,29,21,13,3
AT1G16270,4881,5090,3020,4191,4911,4486
AT1G16280,1703,1593,1201,1420,1656,1016
AT1G16290,0,16,0,0,16,0
AT1G16300,4305,4692,3145,5851,7173,6115
AT1G16310,1083,1331,745,2349,2724,1382
AT1G16320,779,691,519,2440,2892,1524
AT1G16330,784,840,569,294,294,212
AT1G16340,2632,2363,1611,2141,2780,1776
AT1G16350,12506,13668,8769,7396,9297,6833
AT1G16360,84,68,45,61,54,37
AT1G16370,3882,3631,3370,1313,2146,1265
AT1G16390,1540,1481,1239,3,5,3
AT1G16400,754,1693,791,7,14,6
AT1G16420,99,159,72,0,0,6
AT1G16430,568,554,422,600,658,458
AT1G16440,1436,1412,864,125,271,229
AT1G16445,234,285,205,185,288,207
AT1G16460,3848,3485,2764,3101,3713,2560
AT1G16470,13483,12544,9692,9929,12684,7708
AT1G16480,398,414,289,221,270,253
AT1G16489,177,207,136,213,218,134
AT1G16490,156,146,141,35,33,29
AT1G16500,471,483,391,613,571,295
AT1G16510,264,267,258,1548,1488,749
AT1G16515,42,47,42,182,222,104
AT1G16520,2431,2311,1828,3482,3686,2079
AT1G16530,21,34,26,35,40,23
AT1G16540,2942,2838,1955,3746,4856,2856
AT1G16550,656,727,314,701,742,710
AT1G16560,13230,12452,9742,10147,13137,8592
AT1G16570,2875,2767,1930,2848,3464,2594
AT1G16590,350,339,209,303,398,281
AT1G16610,7776,7846,5811,7002,7949,5064
AT1G16620,2,10,5,3,9,3
AT1G16630,1767,1829,1185,181,277,134
AT1G16635,98,91,83,31,34,29
AT1G16640,92,82,85,43,50,29
AT1G16650,1102,987,764,1203,1202,868
AT1G16660,2,4,1,3,4,2
AT1G16670,1416,1353,1049,1431,2188,1030
AT1G16680,2057,2032,1592,1678,2175,1686
AT1G16690,1106,945,758,923,1142,650
AT1G16700,13783,13273,9662,11808,15759,7897
AT1G16705,46,65,29,48,32,25
AT1G16710,3030,2927,2079,2715,3491,3114
AT1G16720,2721,3320,1759,3111,4494,3024
AT1G16730,9,4,6,30,24,26
AT1G16740,4060,3952,2947,3472,4416,2115
AT1G16750,17,23,8,5,6,0
AT1G16780,609,806,401,410,484,358
AT1G16790,196,242,184,385,326,119
AT1G16800,1545,1604,1017,1070,1361,1037
AT1G16810,4821,4523,3807,5388,7267,4076
AT1G16820,291,301,203,278,329,157
AT1G16825,429,412,331,540,711,351
AT1G16830,385,330,200,247,278,231
AT1G16840,5172,5072,3959,8091,10372,5624
AT1G16850,659,679,444,26611,27821,11805
AT1G16860,12301,11561,7892,8882,10693,7372
AT1G16870,5584,5148,3435,4255,4620,3878
AT1G16880,4070,4183,2792,3098,3982,1973
AT1G16890,14947,14554,12043,15364,20500,10483
AT1G16900,4560,4230,3202,3651,4230,3085
AT1G16905,467,475,264,399,424,578
AT1G16916,1180,971,786,1106,1388,682
AT1G16920,7342,6382,4508,4009,5153,3971
AT1G16930,1549,1429,1074,794,1213,763
AT1G16970,2433,2408,1738,1621,2222,1505
AT1G17020,125,152,78,1260,1555,847
AT1G17030,11,30,35,70,69,88
AT1G17040,747,677,527,1571,1591,944
AT1G17050,3731,3492,2212,7432,9056,5048
AT1G17060,4344,4036,2583,5179,6367,3532
AT1G17065,32,23,21,60,76,19
AT1G17070,1806,1880,1214,1742,1965,1629
AT1G17080,9639,8662,7276,11017,14658,7104
AT1G17090,794,677,489,735,895,418
AT1G17100,202,256,136,386,489,263
AT1G17110,5363,5109,3770,4346,5594,4225
AT1G17120,3566,3426,2447,2325,3018,2338
AT1G17130,5418,5329,4038,5133,6112,3969
AT1G17140,793,757,659,263,421,218
AT1G17145,1957,1741,1642,2245,2929,1423
AT1G17147,1469,1315,1004,1158,1563,638
AT1G17160,2688,2364,1682,1313,1928,1203
AT1G17170,53799,50179,37576,71617,94158,48691
AT1G17180,53629,48961,32133,37578,54138,31770
AT1G17190,20125,16875,15583,6347,8811,5309
AT1G17200,38,20,19,55,64,43
AT1G17210,7821,7301,4761,8095,9891,8715
AT1G17220,1643,1834,982,1679,2036,1449
AT1G17230,166,198,154,38,67,5
AT1G17232,319,196,209,222,212,270
AT1G17235,165,123,97,142,190,143
AT1G17240,37,42,20,27,19,15
AT1G17250,79,84,51,45,44,60
AT1G17255,297,279,177,166,231,198
AT1G17260,181,217,148,125,211,155
AT1G17270,944,917,721,550,616,516
AT1G17280,5105,4681,3889,7737,9697,5211
AT1G17285,2538,2052,1915,4729,6697,3420
AT1G17290,17466,17297,10961,16770,21111,14386
AT1G17300,2677,2467,2271,709,1123,455
AT1G17310,39,35,18,268,272,150
AT1G17330,1547,1442,1214,1716,2328,1125
AT1G17340,4335,4052,3172,4295,5771,3414
AT1G17345,50,46,42,18,19,16
AT1G17350,2180,2051,1549,2451,2681,2000
AT1G17360,3596,3229,2275,2790,3526,2433
AT1G17370,6283,5980,4308,6148,7524,4622
AT1G17380,40,35,17,318,254,137
AT1G17400,74,41,37,114,118,66
AT1G17410,769,674,606,1039,1355,941
AT1G17420,0,13,0,33,64,31
AT1G17430,2413,2308,1799,818,1385,689
AT1G17440,3340,3115,2302,2720,3728,2513
AT1G17450,2225,2164,1407,1732,2028,1341
AT1G17455,1400,1354,921,1454,1968,1116
AT1G17460,293,302,206,302,241,239
AT1G17470,7443,7338,5055,6176,7886,6105
AT1G17480,249,263,147,102,131,94
AT1G17490,852,812,618,1179,1662,833
AT1G17500,8670,8595,5331,4950,7061,6052
AT1G17510,1858,1768,1323,1687,2133,1186
AT1G17520,1526,1376,1129,2626,3478,2210
AT1G17530,2430,2435,1712,3373,4115,3087
AT1G17540,0,13,7,8,20,10
AT1G17550,4265,4129,2996,5652,6735,4520
AT1G17560,1212,1158,965,446,518,418
AT1G17580,3498,3408,2480,3371,3867,2352
AT1G17590,581,619,542,233,380,237
AT1G17610,3,6,8,3,0,5
AT1G17620,12391,12454,10167,7018,8388,5577
AT1G17630,247,266,180,120,169,118
AT1G17640,574,579,479,622,663,436
AT1G17650,540,538,383,615,646,430
AT1G17665,277,227,223,707,781,523
AT1G17680,2177,2038,1530,2435,3063,2160
AT1G17690,4058,3766,2665,4067,4676,3585
AT1G17700,16,12,8,25,23,8
AT1G17710,8,5,0,710,753,344
AT1G17720,14541,13744,10417,11373,14224,8732
AT1G17730,3902,3431,2628,3139,3996,1992
AT1G17744,48,56,21,60,72,72
AT1G17745,22920,23832,15231,25752,35853,26501
AT1G17750,833,889,614,1188,1254,802
AT1G17760,2538,2481,1698,2631,2999,2074
AT1G17780,865,785,653,861,1104,628
AT1G17790,889,903,682,1028,1246,898
AT1G17820,454,285,134,144,443,372
AT1G17830,37,43,45,194,360,137
AT1G17840,7,11,31,68,63,39
AT1G17850,915,902,696,860,959,743
AT1G17860,37086,33663,25057,22212,37517,21084
AT1G17870,384,354,289,638,629,398
AT1G17880,22203,21933,16558,18218,21291,13628
AT1G17890,14035,12730,8505,8602,11592,7477
AT1G17920,374,332,198,141,178,165
AT1G17930,958,944,676,1193,1290,937
AT1G17940,1172,942,750,2246,2253,1163
AT1G17950,109,132,114,634,555,262
AT1G17960,368,341,254,370,507,236
AT1G17970,2069,1919,1555,799,1154,596
AT1G17980,2493,2315,1682,2120,2725,1936
AT1G17990,38,39,41,89,186,63
AT1G18000,383,402,293,165,252,251
AT1G18010,399,411,304,186,265,262
AT1G18020,41,39,40,91,175,64
AT1G18030,937,843,757,821,1018,642
AT1G18040,1741,1525,1049,1343,1354,867
AT1G18060,520,582,386,436,493,333
AT1G18070,16205,15914,9859,14670,17579,12619
AT1G18075,85,85,50,8,20,20
AT1G18080,74383,72998,54967,54852,64462,48219
AT1G18090,526,455,349,115,145,112
AT1G18100,973,999,824,7736,9197,4855
AT1G18120,0,0,0,2,10,0
AT1G18140,6410,7240,5543,1630,2206,1532
AT1G18150,10079,10054,6633,5237,7258,5100
AT1G18160,6679,6210,4412,4868,6141,4908
AT1G18170,290,259,221,259,371,179
AT1G18180,845,794,722,1171,1403,921
AT1G18190,2795,2510,2010,2442,3082,2146
AT1G18193,108,99,69,39,52,33
AT1G18197,0,0,6,6,9,3
AT1G18200,316,320,353,428,570,211
AT1G18210,8935,8403,5882,13560,15050,7811
AT1G18240,1,4,3,1,4,3
AT1G18250,1858,1880,1593,324,372,254
AT1G18260,7424,6803,5256,7695,9518,5864
AT1G18265,194,180,129,276,474,348
AT1G18270,15260,14832,10131,8246,11343,7337
AT1G18280,131,96,75,16,25,0
AT1G18290,433,531,414,334,314,159
AT1G18300,256,341,266,858,1054,621
AT1G18320,484,477,332,241,203,179
AT1G18330,2579,2084,1796,2667,3380,2506
AT1G18335,1056,1018,765,1223,1586,1158
AT1G18340,1874,1813,1192,1159,1472,1148
AT1G18360,1171,1065,889,793,883,612
AT1G18370,1797,1860,1034,215,257,281
AT1G18382,8,8,5,13,20,16
AT1G18390,2708,2254,1852,1635,2878,1398
AT1G18400,8,38,27,28,29,24
AT1G18410,99,114,58,18,32,35
AT1G18415,1239,1284,931,812,1010,776
AT1G18420,1847,1970,1156,313,590,397
AT1G18430,26,38,27,7,9,8
AT1G18440,1038,1018,854,1192,1369,755
AT1G18450,5868,5482,3976,5668,6468,4345
AT1G18460,2700,2762,1993,4062,4370,2136
AT1G18470,5814,5423,3989,6523,8806,4482
AT1G18480,2855,2923,1947,2729,3363,2472
AT1G18485,170,164,104,116,217,130
AT1G18490,1798,1676,1504,1421,1820,1050
AT1G18500,5868,5892,4187,4797,5187,4165
AT1G18540,53087,52769,36978,32875,41008,25408
AT1G18550,466,524,416,130,153,103
AT1G18560,453,507,325,382,465,330
AT1G18570,441,513,334,1715,2410,1585
AT1G18580,3333,3067,2202,2036,2890,2466
AT1G18590,989,1348,744,390,523,302
AT1G18600,2040,2056,1367,1483,1750,1263
AT1G18610,1088,978,713,1122,1200,904
AT1G18620,2466,2244,1946,2033,3012,1907
AT1G18630,2075,1886,1291,1148,1375,681
AT1G18640,4988,4412,3572,3849,4853,3236
AT1G18650,764,580,545,414,508,263
AT1G18660,4491,4498,3031,3875,5328,2934
AT1G18670,616,591,389,369,586,488
AT1G18680,545,436,294,721,847,625
AT1G18690,1245,1296,888,603,839,673
AT1G18700,3895,3335,2667,3319,4230,2899
AT1G18710,6,6,0,67,50,28
AT1G18720,10331,10218,8529,9615,14721,6119
AT1G18740,1609,1585,1025,1824,2427,1723
AT1G18745,678,724,542,437,473,299
AT1G18750,124,182,93,136,128,93
AT1G18773,104,114,69,96,128,114
AT1G18800,4918,4967,3665,4441,5059,3106
AT1G18810,3,0,3,14,27,16
AT1G18830,0,14,11,8,17,0
AT1G18835,90,86,47,101,219,117
AT1G18840,5607,5241,4114,2280,3167,2450
AT1G18850,3069,3246,2231,2502,2563,1882
AT1G18860,780,715,489,651,1446,628
AT1G18870,2135,1821,2057,1803,2714,1373
AT1G18880,8053,8742,5246,3689,4465,3342
AT1G18890,5027,4935,3437,5790,7357,3813
AT1G18900,1831,1771,1046,2337,2472,2018
AT1G18910,3540,3417,2358,3225,4496,3510
AT1G18940,655,606,436,299,463,213
AT1G18950,2817,2835,2063,2900,3697,2844
AT1G18960,15,30,22,45,52,27
AT1G18970,813,823,537,105,301,112
AT1G18975,136,125,153,130,170,71
AT1G18980,7934,7571,5466,5595,9221,3870
AT1G18990,7,0,11,12,8,3
AT1G19000,10908,10655,7322,9414,11652,7693
AT1G19010,560,492,357,703,800,522
AT1G19020,1093,1043,791,2833,4135,1887
AT1G19025,250,250,196,210,261,176
AT1G19050,147,156,96,298,292,137
AT1G19070,78,48,43,54,61,42
AT1G19080,1130,1029,723,827,1109,579
AT1G19100,1023,1026,684,720,808,632
AT1G19110,5413,5451,3407,2763,3258,2095
AT1G19115,70,108,56,70,47,33
AT1G19120,3187,2928,2338,2446,3468,1963
AT1G19130,4086,3891,3118,3418,4786,2645
AT1G19140,4418,4824,3071,5076,6766,4203
AT1G19160,3,0,0,3,8,7
AT1G19170,2364,2310,1539,2222,2726,2081
AT1G19180,4239,3636,3208,13054,16399,9236
AT1G19190,694,705,410,386,499,261
AT1G19200,125,126,67,1311,1573,519
AT1G19210,1,0,0,15,8,16
AT1G19220,3482,3384,2417,1856,2550,1832
AT1G19230,2475,2343,1861,2601,3697,2357
AT1G19240,1226,1119,863,1026,1136,888
AT1G19250,89,57,69,84,112,49
AT1G19270,2266,2052,1727,1818,2487,1344
AT1G19290,838,742,545,600,764,728
AT1G19300,1569,1566,1054,2018,2550,1804
AT1G19310,1984,2041,1337,3856,4394,2983
AT1G19320,3,0,3,8,6,0
AT1G19330,151,183,133,66,131,68
AT1G19340,389,360,256,119,186,155
AT1G19350,7408,6579,5646,5842,7572,4155
AT1G19360,10378,10048,6348,3261,5485,5690
AT1G19370,3409,2978,2011,1846,2498,2231
AT1G19373,7,3,6,3,1,2
AT1G19376,6,15,7,2,2,2
AT1G19380,228,202,190,642,871,431
AT1G19390,7,5,7,3,6,0
AT1G19394,80,50,43,52,75,24
AT1G19396,233,212,142,160,233,118
AT1G19397,593,544,494,501,748,278
AT1G19400,2680,2544,1976,5987,6802,3287
AT1G19410,4,5,3,4,2,2
AT1G19415,23,16,16,24,31,15
AT1G19420,27,48,36,78,61,47
AT1G19430,3060,3157,2248,1976,2522,1832
AT1G19440,6349,6224,4230,2971,3945,2413
AT1G19450,18456,17707,14125,11234,14552,8144
AT1G19480,996,904,654,656,864,623
AT1G19485,2468,2114,1736,1939,2784,1713
AT1G19490,602,528,329,742,792,649
AT1G19500,0,0,0,13,0,0
AT1G19520,5772,5671,3264,2849,3982,3425
AT1G19530,97,31,40,107,131,77
AT1G19540,398,195,218,335,609,184
AT1G19550,167,258,203,259,203,143
AT1G19560,11,26,17,66,33,32
AT1G19565,0,0,0,8,6,7
AT1G19570,9879,9502,8257,11943,14309,6592
AT1G19580,4426,4146,2822,3741,4648,3168
AT1G19600,4412,4157,3108,4660,6267,4628
AT1G19630,0,0,0,3,22,0
AT1G19640,6,3,6,4,0,0
AT1G19650,447,356,402,389,635,320
AT1G19660,3259,3400,2135,4576,5915,2734
AT1G19680,2391,1914,1656,2680,3789,2967
AT1G19690,1816,1698,1378,1446,2077,1181
AT1G19700,4056,3780,2822,3194,5163,2600
AT1G19710,3488,3286,2376,1326,2107,1688
AT1G19715,666,764,460,460,639,419
AT1G19720,180,238,114,59,115,113
AT1G19730,1097,972,791,1321,1717,917
AT1G19740,1275,1281,1131,1354,1780,1100
AT1G19750,61,64,63,47,49,29
AT1G19770,3479,3502,2644,4086,5399,3200
AT1G19780,6,0,7,8,11,0
AT1G19790,6,0,0,0,6,0
AT1G19800,2435,2501,1734,2099,2549,1712
AT1G19835,8748,8073,5697,2640,3615,2497
AT1G19840,2090,1806,1327,1018,1297,878
AT1G19850,1563,1466,1015,2278,2316,2544
AT1G19860,1750,1836,1220,1938,2337,1687
AT1G19870,17440,15243,11852,14737,18744,13477
AT1G19880,7949,7456,5689,7109,8987,7873
AT1G19900,7195,8255,3772,1083,1988,1260
AT1G19910,65284,60697,55162,50819,76777,40290
AT1G19920,7375,7494,4700,4449,5736,4141
AT1G19940,331,360,186,117,136,101
AT1G19950,1264,1143,878,1092,1267,903
AT1G19960,101,118,98,66,67,35
AT1G19968,478,406,422,94,135,49
AT1G19970,720,581,421,1628,1903,1049
AT1G19980,419,383,254,322,339,236
AT1G19990,1288,1171,807,833,1220,706
AT1G20010,21515,18411,13001,5900,9087,6450
AT1G20015,31,28,23,15,10,8
AT1G20020,110,128,81,60,106,75
AT1G20030,277,241,169,629,563,393
AT1G20050,19426,16812,14092,11204,16152,10720
AT1G20060,961,1001,703,542,532,460
AT1G20065,226,198,147,323,324,243
AT1G20070,2673,2340,1641,8490,8402,5404
AT1G20080,22,23,0,44,51,29
AT1G20090,10483,9073,6408,3829,5288,3002
AT1G20100,7281,6728,5402,9832,11066,6207
AT1G20110,13975,13305,9661,12955,17059,9562
AT1G20120,0,0,0,7,0,12
AT1G20130,16,28,14,22,18,23
AT1G20140,1595,1773,1153,2674,2489,1544
AT1G20150,16,26,5,3,0,0
AT1G20160,6102,6490,4292,3010,4045,1711
AT1G20180,0,0,6,15,23,18
AT1G20190,9466,8647,6815,10864,17951,11567
AT1G20200,11648,11937,8628,7048,10218,7474
AT1G20220,14879,15804,11346,12376,14566,10618
AT1G20225,4049,4262,3281,3914,5242,2532
AT1G20230,227,198,94,63,113,82
AT1G20260,49555,48179,37364,39482,56858,32089
AT1G20270,1817,1808,1370,1694,1968,1292
AT1G20300,1214,1265,800,680,612,534
AT1G20310,0,0,5,8,5,2
AT1G20330,15031,13800,9900,6908,9513,6979
AT1G20340,803,1160,638,399,677,401
AT1G20370,1999,2167,1345,1411,1661,1665
AT1G20380,1540,1704,1058,1000,1396,810
AT1G20390,223,177,175,211,395,198
AT1G20400,0,0,6,9,0,0
AT1G20410,1938,1998,1436,1477,1532,1065
AT1G20430,3954,3554,2793,2460,3138,1804
AT1G20440,98811,99880,70569,340768,458241,200794
AT1G20450,40900,47076,30162,298476,398551,163772
AT1G20460,2142,1993,1485,2806,4046,2418
AT1G20470,61,56,55,80,88,52
AT1G20480,1123,996,624,812,1088,1165
AT1G20490,1756,1467,1427,1725,2135,1321
AT1G20510,2605,2296,1532,985,1342,1088
AT1G20515,27,33,49,36,40,20
AT1G20520,5,28,7,4,11,3
AT1G20530,144,99,86,71,71,76
AT1G20540,2041,1702,1393,1744,2113,1353
AT1G20550,1196,979,789,1056,1215,876
AT1G20560,4616,4301,3051,3356,4659,3077
AT1G20570,307,368,226,166,246,152
AT1G20575,4370,4313,3420,4784,5884,3546
AT1G20580,11488,11217,8736,10393,12898,7913
AT1G20590,92,167,155,19,94,0
AT1G20600,77,81,68,117,140,108
AT1G20610,1935,2126,1405,790,999,622
AT1G20620,2507,2439,1977,3002,3737,2409
AT1G20630,2300,2047,1639,13939,16031,8998
AT1G20640,3257,3065,2081,2619,3761,2752
AT1G20650,587,609,486,448,561,310
AT1G20670,3020,2800,2211,3766,4575,3323
AT1G20680,19,0,9,11,29,17
AT1G20690,0,0,11,6,0,3
AT1G20691,187,184,167,265,235,117
AT1G20693,12674,11012,8817,6722,10101,5045
AT1G20696,14921,13151,11098,9696,13495,6767
AT1G20700,74,89,67,82,86,27
AT1G20720,914,856,629,286,379,261
AT1G20760,8617,8053,5693,7780,9394,6433
AT1G20770,3419,3646,2269,2996,3737,2613
AT1G20780,3343,3122,2041,3373,3916,2657
AT1G20810,335,362,211,472,553,318
AT1G20816,330,316,221,333,489,243
AT1G20823,1296,1098,934,2076,2107,1176
AT1G20830,654,685,533,940,1179,620
AT1G20840,23223,23313,18203,8094,13079,10615
AT1G20850,15119,14697,10821,19935,19661,11246
AT1G20860,6,0,0,11,2,6
AT1G20870,39,45,23,81,91,53
AT1G20880,1803,1543,1191,1815,2168,1104
AT1G20890,1347,1189,1095,1383,1970,1246
AT1G20900,6843,6044,4617,6448,10224,6494
AT1G20910,1671,1545,1096,1929,2023,1773
AT1G20920,4618,4294,3139,3911,5133,3181
AT1G20925,5,6,2,23,25,10
AT1G20930,1933,2127,1567,1291,1374,896
AT1G20950,27013,25683,17812,10228,13942,10053
AT1G20960,16782,16721,9979,17607,19878,16175
AT1G20970,11961,11443,7796,10932,15271,10523
AT1G20980,6297,6623,3714,4087,5252,5409
AT1G20990,0,5,9,0,0,3
AT1G21000,2221,2268,1732,4718,5360,2646
AT1G21010,592,671,446,1198,1323,685
AT1G21050,2164,2556,1785,921,1353,846
AT1G21060,294,329,228,414,630,421
AT1G21065,1699,1614,1367,2430,3145,1751
AT1G21070,1914,1832,1504,1050,1281,985
AT1G21080,4591,4675,3112,4810,6382,3507
AT1G21090,2047,1885,1876,869,1145,895
AT1G21100,3019,2082,2133,1520,2651,936
AT1G21110,8669,8578,5364,8157,13222,5182
AT1G21120,2546,2187,1450,3843,6796,2714
AT1G21130,424,294,246,1293,2115,734
AT1G21140,850,1022,604,1740,1976,1173
AT1G21150,330,264,221,155,238,158
AT1G21160,1917,1923,1297,2232,2811,1968
AT1G21170,4126,4209,2663,2594,3590,2484
AT1G21190,3311,2900,2302,3157,3841,1994
AT1G21200,2164,1823,1373,1034,1715,904
AT1G21202,7,8,6,7,6,3
AT1G21210,106,101,94,154,179,91
AT1G21260,30,32,23,6,14,4
AT1G21270,28,8,14,12,12,13
AT1G21280,517,472,389,294,418,244
AT1G21310,261979,309457,228590,109531,259016,128950
AT1G21313,1963,3047,1788,903,3535,542
AT1G21320,32,17,35,8,22,36
AT1G21326,8,8,6,3,12,7
AT1G21340,140,130,64,184,209,305
AT1G21350,412,405,375,595,657,408
AT1G21360,831,883,609,665,1118,488
AT1G21370,4467,4446,3302,3554,4713,3471
AT1G21380,11125,10587,7747,8357,12018,6219
AT1G21390,952,851,606,528,863,480
AT1G21400,12,19,36,392,445,182
AT1G21410,289,298,149,2106,2460,1102
AT1G21440,1041,1479,813,970,1003,697
AT1G21450,4027,3598,2683,4902,6547,4009
AT1G21460,27,33,21,232,392,250
AT1G21480,2645,2550,2036,1832,2341,1494
AT1G21500,6,8,0,3,4,0
AT1G21510,28,44,32,8,8,7
AT1G21520,279,268,157,1539,1836,978
AT1G21525,26,23,20,60,69,61
AT1G21528,14,0,12,11,3,3
AT1G21529,3,2,1,0,0,4
AT1G21530,87,65,61,24,16,9
AT1G21550,25,20,20,17,35,17
AT1G21560,1913,1648,1116,550,762,542
AT1G21580,6650,6312,4902,5825,8450,5107
AT1G21590,1593,1745,1204,2885,4084,2939
AT1G21600,926,858,567,1204,1545,1354
AT1G21610,3133,2930,2086,3501,4196,2710
AT1G21630,11010,10829,7647,8140,10747,8366
AT1G21640,3544,3587,2205,2990,3763,2758
AT1G21650,1338,1486,1211,1201,941,911
AT1G21651,949,868,336,500,1138,636
AT1G21660,10071,10037,6796,8229,11389,6404
AT1G21670,1430,1184,903,1631,2334,1378
AT1G21680,2268,2012,1418,6213,6021,3492
AT1G21690,2532,2280,1783,2160,2379,1809
AT1G21695,47,88,44,114,82,54
AT1G21700,4370,4191,2801,3450,4621,3266
AT1G21710,1982,1842,1296,1797,2246,1872
AT1G21720,12943,12105,9342,10102,13197,7001
AT1G21722,3,0,5,12,3,0
AT1G21730,3855,3365,2472,2459,3420,2563
AT1G21740,2965,2528,1763,1998,2623,2162
AT1G21750,58025,53020,39399,18349,27620,19174
AT1G21760,1753,1586,1264,4744,4688,2400
AT1G21770,1709,1781,1354,1672,2053,1009
AT1G21780,4841,4298,3075,4568,6469,3583
AT1G21790,766,663,592,3816,4139,2093
AT1G21810,17,28,25,27,10,10
AT1G21830,888,718,689,1237,1789,1120
AT1G21840,574,489,462,404,580,365
AT1G21860,12,6,6,0,6,0
AT1G21880,3446,3549,2784,1598,2014,1154
AT1G21890,10,11,3,1747,1974,931
AT1G21900,6599,6461,4982,4414,6292,3299
AT1G21910,303,323,212,297,443,362
AT1G21920,7988,7708,5510,11133,13790,10070
AT1G21930,1394,1204,1057,1326,1785,859
AT1G21970,0,0,0,11,3,0
AT1G21980,4392,4510,3012,10695,13240,9048
AT1G21990,2,0,3,6,0,0
AT1G22000,0,0,0,3,6,3
AT1G22020,2964,2954,1934,2682,3222,2167
AT1G22030,704,746,637,391,444,254
AT1G22040,1976,1776,1286,2027,3014,1921
AT1G22050,1162,1018,801,952,1102,569
AT1G22060,4437,4237,2967,1600,2252,1635
AT1G22065,240,195,202,391,485,200
AT1G22070,3052,2820,2215,2290,3127,1529
AT1G22110,76,91,51,76,57,27
AT1G22140,1265,1110,969,996,1455,626
AT1G22150,22,58,12,0,0,6
AT1G22160,121,176,135,238,333,159
AT1G22170,2438,2353,1821,1708,2114,1560
AT1G22180,989,1072,744,1724,2426,1064
AT1G22190,3992,4199,3246,7753,9773,6300
AT1G22200,6134,6048,4477,6982,7986,5219
AT1G22220,921,933,553,232,291,161
AT1G22230,2171,2179,1721,774,1214,664
AT1G22240,6,0,7,0,0,0
AT1G22250,20,10,13,0,0,0
AT1G22260,105,102,68,40,55,29
AT1G22270,2734,2412,1683,1884,2448,1204
AT1G22275,45,59,36,60,60,53
AT1G22280,3794,3644,2959,8186,9695,4572
AT1G22290,93,52,65,69,72,34
AT1G22300,44568,40454,30652,29588,39377,23959
AT1G22310,1037,1175,872,1061,1584,902
AT1G22330,3454,2690,2702,157,300,129
AT1G22340,73,84,111,156,249,114
AT1G22350,48,42,72,175,196,123
AT1G22360,18250,15539,12576,15149,21979,16971
AT1G22370,19,15,8,22,24,19
AT1G22400,3152,2378,2050,4695,5180,3861
AT1G22403,354,409,273,851,960,608
AT1G22410,51932,56804,35131,36868,46450,29364
AT1G22430,269,259,181,860,1285,521
AT1G22440,18980,17647,12855,19316,29633,16852
AT1G22450,24490,23702,18617,18142,24106,12121
AT1G22460,1207,1069,730,748,1147,804
AT1G22470,1444,1410,1040,3233,3720,1636
AT1G22480,140,162,103,117,147,63
AT1G22490,134,139,108,969,884,609
AT1G22500,4477,4353,2683,1039,1746,1077
AT1G22510,952,996,693,2422,2807,1550
AT1G22520,5242,4747,3832,3341,4818,2890
AT1G22530,29121,26024,17550,3882,5722,3041
AT1G22540,2882,2626,2296,1875,2579,1349
AT1G22550,3668,3281,2573,432,857,389
AT1G22560,0,3,0,6,8,0
AT1G22570,856,702,460,438,620,536
AT1G22590,71,52,52,16,16,8
AT1G22600,18,18,12,27,44,34
AT1G22610,2824,2429,1849,3202,3997,2644
AT1G22620,4870,5062,3334,5147,6445,4656
AT1G22630,6,8,3,0,0,0
AT1G22640,3431,3184,2582,5357,6841,3112
AT1G22650,445,500,362,138,180,89
AT1G22660,1419,1380,896,1422,1589,1211
AT1G22670,7,0,11,6,6,7
AT1G22680,3,12,5,0,6,3
AT1G22700,1065,1042,738,967,1390,722
AT1G22710,2182,2062,1649,6835,6588,3929
AT1G22730,2870,2878,1944,2181,3033,2576
AT1G22740,3728,3164,2760,898,1237,581
AT1G22750,5552,5391,4073,7011,10509,5037
AT1G22770,6606,6029,4241,7672,9648,6133
AT1G22780,29110,26928,19613,21110,25330,15825
AT1G22790,3585,3329,2419,2735,3748,2867
AT1G22800,1682,1458,1407,2394,602,1789
AT1G22810,148,135,81,603,670,265
AT1G22830,929,899,706,486,589,353
AT1G22840,38558,42139,31577,34920,47909,32425
AT1G22850,1693,1690,1231,2449,3017,1953
AT1G22860,3130,2696,2144,2845,3509,2385
AT1G22870,1628,1618,1165,1751,2027,1459
AT1G22880,3799,3709,2522,984,1092,1138
AT1G22882,2867,2839,1908,1382,1807,1257
AT1G22885,1001,967,765,667,1059,450
AT1G22890,6,0,0,18,21,13
AT1G22900,25,30,20,0,5,0
AT1G22910,4070,3453,2556,1161,1425,1158
AT1G22920,4770,4480,3290,3814,4478,2975
AT1G22930,12750,12283,7756,17603,25041,14079
AT1G22940,1009,985,692,1024,1216,956
AT1G22950,2285,2252,1568,1421,2049,1421
AT1G22960,1469,1447,897,1438,1647,1360
AT1G22970,1601,1438,1101,1297,1540,921
AT1G22980,248,285,181,167,170,163
AT1G22985,410,385,286,1177,1052,449
AT1G22990,16,17,20,174,185,77
AT1G23000,791,757,533,466,490,361
AT1G23010,975,1025,435,2936,3701,2471
AT1G23020,3648,3591,3132,1559,2870,1365
AT1G23030,6332,6457,3524,972,1342,1157
AT1G23040,4174,4673,3282,5492,8662,5282
AT1G23050,309,261,302,425,642,235
AT1G23052,225,239,226,310,446,237
AT1G23060,1208,1098,732,1411,2176,1445
AT1G23070,3,0,0,32,35,36
AT1G23080,6687,6104,4660,4244,6437,4902
AT1G23090,667,679,434,2599,4012,2529
AT1G23100,2875,2819,2054,754,896,416
AT1G23110,139,158,132,0,10,0
AT1G23120,362,314,306,891,1150,510
AT1G23140,532,472,424,385,627,179
AT1G23150,1010,979,574,2207,2821,2155
AT1G23160,650,548,418,77,85,111
AT1G23170,2886,3019,1716,2389,2806,2021
AT1G23180,1250,1341,830,1034,1228,1078
AT1G23190,28915,30749,20024,30992,38788,25555
AT1G23201,24,21,24,61,119,89
AT1G23205,911,891,812,82,66,61
AT1G23210,212,280,157,110,143,169
AT1G23220,943,814,677,828,994,637
AT1G23230,4039,4174,2731,3323,4297,3478
AT1G23260,5856,5130,4447,5605,7661,3703
AT1G23280,4191,3978,2967,4229,4612,3289
AT1G23290,37037,37802,26563,22512,28419,21088
AT1G23300,2235,1597,1861,1534,1544,1049
AT1G23310,4716,4641,3234,4738,6306,3536
AT1G23330,2482,2303,1729,3722,4188,2880
AT1G23340,1832,1505,1299,901,1226,1057
AT1G23350,22,30,6,0,6,0
AT1G23360,659,622,463,819,1031,422
AT1G23380,1714,1584,1161,1843,2333,1262
AT1G23390,2322,2249,1610,1114,1921,1256
AT1G23400,2129,2269,1700,2206,2393,1762
AT1G23410,5293,5109,4088,3714,4719,2744
AT1G23440,18310,16703,12502,19037,26228,11434
AT1G23450,84,79,41,92,130,88
AT1G23460,1672,1450,1042,1596,1546,1061
AT1G23465,80,107,50,76,79,75
AT1G23470,211,165,191,210,234,155
AT1G23480,4506,3746,2633,1517,2452,1631
AT1G23490,34393,31144,24637,28403,37668,21137
AT1G23510,0,6,4,0,0,0
AT1G23520,4,7,3,0,11,0
AT1G23530,927,932,673,1403,1446,718
AT1G23540,275,262,183,50,51,49
AT1G23550,208,191,136,212,276,112
AT1G23560,467,395,343,312,475,219
AT1G23700,31,11,33,10,7,0
AT1G23710,618,630,422,1398,1777,802
AT1G23720,42019,49185,35479,12014,26147,15479
AT1G23730,33,21,40,114,233,138
AT1G23740,125,81,71,305,388,182
AT1G23750,4512,3903,3272,3413,4389,2511
AT1G23760,4618,4063,2707,2652,3229,1996
AT1G23780,3302,3137,2357,4891,5491,3920
AT1G23790,307,386,268,104,93,68
AT1G23800,7051,6196,4510,52131,67008,32077
AT1G23820,17988,17251,12082,13239,16388,10432
AT1G23830,329,267,310,142,212,147
AT1G23840,3,3,0,7,12,3
AT1G23850,679,549,454,197,316,215
AT1G23860,4078,3899,3139,6168,7547,5096
AT1G23870,8643,8944,6785,6530,9128,5367
AT1G23880,675,664,576,1145,1182,628
AT1G23890,2055,2002,1503,1354,1670,1182
AT1G23900,8920,8489,6127,6350,8110,5610
AT1G23935,785,786,475,455,609,526
AT1G23950,2004,1957,1329,2170,2303,1505
AT1G23960,3805,3555,2619,4160,4963,3060
AT1G23965,7,4,1,0,1,4
AT1G23970,571,596,353,449,514,298
AT1G23980,851,805,645,299,524,342
AT1G23985,9,7,7,1,5,3
AT1G23995,28,22,13,2,2,2
AT1G24000,33,33,23,11,7,7
AT1G24010,0,8,0,8,3,3
AT1G24020,24,61,34,0,20,8
AT1G24030,938,1012,691,1382,1376,992
AT1G24040,837,762,596,733,934,665
AT1G24050,10291,10332,6952,9246,10841,7997
AT1G24068,30,21,24,3,14,6
AT1G24090,506,465,349,252,290,174
AT1G24095,1045,1110,772,725,911,606
AT1G24100,5960,6686,4618,2164,2873,1863
AT1G24120,4121,3932,2919,2255,2994,2371
AT1G24130,876,691,700,800,1216,667
AT1G24140,55,50,34,83,89,50
AT1G24150,1307,1318,882,792,1170,742
AT1G24160,3687,3788,2786,3918,4814,3385
AT1G24170,9165,8913,6063,2372,3026,1960
AT1G24180,41882,41545,28630,27783,39964,22458
AT1G24190,4217,4049,2759,3378,4384,3373
AT1G24210,47,82,69,70,91,39
AT1G24240,2151,1792,1644,1370,1808,954
AT1G24265,558,512,452,732,638,564
AT1G24267,5041,4970,3335,6006,7046,4808
AT1G24270,3,11,6,0,3,0
AT1G24280,5390,5451,3785,2324,2766,1820
AT1G24290,365,357,226,265,361,357
AT1G24300,4531,4560,3068,4209,5689,4110
AT1G24310,3179,3263,2141,2150,2498,1860
AT1G24320,1081,704,701,684,688,403
AT1G24330,201,235,163,318,450,305
AT1G24340,2383,2306,1428,3074,3537,2844
AT1G24350,3249,3018,2439,3291,4451,2644
AT1G24360,22758,22105,17008,14741,17859,12684
AT1G24370,31,19,22,19,22,26
AT1G24390,8,4,1,0,4,0
AT1G24405,12,17,5,14,24,18
AT1G24420,13,13,10,0,3,0
AT1G24430,36,34,13,0,10,18
AT1G24440,3807,4211,3098,4018,5445,2786
AT1G24450,1133,1030,952,822,1004,646
AT1G24460,5110,5087,3582,3723,4776,3419
AT1G24480,21,23,33,121,101,63
AT1G24485,18,15,9,0,0,0
AT1G24490,1501,1685,1013,2063,2324,1780
AT1G24510,29887,28667,20667,23708,26070,21853
AT1G24530,914,895,822,1774,2252,1191
AT1G24560,4231,4044,3082,3740,5608,3361
AT1G24570,27,24,36,32,64,34
AT1G24575,33,12,16,16,20,10
AT1G24577,6,2,3,0,3,0
AT1G24580,0,0,3,55,37,14
AT1G24600,113,83,90,1412,1341,598
AT1G24610,2035,1991,1302,1643,1985,1699
AT1G24620,592,496,302,52,237,159
AT1G24625,1892,1867,1638,820,1323,777
AT1G24706,4867,4467,3290,4559,5961,3914
AT1G24735,627,708,522,691,589,348
AT1G24764,5184,4622,3746,2836,3863,2688
AT1G24792,214,173,160,80,166,98
AT1G24793,4243,3497,2852,2515,3947,2147
AT1G24800,2761,2652,1633,2421,2864,2298
AT1G24807,500,466,292,347,531,242
AT1G24822,26,329,5,7,8,2
AT1G24851,144,146,108,339,355,237
AT1G24879,137,106,105,49,118,72
AT1G24880,3648,2742,3088,3606,4766,2147
AT1G24881,1393,1416,875,1294,1568,1197
AT1G24909,172,168,87,35,132,80
AT1G24996,403,140,659,609,344,62
AT1G25025,47,33,35,78,75,69
AT1G25053,65,53,48,24,58,33
AT1G25054,2295,2485,2294,2193,2784,1577
AT1G25055,2439,2441,1457,2143,2578,2131
AT1G25083,37,140,101,146,149,83
AT1G25097,35,32,54,61,53,22
AT1G25098,15226,12753,13031,13075,16975,8515
AT1G25112,27,18,17,45,42,38
AT1G25145,161,170,175,166,223,126
AT1G25150,383,391,289,414,503,280
AT1G25155,34,106,28,48,125,75
AT1G25175,2052,2304,1807,2163,2848,1471
AT1G25180,7,7,4,14,13,10
AT1G25209,30,26,17,12,17,12
AT1G25210,56,57,55,47,64,38
AT1G25211,2481,2542,1797,2748,3295,1878
AT1G25220,5769,5410,4192,4312,5784,3203
AT1G25230,9894,8030,8328,2034,3429,1614
AT1G25240,141,150,111,0,8,0
AT1G25250,328,355,271,196,243,194
AT1G25260,11296,10798,7853,11158,12799,8439
AT1G25275,3741,3147,2241,8381,11207,5432
AT1G25277,0,0,0,0,15,0
AT1G25280,7048,6772,5320,6249,8407,4997
AT1G25290,681,583,479,640,811,704
AT1G25310,0,0,0,0,22,0
AT1G25320,2090,1955,1488,870,1417,897
AT1G25350,9708,10331,6415,8795,10258,7766
AT1G25360,471,492,241,182,172,192
AT1G25370,1025,1134,743,929,1333,624
AT1G25375,1569,1455,1139,1265,1480,893
AT1G25380,3926,3750,2885,4028,5212,3075
AT1G25390,1460,1294,928,921,1409,825
AT1G25400,559,719,534,576,535,339
AT1G25420,2651,2402,1915,3299,4032,2314
AT1G25422,18,21,15,87,53,48
AT1G25425,59,43,60,19,18,20
AT1G25440,151,251,91,34,63,14
AT1G25450,2091,1794,1132,206,279,215
AT1G25460,209,145,130,51,109,37
AT1G25470,1095,982,779,753,1027,813
AT1G25480,1930,1952,1580,1353,1818,1392
AT1G25490,18948,17405,12161,15691,19304,14253
AT1G25500,2982,2222,2064,1301,1871,1391
AT1G25510,1775,1612,1275,257,336,244
AT1G25520,4982,4655,3831,5523,7486,3342
AT1G25530,3536,3699,2328,2517,3260,2050
AT1G25540,3851,3535,2503,3880,4999,3567
AT1G25550,5884,5435,4655,3482,4533,2238
AT1G25560,2602,2730,1959,4121,4928,2811
AT1G25570,4861,4971,3307,2355,4030,2730
AT1G25580,2049,2148,1420,1402,1579,1095
AT1G25682,2917,2543,1992,3889,5066,2471
AT1G26090,1326,1151,1022,1739,2167,1353
AT1G26100,1162,1305,1016,743,954,617
AT1G26110,26454,25703,17237,22897,30660,21826
AT1G26120,2740,2794,1978,2573,3518,2313
AT1G26130,993,964,698,997,1158,809
AT1G26150,1272,1365,961,778,1037,726
AT1G26160,2318,2177,1544,2895,3824,2579
AT1G26170,3422,3461,2580,3234,3635,3088
AT1G26180,1137,1023,782,1621,1792,1286
AT1G26190,1978,1739,1395,1231,1558,1149
AT1G26200,179,116,100,46,47,28
AT1G26208,668,600,523,515,724,403
AT1G26210,85,82,65,34,29,19
AT1G26218,329,359,285,470,591,382
AT1G26220,34,26,25,27,43,24
AT1G26225,2,0,1,0,4,4
AT1G26230,115,207,144,81,102,93
AT1G26233,17,21,13,3,3,3
AT1G26250,97,58,146,7,2,0
AT1G26260,931,785,624,625,875,563
AT1G26270,7699,7305,5581,9996,11647,9125
AT1G26290,10,6,6,8,7,5
AT1G26300,2467,2193,1664,2050,2654,1401
AT1G26330,611,560,403,334,314,220
AT1G26340,2483,2469,1875,2145,2599,1299
AT1G26360,375,444,296,33,21,20
AT1G26370,2579,2328,1726,2129,2538,2076
AT1G26380,6,9,0,19,9,18
AT1G26420,71,67,52,40,108,70
AT1G26440,4677,4354,3801,2476,4276,2254
AT1G26450,3566,3213,2681,7790,9928,5631
AT1G26460,6463,6911,3771,3286,4495,4416
AT1G26470,3690,3295,2594,4716,5225,3284
AT1G26500,112,120,72,59,66,52
AT1G26520,1267,1287,875,885,1171,972
AT1G26530,148,129,158,154,222,137
AT1G26540,32,76,37,11,17,5
AT1G26550,13404,12676,10126,9704,12686,7567
AT1G26560,82,85,67,158,267,177
AT1G26570,253,166,174,136,103,99
AT1G26580,8495,7273,6355,8434,11176,6554
AT1G26590,79,76,88,45,57,21
AT1G26610,58,53,44,34,33,32
AT1G26620,1710,1704,1017,2027,2815,2178
AT1G26630,108642,102854,75059,82298,96358,55278
AT1G26640,5234,4732,3569,2886,3546,2325
AT1G26650,2579,2478,1785,1725,2463,1507
AT1G26660,1141,1244,891,1389,1683,887
AT1G26665,2720,2204,1807,3437,4114,2644
AT1G26670,6895,5711,5326,8716,11750,5208
AT1G26680,365,265,250,648,631,562
AT1G26690,2653,2676,2169,2817,4014,1742
AT1G26700,1779,1703,1143,848,1611,1428
AT1G26720,24,10,8,10,7,26
AT1G26730,162,153,110,1928,1859,1278
AT1G26740,2854,2587,1978,2123,2297,1641
AT1G26750,3765,3512,2995,2958,3612,1910
AT1G26760,448,436,311,44,52,37
AT1G26761,3,7,0,0,0,0
AT1G26762,4,0,3,2,7,19
AT1G26770,190,304,146,1848,3182,3181
AT1G26790,47,46,17,74,60,32
AT1G26800,667,631,642,809,1351,538
AT1G26810,967,794,511,749,842,644
AT1G26820,1286,1379,748,1929,2169,1368
AT1G26830,7472,7823,5277,7672,10278,7183
AT1G26840,1447,1526,1069,607,738,426
AT1G26850,34804,33924,24936,28398,37037,25676
AT1G26870,225,228,162,74,88,81
AT1G26880,24064,25474,18942,17247,21571,15326
AT1G26890,151,119,134,57,62,50
AT1G26900,1400,1291,894,1062,1539,1136
AT1G26910,5608,5278,3897,5745,6194,3791
AT1G26911,56,60,49,43,59,19
AT1G26920,5241,4746,3307,5042,6581,4813
AT1G26930,3900,3961,2843,7421,10773,7805
AT1G26940,2803,2520,2064,2162,2726,1421
AT1G26945,913,752,595,797,1119,908
AT1G26960,3584,2940,2385,1417,2319,1276
AT1G26970,1164,1108,839,501,762,479
AT1G27000,12283,12277,8948,15103,19779,12138
AT1G27020,796,738,845,445,733,378
AT1G27030,10188,10271,7303,5287,8172,4637
AT1G27050,1149,1163,736,853,813,636
AT1G27060,275,334,178,334,333,300
AT1G27070,1012,916,660,1008,1205,915
AT1G27080,0,1,1,4,2,3
AT1G27090,12638,12668,7983,10889,13715,13260
AT1G27100,1995,1976,1407,3300,4391,2095
AT1G27110,416,407,277,240,290,256
AT1G27120,961,857,603,421,560,460
AT1G27130,17136,17177,13649,13061,15162,8505
AT1G27140,6103,5628,4066,1717,1949,1478
AT1G27150,4330,4033,2958,9699,11610,6518
AT1G27160,10,6,3,69,32,15
AT1G27170,1462,1256,884,978,1440,994
AT1G27180,2421,2134,1573,1346,2090,1362
AT1G27190,6706,6450,4239,3256,4999,4220
AT1G27200,1651,1665,1078,2851,3869,2168
AT1G27210,4349,4020,2659,1586,2597,1734
AT1G27285,29,29,26,18,29,39
AT1G27290,4609,4000,3499,6853,9800,5254
AT1G27300,2892,2587,1935,7655,10161,6205
AT1G27310,15788,15327,11700,11114,14809,9081
AT1G27320,7161,6880,4980,9073,13012,7501
AT1G27330,12783,11483,10078,5182,6938,3180
AT1G27340,6447,6678,4531,4990,6413,4750
AT1G27350,9816,8812,7342,4662,6287,3348
AT1G27360,757,658,530,589,781,499
AT1G27370,1169,1071,938,970,1510,824
AT1G27380,1044,979,828,745,823,343
AT1G27385,1279,1316,1099,1599,1963,915
AT1G27390,6818,6874,4967,4144,5275,3114
AT1G27400,33212,34702,24423,25199,32288,25581
AT1G27410,194,198,179,251,193,226
AT1G27420,941,882,712,616,1023,565
AT1G27430,4807,4876,3559,5136,6288,4730
AT1G27435,4933,4882,3234,2618,3275,1937
AT1G27440,3875,3800,2413,4511,5147,3269
AT1G27450,33661,35385,25696,19670,26407,16846
AT1G27460,1956,1858,1284,547,714,485
AT1G27461,0,0,0,183,145,77
AT1G27470,3798,3782,2127,3236,3855,3679
AT1G27480,5,6,8,11,5,0
AT1G27500,1120,1163,712,882,1060,792
AT1G27510,2848,2758,2216,3457,4543,2945
AT1G27520,2729,2285,1848,2067,2893,1759
AT1G27530,9573,9392,7418,8355,10943,6973
AT1G27540,2068,1821,1402,1327,1720,1240
AT1G27560,20,23,15,19,18,13
AT1G27565,19,14,18,31,29,16
AT1G27580,609,625,489,438,560,385
AT1G27595,4185,3429,2362,3819,4726,4576
AT1G27600,5113,4604,3129,3889,4659,3709
AT1G27610,39,53,55,38,48,29
AT1G27620,501,483,388,448,638,594
AT1G27630,4538,4272,3308,4461,5338,3201
AT1G27640,3,2,2,1,2,3
AT1G27650,5532,5149,3835,7588,10317,7440
AT1G27660,1138,1161,758,476,643,464
AT1G27670,985,1017,685,508,814,257
AT1G27680,1616,1688,1236,1057,1240,1005
AT1G27690,760,850,575,342,429,396
AT1G27695,945,1002,565,811,1293,532
AT1G27700,2225,2004,1548,1504,1846,981
AT1G27720,308,251,178,323,291,219
AT1G27730,150,144,117,3363,3544,1992
AT1G27740,3300,2923,2322,969,1785,1121
AT1G27750,2485,2415,1983,3413,4553,3477
AT1G27752,2940,2880,1994,3091,4712,3773
AT1G27760,7951,7546,4772,19634,21638,14452
AT1G27770,5831,5668,3539,5182,6235,4646
AT1G27840,2856,2743,2191,2406,2799,2021
AT1G27850,3970,3692,2595,2231,3038,2418
AT1G27880,897,918,473,337,341,300
AT1G27890,8,10,9,9,12,11
AT1G27900,2655,2659,1702,2414,2797,2279
AT1G27910,1273,1320,867,2134,2396,1785
AT1G27920,1067,1027,661,1201,1411,782
AT1G27921,2956,2489,2621,1900,2302,1454
AT1G27930,4269,3940,2965,3034,4065,2331
AT1G27950,1147,1162,1026,585,752,496
AT1G27960,1918,1678,1547,1610,2362,1260
AT1G27970,13653,13394,10102,8899,12065,6976
AT1G27980,3371,3267,2580,2755,3754,2086
AT1G28005,5,13,7,0,0,0
AT1G28010,17,13,7,0,0,0
AT1G28040,4,7,0,3,9,4
AT1G28050,1807,1789,1184,1603,2570,1989
AT1G28060,4447,4188,2932,4033,4885,3764
AT1G28070,1209,1075,749,819,1110,612
AT1G28080,305,252,176,97,113,85
AT1G28090,3041,2640,2106,2304,2786,1890
AT1G28100,2460,2171,1906,1506,1494,891
AT1G28110,6307,6142,4444,1883,2626,1616
AT1G28120,6571,6490,5052,9311,11988,7178
AT1G28130,4123,3829,2597,3368,5834,3886
AT1G28140,997,1019,666,1164,1767,928
AT1G28150,590,507,366,739,939,582
AT1G28160,21,8,10,119,117,47
AT1G28170,51,48,22,18,9,13
AT1G28190,231,189,211,907,1034,675
AT1G28200,4958,4979,3517,8205,9619,5154
AT1G28210,520,456,294,440,400,361
AT1G28230,10,8,16,561,662,275
AT1G28240,5796,5586,4212,3427,4775,3026
AT1G28250,4050,3356,3106,3007,4451,2334
AT1G28260,414,419,304,1253,1804,954
AT1G28280,4500,4603,3420,4488,6045,3764
AT1G28290,67232,71378,50897,29169,48153,35907
AT1G28310,2501,1919,1576,949,1229,1095
AT1G28320,3977,3614,2868,3781,5550,3415
AT1G28330,7010,5047,6080,15243,21804,11036
AT1G28340,6102,5896,4857,4260,6101,4208
AT1G28350,5442,5291,3411,4096,4613,3601
AT1G28360,93,83,46,24,68,44
AT1G28370,41,23,29,288,280,188
AT1G28380,1549,1465,1055,2892,3954,2269
AT1G28390,1296,1153,757,1101,1745,1424
AT1G28395,2228,2415,1637,1248,1376,902
AT1G28400,8372,10127,6820,2134,3203,2709
AT1G28410,3147,3049,2450,2701,3619,2358
AT1G28420,3653,3660,2422,2915,3834,2940
AT1G28440,6246,6363,4233,1953,2792,1993
AT1G28450,5,10,8,6,2,0
AT1G28470,385,387,280,486,545,325
AT1G28480,476,569,344,360,325,125
AT1G28490,3436,3226,2554,3448,4608,2132
AT1G28510,5319,5027,4001,4130,5874,3567
AT1G28520,2887,2999,1955,4914,5855,4433
AT1G28530,583,582,460,368,421,312
AT1G28540,1739,1508,1233,1956,2743,1328
AT1G28550,0,0,0,3,13,0
AT1G28560,344,406,280,421,518,350
AT1G28570,291,273,210,175,209,106
AT1G28580,8218,8513,6333,4482,6901,4115
AT1G28600,350,399,234,1369,1875,928
AT1G28610,199,153,132,73,139,41
AT1G28620,207,179,140,47,74,32
AT1G28660,580,546,412,384,496,255
AT1G28670,626,682,531,311,403,274
AT1G28680,12610,13899,9459,7325,10328,7368
AT1G28685,375,355,305,226,276,182
AT1G28690,82,46,27,32,24,35
AT1G28710,1299,1274,1185,722,878,550
AT1G28715,492,463,323,407,476,305
AT1G28760,455,381,313,341,423,310
AT1G28765,165,92,97,181,158,106
AT1G28815,1390,1341,1125,1577,2108,759
AT1G28820,2,6,2,1,2,1
AT1G28960,2980,2958,2193,5623,7603,5436
AT1G29000,19,9,0,26,7,0
AT1G29020,450,392,294,3,0,0
AT1G29025,11442,11335,8418,390,812,561
AT1G29030,1506,1679,1143,839,827,583
AT1G29040,3392,2967,2382,2496,3579,2423
AT1G29041,11,13,0,0,16,0
AT1G29050,11661,12406,8462,9612,11007,5528
AT1G29060,1321,1345,992,1156,1437,628
AT1G29070,2159,2202,1692,2145,2502,1534
AT1G29071,14,32,19,16,25,5
AT1G29120,2941,2920,1986,4429,6262,3847
AT1G29140,3,5,5,0,0,0
AT1G29150,17110,17218,11093,12279,15248,9435
AT1G29160,1512,1417,1077,937,1200,688
AT1G29170,2007,1961,1394,981,1429,1206
AT1G29179,163,122,82,24,23,25
AT1G29180,169,119,97,1,23,5
AT1G29195,1023,961,689,2101,2355,1426
AT1G29200,723,655,583,889,1145,558
AT1G29220,2480,2370,1602,3233,3679,2135
AT1G29230,201,229,194,147,261,138
AT1G29240,167,172,103,119,200,128
AT1G29250,9042,9106,7529,4542,5441,3225
AT1G29260,3001,2540,1858,2647,3987,2461
AT1G29270,157,199,144,27,55,44
AT1G29280,11717,11302,8275,9877,13753,8218
AT1G29290,187,138,101,79,121,78
AT1G29300,1016,888,552,1542,1840,1252
AT1G29310,14419,12793,10088,7127,9662,7150
AT1G29320,2319,2484,1602,1752,1957,1707
AT1G29330,8703,7237,6654,11639,14809,8016
AT1G29340,3954,4085,2684,3584,5177,3152
AT1G29350,10319,10214,6837,9349,12050,9525
AT1G29355,22,8,15,59,49,19
AT1G29357,3975,3341,2995,5595,7239,4039
AT1G29370,10465,10339,7143,10183,12791,9950
AT1G29380,1005,1204,772,1297,1398,1018
AT1G29390,1923,1788,1479,3516,4109,2352
AT1G29395,99,77,103,418,492,250
AT1G29400,10521,9751,6622,14822,19448,12765
AT1G29410,708,654,481,1103,1300,761
AT1G29418,6148,5701,5253,1889,2697,1986
AT1G29420,7,4,0,0,0,0
AT1G29430,6,11,6,0,2,0
AT1G29440,6,5,2,0,2,0
AT1G29460,11,7,0,5,20,5
AT1G29465,333,326,267,153,182,132
AT1G29470,25963,25119,15639,11822,16112,13250
AT1G29500,45,28,16,20,35,11
AT1G29510,50,68,56,13,13,8
AT1G29520,4568,5055,3796,5006,5241,2787
AT1G29530,964,1037,635,507,554,419
AT1G29535,283,321,235,63,98,66
AT1G29540,88,103,76,0,1,4
AT1G29550,803,757,496,439,471,323
AT1G29560,305,252,216,365,342,232
AT1G29590,81,108,49,87,62,67
AT1G29600,39,46,40,22,41,16
AT1G29630,1829,1640,1325,902,1021,702
AT1G29640,727,794,421,2195,2493,1376
AT1G29670,0,0,0,8,3,0
AT1G29690,3097,3104,2275,4113,5168,2947
AT1G29700,479,479,305,537,764,520
AT1G29710,385,393,277,411,424,355
AT1G29730,492,575,337,168,330,291
AT1G29740,330,207,177,41,77,40
AT1G29750,1380,1246,879,1157,1437,1033
AT1G29760,2445,2383,1587,2705,3435,2134
AT1G29770,34,19,28,56,52,28
AT1G29775,13,15,12,14,11,20
AT1G29785,1553,1279,1050,719,991,578
AT1G29790,3472,3235,2305,1799,2594,2292
AT1G29800,1688,1643,1107,1623,2217,1167
AT1G29810,1027,906,636,1048,1175,718
AT1G29820,3742,3735,2737,3087,3699,2608
AT1G29830,111,109,52,52,83,48
AT1G29840,806,764,576,578,740,391
AT1G29850,5304,5152,3624,5038,5890,3452
AT1G29860,38,28,22,280,618,289
AT1G29880,12144,12321,8696,8351,9821,7129
AT1G29890,7446,6994,5466,5297,6856,4430
AT1G29900,12198,12526,7841,11196,12646,12091
AT1G29910,67,140,40,58,75,64
AT1G29920,24,41,20,52,65,41
AT1G29930,796,1264,534,368,708,274
AT1G29940,5871,5412,3319,4331,4447,4154
AT1G29950,6500,5994,4216,2338,2898,2080
AT1G29960,540,522,417,372,481,329
AT1G29965,5119,4966,3761,2974,3971,2224
AT1G29970,3133,2579,2536,4700,5908,3251
AT1G29980,2122,2113,1477,708,879,792
AT1G29990,5189,4941,3665,3905,4384,2514
AT1G30000,5164,4717,3484,4086,5388,3689
AT1G30010,730,658,433,615,718,582
AT1G30020,4,4,0,4,6,2
AT1G30040,111,62,67,610,656,268
AT1G30050,266,296,210,93,99,84
AT1G30070,2543,2468,1946,1668,2004,1236
AT1G30080,2182,2122,1639,1063,1883,1089
AT1G30090,2277,2144,1666,2742,3451,2529
AT1G30100,26,38,26,10,25,9
AT1G30110,2586,2253,1862,1615,2587,1148
AT1G30120,17758,16919,13139,15152,18275,10788
AT1G30130,9158,8855,6215,10709,13283,7033
AT1G30135,0,7,10,17,19,5
AT1G30140,149,165,139,73,136,44
AT1G30160,8,19,8,0,0,0
AT1G30190,0,0,0,26,16,3
AT1G30200,4103,4012,2900,3955,4733,3650
AT1G30210,0,0,3,3,0,6
AT1G30220,18,22,14,69,67,60
AT1G30230,51740,47323,37023,46255,55372,39855
AT1G30240,1670,1941,1091,1179,1191,1136
AT1G30260,144,119,121,585,720,250
AT1G30270,12265,11821,9748,10103,12506,7355
AT1G30280,1089,1091,821,437,553,412
AT1G30282,13,32,20,6,10,2
AT1G30290,521,443,321,524,613,463
AT1G30300,2022,1855,1264,1628,2276,1440
AT1G30320,1100,959,700,2944,3844,2482
AT1G30330,5111,5237,2875,3624,4126,4554
AT1G30360,36886,34284,24930,48857,60910,34157
AT1G30370,263,335,225,489,744,508
AT1G30380,1048,1534,807,813,1191,456
AT1G30400,23960,22976,13730,15959,22580,18634
AT1G30410,5513,4860,3617,2171,3445,2524
AT1G30420,5084,4343,3250,3310,4977,3373
AT1G30440,7857,7220,4978,3250,3924,3267
AT1G30450,6978,6265,4044,4931,6327,5498
AT1G30455,0,0,0,21,8,11
AT1G30460,2168,2442,1549,3020,3336,2391
AT1G30470,6119,5995,3922,4700,5732,3512
AT1G30473,10,22,8,29,43,0
AT1G30475,1045,905,792,1183,1618,827
AT1G30480,1659,1626,1093,2052,2574,1863
AT1G30490,2917,2862,2130,2157,2408,1987
AT1G30500,112,119,123,347,429,212
AT1G30510,17790,19315,12856,5796,8099,5554
AT1G30515,53,56,53,79,51,29
AT1G30520,368,323,270,340,396,272
AT1G30530,181,204,104,80,110,68
AT1G30540,2196,1960,1458,1478,2006,1136
AT1G30545,368,381,265,287,384,241
AT1G30550,2013,1615,1344,608,751,518
AT1G30560,17,5,9,0,3,0
AT1G30570,2068,2116,1414,615,897,760
AT1G30580,31136,30745,22316,28744,33822,23596
AT1G30590,5580,5036,4290,4808,6354,3954
AT1G30600,2384,2284,1619,2174,2513,2192
AT1G30610,711,710,438,491,582,378
AT1G30620,3025,2448,1991,3328,3774,2247
AT1G30630,20006,19049,13985,11787,15772,9882
AT1G30640,2610,2827,2125,3727,4940,2471
AT1G30650,3540,3504,2589,2773,5036,2781
AT1G30660,25,34,24,50,60,26
AT1G30680,1911,1844,1261,1629,1671,1480
AT1G30690,15423,15127,9633,2138,2962,1774
AT1G30700,6585,7698,4326,9891,17329,8202
AT1G30720,1034,848,599,956,1666,1107
AT1G30730,1180,1306,792,4317,7589,5576
AT1G30740,3,0,0,8,0,6
AT1G30750,13510,12610,11935,8929,14924,5394
AT1G30755,1138,1025,854,1134,1683,880
AT1G30757,35,12,7,14,25,13
AT1G30760,3059,2333,1955,252,502,202
AT1G30780,3,0,0,4,12,7
AT1G30810,1393,1318,954,1862,2275,1642
AT1G30820,8930,7815,6933,12969,13879,9342
AT1G30825,1911,1831,1372,1883,2418,1467
AT1G30835,4041,3722,3169,2370,3618,2677
AT1G30840,1569,1715,977,95,181,58
AT1G30845,749,632,595,619,851,498
AT1G30850,775,845,437,246,560,333
AT1G30860,188,203,191,214,234,164
AT1G30870,17788,18309,12378,3715,8867,5156
AT1G30880,9023,7594,6420,7618,9379,5799
AT1G30890,4441,4374,3396,2802,4068,2420
AT1G30900,7427,7278,5108,2894,3996,2102
AT1G30910,1529,1354,1112,1167,1682,824
AT1G30935,143,116,102,130,207,140
AT1G30940,0,2,0,3,6,0
AT1G30960,1243,1112,802,587,593,427
AT1G30970,5253,4703,3556,3625,4947,3405
AT1G30990,1245,1213,856,179,353,205
AT1G31010,801,759,547,486,484,303
AT1G31020,1634,1501,1355,1732,2197,1104
AT1G31040,79,50,48,125,142,116
AT1G31050,2583,2813,1978,786,1036,535
AT1G31070,9273,9446,6402,4246,4997,3205
AT1G31120,4312,4371,3090,2814,4356,2650
AT1G31130,8723,8140,6864,6669,10949,5309
AT1G31150,922,918,752,542,620,450
AT1G31160,1241,1206,892,893,1257,815
AT1G31170,782,837,659,1554,1942,845
AT1G31175,1128,861,819,1131,1405,1095
AT1G31180,4752,4804,2922,3825,4019,4112
AT1G31190,718,808,495,680,866,433
AT1G31200,70,101,101,103,121,81
AT1G31220,1291,1060,844,1084,1363,812
AT1G31230,5169,4993,3066,3720,4335,3642
AT1G31240,126,119,87,100,77,95
AT1G31243,8,11,6,3,2,2
AT1G31258,331,325,285,468,548,284
AT1G31280,2278,2407,1543,1255,1625,1391
AT1G31290,12,10,5,77,74,116
AT1G31300,5777,5367,4145,4145,5211,3188
AT1G31310,64,34,32,39,57,31
AT1G31320,248,295,210,19,31,35
AT1G31330,2398,3001,1969,895,1752,653
AT1G31335,482,659,542,169,235,125
AT1G31340,4716,5026,3770,3612,4355,2033
AT1G31350,1416,1226,885,1302,1557,1127
AT1G31355,542,402,314,315,434,253
AT1G31360,1433,1448,962,1659,1796,1513
AT1G31400,5,0,8,0,7,5
AT1G31410,839,790,575,985,936,736
AT1G31420,11158,10839,7752,5039,6364,4117
AT1G31430,82,93,52,25,28,41
AT1G31440,4683,4354,3282,2864,4070,2722
AT1G31460,502,577,445,638,939,380
AT1G31470,1994,1964,1508,2507,3192,1904
AT1G31480,2136,2164,1657,1768,2320,1568
AT1G31485,142,128,93,95,100,41
AT1G31490,39,30,42,55,34,31
AT1G31500,2215,2065,1632,2385,2704,1818
AT1G31540,1094,922,662,364,746,352
AT1G31600,4050,3748,2904,3503,4505,2557
AT1G31650,614,662,461,485,663,459
AT1G31660,4635,4911,3204,3455,3547,2983
AT1G31670,16,22,5,0,0,0
AT1G31710,8161,7334,7673,3261,4545,2127
AT1G31720,707,547,559,411,564,274
AT1G31730,11901,11849,8304,10011,12846,11477
AT1G31750,148,122,174,900,1186,491
AT1G31760,862,830,753,542,613,312
AT1G31770,12957,14286,9435,3644,5329,3547
AT1G31772,159,112,72,82,114,28
AT1G31780,7419,6887,4908,6152,7677,6480
AT1G31790,76,78,83,44,48,45
AT1G31800,189,324,169,231,284,190
AT1G31810,2900,3191,2042,2820,3695,2410
AT1G31812,36120,36040,29309,26233,31904,20061
AT1G31814,645,552,428,594,652,590
AT1G31817,4822,4922,2947,2582,3003,1982
AT1G31820,172,152,73,315,469,314
AT1G31830,3721,3309,2334,2682,3413,2631
AT1G31835,290,289,223,559,499,410
AT1G31840,103,82,61,51,52,38
AT1G31850,12976,11908,8792,10237,13112,9891
AT1G31860,4532,4929,3819,6042,6080,3933
AT1G31870,2062,2086,1408,2020,2574,1546
AT1G31880,281,257,180,466,498,352
AT1G31885,405,339,219,50,89,29
AT1G31900,144,141,106,175,199,83
AT1G31910,26076,25265,16337,20150,23795,18470
AT1G31930,4345,4055,2685,3720,5265,4045
AT1G31935,2000,1844,1494,1870,2496,996
AT1G31940,1132,1047,836,782,1042,565
AT1G31950,7953,6769,5379,7435,10796,7857
AT1G31970,9799,9610,5870,6514,7090,6351
AT1G31990,30,22,13,21,40,19
AT1G32050,16181,16525,12835,20369,24403,14382
AT1G32060,16,6,3,11,4,0
AT1G32070,2056,2063,1521,1678,2234,1416
AT1G32080,5,16,11,3,27,11
AT1G32090,6268,5076,4184,3278,5139,2822
AT1G32100,10499,10388,6433,14851,19736,11028
AT1G32120,37,54,19,17,32,39
AT1G32127,3402,2846,2164,2348,3520,2302
AT1G32130,8993,8720,5625,8340,11107,7389
AT1G32150,1808,1772,1500,1794,2204,1349
AT1G32160,676,686,460,758,936,512
AT1G32170,19026,17967,14348,9148,12980,6338
AT1G32172,1,7,0,5,0,0
AT1G32190,3316,2920,2088,4072,5647,4507
AT1G32200,1351,1312,991,1357,1704,1300
AT1G32210,16285,14455,12622,10057,14798,8726
AT1G32220,595,670,469,563,624,440
AT1G32230,23306,21438,16879,33505,40526,26165
AT1G32240,675,591,427,357,427,352
AT1G32260,1928,1647,1409,1923,2544,1738
AT1G32270,40,21,46,50,60,34
AT1G32310,1019,899,710,1168,1431,758
AT1G32330,1719,1691,1193,1515,1841,1330
AT1G32340,1745,1678,1252,2092,2707,1670
AT1G32350,0,0,0,0,4,6
AT1G32360,1876,1705,1386,2318,3028,1950
AT1G32370,1457,1168,964,1638,1903,895
AT1G32375,9,5,8,16,16,13
AT1G32380,2364,2143,1623,2039,2438,1801
AT1G32385,27,38,8,3,12,7
AT1G32400,11257,10915,7556,11620,15035,9097
AT1G32410,3341,3106,2535,2685,3750,1696
AT1G32415,199,176,89,84,93,113
AT1G32440,5564,5764,3700,5081,5816,4160
AT1G32450,23834,22771,18011,7331,7437,3671
AT1G32460,7489,7693,6849,4085,5975,2843
AT1G32470,17,15,11,7,0,7
AT1G32490,4364,4502,2910,6127,6952,5553
AT1G32500,2495,2518,1659,2033,2589,1917
AT1G32510,23,16,14,373,626,334
AT1G32520,108,79,83,440,387,195
AT1G32530,2048,2066,1229,2822,3593,2756
AT1G32540,30,27,19,3,15,9
AT1G32550,354,348,285,420,523,274
AT1G32560,16,20,14,89,88,79
AT1G32570,12,16,11,0,3,3
AT1G32575,0,0,5,6,0,0
AT1G32580,4465,4782,3190,3868,4200,3116
AT1G32583,158,146,110,191,227,133
AT1G32585,3,0,11,3,0,0
AT1G32610,196,225,149,230,320,243
AT1G32630,1170,1265,917,973,1178,626
AT1G32640,7756,6821,5467,4204,5439,3399
AT1G32690,1421,1132,984,1055,1657,843
AT1G32700,4575,5000,3934,4965,6685,2524
AT1G32730,790,749,463,512,612,385
AT1G32740,810,735,523,339,401,200
AT1G32750,4564,4366,3369,5662,7413,5535
AT1G32760,878,979,631,1197,1405,1185
AT1G32770,0,11,0,3,5,3
AT1G32790,16033,14420,10407,15762,20009,12311
AT1G32810,2071,1840,1312,2359,2888,2002
AT1G32850,13,6,16,32,35,24
AT1G32860,1363,1215,868,2524,2990,2018
AT1G32870,490,508,326,1338,1533,903
AT1G32900,144,130,92,81,115,81
AT1G32920,1455,1446,1065,2344,2750,1359
AT1G32928,210,283,198,412,495,233
AT1G32930,1566,1508,1427,805,1150,589
AT1G32940,1163,1353,863,1382,1915,1244
AT1G32950,276,319,230,161,214,114
AT1G32960,0,0,3,106,110,93
AT1G32970,16,5,18,20,16,9
AT1G32990,1377,1390,962,991,1200,839
AT1G33030,56,32,20,33,85,44
AT1G33040,4066,4171,3423,2011,2457,1565
AT1G33050,4333,3967,3047,4447,6579,4386
AT1G33055,361,269,381,58,100,27
AT1G33060,920,795,612,961,1344,917
AT1G33080,769,774,580,387,482,405
AT1G33090,1148,1082,885,774,1151,887
AT1G33100,415,445,400,86,127,77
AT1G33102,182,186,104,301,385,282
AT1G33110,4019,3688,2528,10169,13412,9346
AT1G33120,44061,41976,31345,33997,40841,27353
AT1G33140,51536,49945,38390,39204,50277,30840
AT1G33160,0,0,3,40,35,13
AT1G33170,554,699,490,238,308,217
AT1G33200,11,20,6,0,3,0
AT1G33230,9495,8522,6959,8826,10625,6321
AT1G33240,11777,9753,8214,4902,6906,5652
AT1G33250,5221,4880,3796,5017,6460,4676
AT1G33260,728,537,561,88,199,167
AT1G33265,2843,2701,2070,1990,2631,1776
AT1G33270,1457,1564,1109,1841,2385,1650
AT1G33280,878,802,447,629,856,815
AT1G33290,1021,1034,793,1388,1774,1208
AT1G33320,285,239,247,57,83,38
AT1G33330,843,758,555,768,1005,573
AT1G33340,258,322,182,259,267,154
AT1G33350,364,375,291,398,531,354
AT1G33360,5430,5151,3685,4263,5462,4418
AT1G33390,1466,1550,929,1094,1356,1071
AT1G33400,1299,1194,942,1078,1360,1043
AT1G33410,4504,4607,2872,3832,4012,3725
AT1G33415,1262,969,853,1201,1789,1158
AT1G33420,535,586,392,320,485,318
AT1G33430,0,6,0,1,3,0
AT1G33440,480,460,303,277,324,152
AT1G33470,12214,10388,7991,4151,4964,3208
AT1G33475,6,40,35,51,52,44
AT1G33480,1048,949,896,703,827,544
AT1G33490,2519,2244,1821,4010,5199,2865
AT1G33500,211,195,130,140,159,99
AT1G33510,0,0,0,6,4,0
AT1G33520,4183,3654,2738,3090,4509,3256
AT1G33540,800,794,600,189,220,124
AT1G33560,1373,1415,849,818,1170,865
AT1G33590,3467,3211,1975,7161,10301,6852
AT1G33600,71,58,28,525,646,462
AT1G33610,752,600,452,316,621,424
AT1G33612,299,288,107,134,379,309
AT1G33615,67,95,80,137,142,70
AT1G33660,0,13,10,14,11,14
AT1G33670,289,232,186,61,81,74
AT1G33680,6800,6593,4727,7017,8024,7103
AT1G33700,4311,4602,3549,1748,2141,1100
AT1G33750,7272,6565,4836,5971,7895,6916
AT1G33770,23,19,15,45,51,9
AT1G33780,2427,2421,1751,2433,3214,1617
AT1G33790,157,143,108,169,169,137
AT1G33800,14508,14864,9266,6876,9782,6326
AT1G33810,1544,1541,1143,1690,1784,943
AT1G33813,2,5,3,9,11,0
AT1G33817,3,4,0,0,3,0
AT1G33840,8,0,5,0,0,0
AT1G33870,11,10,15,0,0,0
AT1G33970,543,457,393,746,799,453
AT1G33980,4248,4098,2703,5171,6414,4850
AT1G33990,5215,5307,3734,3813,5384,3126
AT1G34000,2482,2416,1854,2616,4027,1780
AT1G34010,2837,2447,1781,2030,2699,1682
AT1G34020,4857,4239,3229,3574,4496,3226
AT1G34030,23317,21941,18009,16207,20174,11960
AT1G34040,2322,2179,1699,577,1025,465
AT1G34044,42,29,21,7,11,16
AT1G34047,31,25,17,6,32,12
AT1G34050,6,9,7,3,15,10
AT1G34060,118,112,73,111,144,63
AT1G34065,1171,1147,857,670,794,709
AT1G34110,2092,1997,1447,1024,1408,1304
AT1G34120,1521,1314,1106,1304,1912,974
AT1G34130,9815,9114,7065,5410,7439,5884
AT1G34150,1465,1172,822,1487,1896,1454
AT1G34160,503,651,359,456,465,422
AT1G34180,87,64,47,76,140,103
AT1G34190,7194,7016,4598,7141,8923,6863
AT1G34200,1749,1518,1127,1499,1951,1454
AT1G34210,1585,1619,1072,1129,1263,1086
AT1G34220,3677,3898,2899,4900,6147,3932
AT1G34245,0,0,3,9,8,20
AT1G34260,1659,1587,882,1439,1722,1404
AT1G34270,1710,1655,1414,1191,1422,1021
AT1G34300,2338,2050,1731,2610,3368,2322
AT1G34310,8,0,0,0,8,0
AT1G34315,771,740,597,615,902,544
AT1G34317,39,41,0,11,27,0
AT1G34320,7335,6893,4766,3604,5562,4831
AT1G34330,1690,1678,1389,289,528,364
AT1G34340,2249,2374,1952,1194,1647,793
AT1G34350,3665,3303,2669,2133,2672,1363
AT1G34355,903,927,528,311,315,307
AT1G34360,2382,2185,1596,2014,2658,2006
AT1G34370,11085,9902,7556,12644,17069,11121
AT1G34380,253,239,153,216,231,157
AT1G34418,2135,2057,1583,2282,2913,1756
AT1G34420,418,433,314,422,718,406
AT1G34430,14845,14043,9271,8890,11037,9058
AT1G34460,14,19,15,23,28,21
AT1G34470,1788,1542,1241,1278,1673,1234
AT1G34480,73,28,45,61,53,41
AT1G34490,59,63,26,8,10,5
AT1G34500,33,14,8,2,7,6
AT1G34510,1611,1471,1854,74,196,109
AT1G34520,60,57,98,0,6,0
AT1G34540,95,108,146,3,5,0
AT1G34550,5458,5568,3639,3745,4758,3517
AT1G34570,614,551,398,480,546,322
AT1G34630,3543,3275,2525,5647,6896,4308
AT1G34640,33,22,18,33,80,26
AT1G34670,211,227,352,1175,1458,720
AT1G34750,2159,2116,1404,1165,2124,1176
AT1G34760,458,469,408,90,224,128
AT1G34770,1008,927,807,868,902,588
AT1G34780,1357,1104,825,1503,1814,1396
AT1G34842,18,11,12,8,22,8
AT1G34844,268,232,203,221,240,106
AT1G35112,56,44,39,11,36,13
AT1G35115,3187,2891,2465,2650,3638,1844
AT1G35130,0,0,0,10,5,0
AT1G35140,46,55,29,64,73,63
AT1G35160,22398,19721,16682,15290,20359,11120
AT1G35170,4,4,8,31,24,11
AT1G35180,29,43,45,188,159,81
AT1G35183,7,4,0,4,0,0
AT1G35186,8,3,4,0,0,0
AT1G35190,1561,1448,1115,1906,2248,1173
AT1G35210,44,49,29,167,235,163
AT1G35220,6369,5777,4106,3852,5230,4551
AT1G35230,82,124,68,11,22,4
AT1G35240,50,45,40,53,58,25
AT1G35250,473,600,553,217,226,131
AT1G35255,152,176,127,210,266,106
AT1G35260,4059,4024,3092,2082,2755,1373
AT1G35270,178,99,73,3,17,12
AT1G35310,0,8,6,13,0,2
AT1G35320,7042,6478,5351,5826,7716,4686
AT1G35330,480,400,317,82,175,98
AT1G35340,961,1005,778,624,821,587
AT1G35350,1106,1154,972,258,564,242
AT1G35430,964,942,672,823,968,703
AT1G35460,1029,864,574,1174,1539,871
AT1G35470,2144,2213,1481,1575,2206,1290
AT1G35510,3107,2816,2166,1848,2222,1506
AT1G35513,93,92,74,29,44,25
AT1G35515,333,342,286,88,111,72
AT1G35516,4484,3640,3152,3228,4421,2890
AT1G35530,739,688,540,273,434,315
AT1G35560,253,321,218,202,274,119
AT1G35580,35204,34835,26134,20607,23999,16579
AT1G35610,294,185,145,56,37,55
AT1G35612,2054,1705,1878,1149,1392,712
AT1G35620,7202,6481,5052,3900,5668,3165
AT1G35625,19,26,25,13,11,0
AT1G35660,1101,1010,747,1309,1415,1194
AT1G35670,7347,7031,4690,4953,6507,4216
AT1G35680,2089,2186,1677,2023,2347,1655
AT1G35710,14,8,8,26,5,6
AT1G35720,61867,66973,43988,33800,45723,22248
AT1G35730,1,0,2,8,8,11
AT1G35780,4191,3755,3191,5001,5131,3030
AT1G35830,6,9,17,25,14,11
AT1G35910,419,373,244,569,668,409
AT1G36050,9783,9007,7062,6816,8725,5855
AT1G36060,10767,9860,8177,3315,5254,5320
AT1G36070,1452,1161,906,1251,1606,1083
AT1G36160,26846,28876,17333,25810,33170,26531
AT1G36180,759,803,515,409,581,510
AT1G36280,1626,1506,985,735,944,736
AT1G36310,3466,3426,1953,2664,2923,2344
AT1G36320,1177,1108,896,1491,1715,1083
AT1G36370,3736,3381,2512,9089,12317,9084
AT1G36380,1352,1320,1084,1418,2084,1036
AT1G36390,1029,1001,778,573,808,510
AT1G36622,39,22,24,53,78,26
AT1G36640,41,35,36,9,13,9
AT1G36675,36,55,34,14,11,5
AT1G36680,45,63,63,12,27,7
AT1G36730,16757,16420,10366,13915,15001,11532
AT1G36940,378,318,326,57,113,57
AT1G36980,9283,8512,8048,9154,12360,6686
AT1G36990,2797,2636,1828,2438,3160,2317
AT1G37130,28629,31406,19272,15313,22244,18881
AT1G37150,146,103,111,76,94,98
AT1G37999,8,0,5,6,3,3
AT1G38065,1896,1870,1402,478,848,547
AT1G38131,2586,2377,1660,600,1040,900
AT1G41830,21030,22897,13643,7770,10480,7728
AT1G41880,25695,26233,22021,17195,20790,13757
AT1G42430,1878,1785,1334,1523,1805,1427
AT1G42440,5745,5878,3835,4615,5022,3841
AT1G42470,4989,4185,3689,5849,7574,4158
AT1G42480,4371,4058,3257,2045,2262,1202
AT1G42490,12,6,4,3,0,0
AT1G42540,1842,1828,1000,1075,1589,1428
AT1G42550,279,377,180,218,281,187
AT1G42960,14701,13609,10861,7818,10479,5695
AT1G42970,63,102,45,63,80,67
AT1G42990,3915,3368,2789,4278,6195,2922
AT1G43000,132,118,87,12,12,17
AT1G43010,6,0,4,0,0,0
AT1G43020,2996,2877,2075,909,1597,815
AT1G43040,74,84,46,14,29,13
AT1G43130,3837,3485,2991,4296,5811,3853
AT1G43140,669,662,547,251,493,260
AT1G43160,7487,6930,5842,35597,45003,21493
AT1G43170,104187,106794,70103,72219,82503,71951
AT1G43180,0,9,0,3,8,3
AT1G43190,7865,7566,5380,6049,7683,4727
AT1G43245,349,344,263,455,599,499
AT1G43250,2,8,0,0,3,0
AT1G43270,3,0,0,7,4,0
AT1G43560,1004,862,770,1234,1417,716
AT1G43580,5148,4559,3497,3309,4318,3297
AT1G43590,38,7,9,13,17,3
AT1G43620,2074,2009,1573,1672,2010,1309
AT1G43640,11,3,6,0,0,3
AT1G43650,1393,1512,1061,253,269,133
AT1G43670,3539,2859,2536,4810,6243,3294
AT1G43675,51,51,43,98,116,53
AT1G43690,7847,7939,4867,5937,7270,5682
AT1G43700,3726,3379,2530,3727,5051,2942
AT1G43710,19883,19242,13714,11840,14898,9798
AT1G43765,144,114,102,118,185,69
AT1G43770,344,274,239,634,744,405
AT1G43790,1559,1583,1072,2720,2836,1982
AT1G43800,93,34,27,123,83,58
AT1G43850,4934,4674,3550,4508,5742,4642
AT1G43860,3416,3376,2574,4134,5082,2933
AT1G43883,0,6,0,3,6,1
AT1G43886,24,23,20,26,39,18
AT1G43890,13028,12268,9354,17903,21017,10823
AT1G43900,3061,2994,2400,3560,4095,2696
AT1G43910,1896,1514,1027,1845,2141,1306
AT1G43980,97,110,99,44,70,56
AT1G44000,1393,1416,1155,1776,2402,1484
AT1G44020,251,242,156,7,33,21
AT1G44030,31,26,11,0,2,4
AT1G44050,434,288,204,9,15,7
AT1G44090,14,15,16,188,322,180
AT1G44100,5408,5851,3701,4869,7527,4393
AT1G44110,1153,1229,945,203,187,136
AT1G44120,21,26,27,30,20,13
AT1G44125,1327,910,980,758,1139,771
AT1G44130,9,2,4,0,6,0
AT1G44150,5,2,0,2,6,4
AT1G44160,849,686,595,1079,1606,679
AT1G44170,14308,14278,10593,8864,12910,6059
AT1G44180,48,38,41,8,24,0
AT1G44318,438,336,295,84,87,99
AT1G44350,1009,952,736,901,972,705
AT1G44370,2,3,3,1,0,1
AT1G44414,11,6,8,18,9,6
AT1G44446,813,889,599,1064,1324,723
AT1G44478,15,4,7,0,0,11
AT1G44542,84,62,72,5,30,8
AT1G44575,617,1013,402,179,357,217
AT1G44608,3720,3502,2916,1778,2658,1120
AT1G44740,311,294,239,210,244,151
AT1G44750,4431,4128,3177,3627,5256,3084
AT1G44760,1871,1614,1163,1273,1391,949
AT1G44770,5548,5119,3890,4658,6473,2752
AT1G44780,807,884,519,495,572,433
AT1G44790,1414,1247,1033,915,1163,566
AT1G44800,17650,23269,12480,17225,18514,11276
AT1G44810,3347,2932,2421,3355,4535,2904
AT1G44820,3166,3061,2069,2172,3047,2030
AT1G44830,112,124,109,46,90,64
AT1G44835,4890,4920,3726,4159,4938,3522
AT1G44840,5,5,6,5,9,0
AT1G44890,34,44,42,81,62,54
AT1G44900,3095,3187,1888,1500,1569,1238
AT1G44910,3003,3125,2133,2171,2935,2131
AT1G44920,625,695,473,578,721,508
AT1G44960,2301,2181,1521,2609,3002,2483
AT1G44970,4891,4517,4192,1271,2913,1296
AT1G45000,16226,14843,9692,10154,12245,7906
AT1G45010,0,5,7,0,0,0
AT1G45015,1916,1445,1793,676,1115,424
AT1G45035,7,4,3,12,10,0
AT1G45050,1901,1702,1476,2195,2994,1388
AT1G45063,0,0,0,24,15,3
AT1G45110,339,398,254,178,242,189
AT1G45120,1060,948,589,620,837,637
AT1G45130,17972,17527,12431,17783,24193,13969
AT1G45145,16766,15066,13110,19722,29981,10080
AT1G45150,1945,1824,1555,2672,3146,1945
AT1G45160,7009,6723,4761,4368,5759,4366
AT1G45163,273,304,240,215,305,204
AT1G45165,22,24,21,19,13,9
AT1G45170,1153,894,668,1176,1191,707
AT1G45180,808,771,520,841,943,747
AT1G45201,30,10,30,23,36,10
AT1G45207,1963,1757,1197,839,1225,816
AT1G45229,120,82,100,141,164,79
AT1G45230,450,522,326,1045,1137,706
AT1G45231,894,811,589,672,785,490
AT1G45233,1378,1177,856,1165,1374,884
AT1G45248,189,212,114,180,174,139
AT1G45249,2585,2639,1836,6001,7717,4601
AT1G45332,4026,4192,2632,2735,3094,2510
AT1G45474,222,217,146,114,172,91
AT1G45545,324,382,211,59,132,121
AT1G45616,5,18,13,3,10,3
AT1G45688,18686,17276,13397,8183,12323,6725
AT1G45976,2166,2027,1613,4706,5809,2945
AT1G46264,3658,3009,2494,3271,4504,3719
AT1G46480,33,31,13,0,8,0
AT1G46552,104,66,78,45,47,59
AT1G46554,440,431,312,1071,1379,871
AT1G46768,166,141,150,670,788,346
AT1G47056,1399,1314,899,1844,2055,1602
AT1G47128,65178,63917,36825,87463,130490,69280
AT1G47130,11,11,10,500,583,383
AT1G47200,6006,5320,4024,3926,5199,3234
AT1G47210,2987,2750,2088,1044,1431,1088
AT1G47230,1969,1789,1126,1094,1362,1038
AT1G47240,3881,3779,2600,3549,4715,3270
AT1G47250,2982,2703,1823,1840,2369,1708
AT1G47260,32347,31995,22715,21850,30131,18010
AT1G47270,1148,1020,746,1585,2038,1531
AT1G47271,275,319,220,336,361,161
AT1G47278,3901,4063,3117,3389,3978,2484
AT1G47280,1,2,1,7,3,0
AT1G47290,6552,5701,4387,3949,5397,3613
AT1G47310,2496,2352,1826,2896,3390,2109
AT1G47317,3,5,2,0,0,0
AT1G47330,3038,3262,2450,2463,3270,1971
AT1G47340,701,624,527,908,959,682
AT1G47380,7746,6971,5246,5358,7670,5485
AT1G47395,36,22,18,5,25,0
AT1G47400,44,12,15,12,6,10
AT1G47410,902,988,572,898,1128,552
AT1G47420,25877,25400,16982,19915,26023,17077
AT1G47480,5643,5800,4259,2676,4288,2051
AT1G47490,8582,8504,5487,6706,7841,6292
AT1G47500,6561,6478,4195,4486,4620,4055
AT1G47510,187,108,105,2442,2282,1854
AT1G47520,101,70,76,161,162,117
AT1G47530,11057,11208,6789,18603,26190,16516
AT1G47550,8777,8319,5697,7028,8437,5651
AT1G47560,898,786,548,467,580,452
AT1G47565,285,257,198,254,316,190
AT1G47570,2487,2506,1790,2229,2595,1802
AT1G47578,248,204,127,61,133,164
AT1G47580,331,347,301,204,227,198
AT1G47590,757,685,415,41,63,49
AT1G47600,5869,6158,3065,7431,10119,7146
AT1G47603,74,118,55,14,17,19
AT1G47610,140,104,105,321,582,214
AT1G47620,116,75,56,44,121,153
AT1G47630,95,83,69,29,72,85
AT1G47640,12785,11982,8862,8939,12631,8694
AT1G47655,284,317,248,122,103,93
AT1G47670,5017,5009,3808,2325,2714,2178
AT1G47690,3,1,4,0,5,0
AT1G47710,4756,4554,3118,8156,10122,5689
AT1G47720,656,590,476,644,758,567
AT1G47740,10863,9433,7691,4589,6336,4634
AT1G47750,1259,1159,740,888,1241,688
AT1G47760,220,221,160,126,148,71
AT1G47783,6,12,6,7,12,3
AT1G47820,643,617,660,659,740,358
AT1G47830,4254,3942,3222,3462,4064,2361
AT1G47840,4377,4051,3144,1550,2341,2026
AT1G47860,6200,5943,4731,3469,6271,3820
AT1G47870,1468,1504,1064,1348,1529,941
AT1G47890,6,6,8,3,6,6
AT1G47900,3438,3621,2328,2614,3125,2252
AT1G47920,18,0,3,0,0,0
AT1G47930,13,16,14,18,19,10
AT1G47960,343,270,244,1335,1360,624
AT1G47970,6556,6618,5090,7721,11143,5671
AT1G47980,0,7,0,62,105,55
AT1G48000,55,46,23,955,1239,478
AT1G48020,0,0,6,3,4,2
AT1G48030,11443,12334,7300,10127,12397,9462
AT1G48040,1011,921,647,1044,1354,867
AT1G48050,2052,1899,1323,1883,2393,1553
AT1G48060,38,29,19,33,25,41
AT1G48070,189,187,88,16,19,40
AT1G48090,7817,7625,5382,7044,9539,6866
AT1G48100,80,70,73,1368,1789,1120
AT1G48110,6177,6251,4664,7802,10019,6162
AT1G48120,1163,1166,677,612,774,485
AT1G48140,3204,2826,2656,3422,4171,1975
AT1G48160,5465,5093,4010,4993,6637,3326
AT1G48170,1579,1813,1479,1379,1545,1004
AT1G48175,1342,1307,996,1011,1390,911
AT1G48200,2318,1981,1454,1768,2339,1232
AT1G48210,2347,2316,1545,1858,2558,1305
AT1G48220,0,0,6,0,10,3
AT1G48230,9045,8649,6128,3713,5045,3493
AT1G48240,2331,2192,1889,864,1018,644
AT1G48260,572,408,436,682,1140,517
AT1G48267,15,9,14,5,8,7
AT1G48268,8,4,0,0,0,0
AT1G48270,1337,1252,1002,1005,1151,752
AT1G48280,649,573,359,366,523,405
AT1G48300,8061,7221,6198,4668,7251,3393
AT1G48310,1342,1275,754,1211,1294,853
AT1G48315,235,210,172,219,383,290
AT1G48320,1385,1477,972,2154,3032,1539
AT1G48325,3,0,0,17,14,6
AT1G48330,1765,1554,1257,1832,2674,1699
AT1G48350,2382,2110,1637,2762,3083,1856
AT1G48360,1325,1136,1009,865,1168,946
AT1G48370,1871,1754,1362,1952,2821,2222
AT1G48380,1763,1530,1263,1843,2030,1246
AT1G48390,140,109,84,148,138,132
AT1G48400,5,5,5,11,8,5
AT1G48405,7,17,7,121,144,47
AT1G48410,19765,19612,12465,16258,18971,13972
AT1G48420,4965,4549,3482,4320,5138,3165
AT1G48430,2246,2086,1739,1868,2247,1562
AT1G48440,7155,6689,6317,7988,11012,5770
AT1G48450,1832,1729,1277,2908,3410,2207
AT1G48460,1215,1094,780,407,605,350
AT1G48470,28,41,28,18,8,0
AT1G48480,5351,5315,3719,622,1214,781
AT1G48490,4359,4297,2954,3171,4324,3147
AT1G48500,461,515,579,56,111,41
AT1G48510,1160,1201,882,138,226,133
AT1G48520,1802,1619,1239,1190,1468,1114
AT1G48540,782,809,593,760,1111,543
AT1G48550,1304,1156,1031,1892,2240,1613
AT1G48560,357,350,257,366,455,460
AT1G48570,1676,1868,1086,1206,1238,907
AT1G48580,434,519,283,453,445,403
AT1G48600,35903,37366,26664,21933,26463,15623
AT1G48605,572,429,254,452,638,587
AT1G48610,3839,3382,2999,2091,2560,1653
AT1G48620,8420,7863,6270,5843,8263,5748
AT1G48630,30601,29690,19768,17220,18926,16797
AT1G48635,2570,2199,1723,3082,3327,2143
AT1G48640,703,755,519,241,351,239
AT1G48650,4400,4381,2541,4902,5761,5540
AT1G48670,768,873,591,117,182,111
AT1G48690,621,564,460,288,489,209
AT1G48698,113,92,77,87,167,97
AT1G48700,15,16,21,10,16,12
AT1G48710,3,0,2,1,3,2
AT1G48720,2,0,3,2,2,1
AT1G48740,200,218,159,279,272,161
AT1G48745,507,462,329,656,1087,297
AT1G48750,7827,10464,4608,4737,3527,1677
AT1G48760,5528,3093,3674,2819,5359,4070
AT1G48770,509,500,365,550,629,354
AT1G48780,616,537,471,534,750,410
AT1G48790,6528,6352,4846,6210,8315,4591
AT1G48820,0,3,5,0,0,3
AT1G48830,14050,12856,8546,10148,11867,7602
AT1G48840,1380,1288,1014,1684,2172,1169
AT1G48850,22685,23621,14917,16775,22112,13664
AT1G48860,12825,12560,9185,10615,13050,8728
AT1G48870,223,122,140,200,236,86
AT1G48880,1010,828,578,396,637,602
AT1G48900,7985,7616,5278,7616,9110,6034
AT1G48920,55116,56531,34843,30258,39419,33269
AT1G48930,8812,9144,6676,3095,7242,4425
AT1G48950,2514,2364,1614,4710,5358,4123
AT1G48960,676,658,534,760,867,529
AT1G48970,2166,2147,1592,1859,2537,1759
AT1G48990,0,11,8,3,6,0
AT1G49000,58,50,28,50,87,26
AT1G49005,37,44,20,7,13,13
AT1G49010,40,31,28,17,40,11
AT1G49030,626,452,359,16,60,36
AT1G49032,592,520,394,509,587,254
AT1G49040,8331,8321,5329,5786,7433,5744
AT1G49050,4178,3582,2640,3611,4697,3191
AT1G49100,25,32,3,0,0,0
AT1G49110,33,28,15,5,19,16
AT1G49130,0,8,0,22,3,0
AT1G49140,10738,10506,7812,7164,9286,5802
AT1G49150,58,70,36,12,33,14
AT1G49160,1523,1488,1192,1157,1839,819
AT1G49170,595,600,385,876,903,613
AT1G49180,600,510,492,703,947,532
AT1G49200,85,107,92,158,194,128
AT1G49205,4,4,0,0,2,0
AT1G49210,56,92,80,22,39,18
AT1G49225,10,0,0,0,0,0
AT1G49230,168,291,200,3,12,6
AT1G49240,110291,97826,76035,65346,86184,53705
AT1G49245,505,568,418,383,399,292
AT1G49250,0,2,9,4,3,0
AT1G49300,12193,11702,9971,10717,13895,6159
AT1G49310,1393,1303,1098,1463,2058,671
AT1G49320,1906,1905,1487,1417,1868,849
AT1G49330,20,24,19,3,3,0
AT1G49340,10003,9251,5797,4238,5418,4768
AT1G49350,1078,1005,781,857,1327,861
AT1G49360,1112,874,787,1218,1527,776
AT1G49380,418,373,247,512,450,345
AT1G49390,564,591,419,205,327,170
AT1G49400,3345,2865,2236,2529,3351,2298
AT1G49405,48,27,60,62,80,21
AT1G49410,10473,10712,8370,4856,6159,3726
AT1G49430,281,429,353,331,373,248
AT1G49450,572,651,546,4394,5772,2577
AT1G49470,1982,1709,1417,521,648,225
AT1G49475,530,416,306,363,496,292
AT1G49480,5546,4851,4108,3465,4897,3364
AT1G49490,310,404,394,167,251,213
AT1G49500,4269,4298,3959,1540,2198,685
AT1G49510,1952,1784,1439,1133,1341,823
AT1G49520,284,304,185,290,309,200
AT1G49530,254,235,197,150,181,90
AT1G49540,2614,2678,1874,3560,3641,3376
AT1G49560,792,763,550,539,764,479
AT1G49570,401,436,396,53,40,29
AT1G49580,6940,6831,5402,4558,6322,4154
AT1G49590,2058,2082,1715,2411,2685,1651
AT1G49600,21006,19619,12372,14168,16951,16669
AT1G49610,7,0,5,7,11,6
AT1G49620,434,468,419,805,738,443
AT1G49630,1734,1665,1092,1206,1304,1289
AT1G49640,6,3,9,8,3,3
AT1G49650,326,259,242,817,695,447
AT1G49660,7523,6586,5628,3345,4885,2741
AT1G49670,6609,6710,3947,5724,7858,5700
AT1G49700,140,128,73,126,153,102
AT1G49710,4066,3874,2769,3580,5299,3291
AT1G49720,1876,1681,1123,5030,7015,3419
AT1G49730,2210,1994,1728,521,918,557
AT1G49740,3409,3864,2579,2713,3641,1982
AT1G49760,23866,22042,14108,24395,26734,26482
AT1G49780,524,582,370,233,308,209
AT1G49790,5,16,13,5,9,8
AT1G49820,3978,3884,2590,2828,3602,2738
AT1G49832,178,155,115,207,250,140
AT1G49840,1353,1151,781,858,932,919
AT1G49850,1839,1636,1485,1824,2218,1350
AT1G49860,23,12,11,3,8,0
AT1G49870,597,654,380,128,181,70
AT1G49880,359,324,294,327,436,285
AT1G49890,2544,2250,1623,1595,1935,1446
AT1G49900,13,3,5,23,41,16
AT1G49910,801,892,516,485,400,361
AT1G49920,47,58,35,6,20,3
AT1G49938,8,16,8,5,5,3
AT1G49940,96,86,76,49,64,34
AT1G49950,2529,2410,1811,2997,3563,2054
AT1G49952,13,13,5,6,13,0
AT1G49960,100,73,113,90,90,49
AT1G49970,4032,3867,2735,4389,5912,3071
AT1G49975,0,22,7,0,11,0
AT1G49980,1717,1435,1109,1401,1839,1156
AT1G49990,20,20,11,17,13,14
AT1G50000,538,458,347,417,424,327
AT1G50010,74025,66308,45808,27636,36517,29844
AT1G50020,2777,2608,1852,4033,5056,2650
AT1G50030,5726,5373,3616,3903,5101,4396
AT1G50040,274,236,204,90,95,72
AT1G50050,18,6,0,21,18,10
AT1G50055,619,548,390,265,286,233
AT1G50060,3060,3090,1556,2692,3139,2342
AT1G50090,39,26,19,13,0,11
AT1G50110,2926,2573,1840,1203,1473,1044
AT1G50120,4374,3931,2663,2414,2877,2405
AT1G50130,0,10,0,8,11,0
AT1G50140,4076,4059,2722,3372,4209,3017
AT1G50170,1534,1260,960,1245,1411,881
AT1G50180,90,116,51,91,110,79
AT1G50190,11,7,3,4,3,3
AT1G50200,22868,22126,13952,17137,22306,16129
AT1G50240,2149,2358,1416,1570,1648,1099
AT1G50250,3289,3448,1893,4621,6192,4805
AT1G50260,1588,1379,1034,4836,5085,3254
AT1G50270,339,301,239,193,225,169
AT1G50280,15,37,21,9,8,0
AT1G50290,410,482,309,513,734,356
AT1G50300,2179,1986,1508,3012,3697,2624
AT1G50310,10,0,7,8,4,6
AT1G50320,1583,1668,1378,1600,2408,1227
AT1G50360,4775,4519,3440,2668,4065,2618
AT1G50370,8392,7768,5395,7176,8574,5966
AT1G50380,3530,3554,1944,2698,3345,3245
AT1G50390,157,96,94,108,178,73
AT1G50400,106,131,73,112,61,58
AT1G50410,3492,3093,2312,2803,3502,2781
AT1G50420,2499,2391,1841,2230,3108,1926
AT1G50430,22699,19944,16975,14174,18793,13207
AT1G50440,2101,1828,1382,1389,1844,1112
AT1G50450,463,497,412,581,666,508
AT1G50460,4453,3832,2932,1795,2310,1503
AT1G50480,16113,15358,10398,14467,19069,11995
AT1G50490,5147,5721,4001,2246,2420,1956
AT1G50500,7362,6444,4713,5224,6717,4821
AT1G50510,2331,2185,1666,1875,2174,1499
AT1G50520,2387,2245,1519,1174,1786,1274
AT1G50550,96,75,41,17,47,32
AT1G50560,2766,2483,1899,1151,1771,1118
AT1G50570,2633,2420,1868,3167,4491,2726
AT1G50575,1367,1391,823,828,1060,811
AT1G50580,1676,1231,856,400,625,527
AT1G50590,197,162,111,238,344,134
AT1G50600,4842,4463,3069,6118,7290,4180
AT1G50620,1691,1604,1275,1505,1800,1206
AT1G50630,3941,3934,2791,4419,5805,3466
AT1G50640,4034,4122,2619,5919,6785,4907
AT1G50659,8,8,3,2,3,12
AT1G50660,6212,6161,4047,3934,5952,5153
AT1G50670,7414,6863,5701,6563,8401,3516
AT1G50700,779,737,595,550,700,506
AT1G50710,2553,2488,1788,2309,2696,2125
AT1G50720,49,73,21,13,17,11
AT1G50730,2931,2874,1955,2275,3212,2417
AT1G50732,0,3,0,6,3,0
AT1G50740,1798,1625,1429,3689,4796,2369
AT1G50745,5,0,1,9,6,12
AT1G50750,0,0,2,10,11,3
AT1G50770,3,0,8,3,0,0
AT1G50790,213,222,107,141,129,94
AT1G50810,4,0,3,1,1,1
AT1G50840,942,866,494,603,604,592
AT1G50890,1686,1726,1208,754,1058,858
AT1G50900,645,672,462,175,296,187
AT1G50910,467,536,416,357,370,364
AT1G50920,16371,16766,10067,12582,14547,14607
AT1G50930,439,475,320,95,145,48
AT1G50940,2644,2315,1608,2586,3205,2068
AT1G50950,101,101,73,86,121,90
AT1G50960,24,5,0,0,6,0
AT1G50970,457,419,336,402,521,340
AT1G51030,0,3,5,6,11,3
AT1G51035,42,42,11,84,92,76
AT1G51055,0,9,0,11,4,0
AT1G51060,21565,21334,16042,13569,16213,10256
AT1G51070,11135,10189,8344,5797,8348,4192
AT1G51080,98,88,54,53,79,39
AT1G51090,19,10,10,427,479,218
AT1G51100,111,105,74,100,131,75
AT1G51110,30,35,24,37,51,30
AT1G51130,707,654,442,958,812,648
AT1G51140,1786,1902,1271,8457,10436,5647
AT1G51160,9476,8348,6689,8785,11988,6137
AT1G51170,1142,1070,783,1715,1661,1242
AT1G51190,942,881,718,305,435,487
AT1G51200,15552,14042,11822,14772,18708,10920
AT1G51220,23,26,18,8,0,9
AT1G51260,600,565,486,13,24,20
AT1G51270,464,319,310,70,127,26
AT1G51310,888,845,616,1138,1151,797
AT1G51340,207,160,119,203,208,161
AT1G51350,2434,2454,1568,2260,2828,2201
AT1G51355,43,55,39,18,46,7
AT1G51360,674,580,455,558,712,475
AT1G51370,412,363,256,447,425,310
AT1G51380,849,971,581,376,360,288
AT1G51390,1576,1496,1039,1264,1551,987
AT1G51400,301,415,234,333,441,190
AT1G51402,24,19,23,37,40,19
AT1G51405,152,128,96,38,54,66
AT1G51420,6684,6606,4213,8305,13016,7455
AT1G51430,1160,1089,864,1156,1463,787
AT1G51450,1407,1292,832,1704,2076,1812
AT1G51460,0,7,0,3,6,0
AT1G51470,6360,6377,3235,7856,10664,8025
AT1G51480,12,19,8,2,17,3
AT1G51490,0,0,0,31,33,39
AT1G51500,26,39,32,48,65,26
AT1G51510,9472,9109,6600,7561,8314,5250
AT1G51520,382,323,297,195,204,139
AT1G51530,8,15,7,11,3,0
AT1G51540,3025,2995,2258,2822,3375,2402
AT1G51550,788,851,588,1151,1551,814
AT1G51560,1337,1249,779,1456,1579,1051
AT1G51570,8944,8362,5990,6100,7999,5761
AT1G51580,1475,1412,980,1719,1775,1347
AT1G51590,5750,5507,4117,4112,5327,3850
AT1G51600,2671,2444,1412,2268,2584,2259
AT1G51610,1778,1719,1286,1397,1742,1135
AT1G51620,58,74,60,46,71,39
AT1G51630,6625,6779,4945,4922,6138,3627
AT1G51640,169,174,151,229,199,175
AT1G51645,402,355,266,339,450,307
AT1G51650,30415,30267,23422,21655,30879,12838
AT1G51660,1982,1968,1424,1364,2078,1329
AT1G51670,22,18,28,28,22,13
AT1G51680,33840,34514,23005,18055,25942,16139
AT1G51690,9520,9372,6919,8750,11087,7802
AT1G51700,148,204,136,1170,1122,792
AT1G51710,12662,12027,8820,14107,17034,10602
AT1G51720,2461,2420,1661,2703,3095,2199
AT1G51730,5992,5398,3949,5741,7354,4651
AT1G51740,1701,1523,1160,2028,2613,1551
AT1G51745,1469,1404,888,2094,2610,2113
AT1G51750,7,6,8,16,17,3
AT1G51760,7877,7368,5794,9374,12278,6968
AT1G51770,156,160,114,34,45,35
AT1G51780,5,0,5,20,8,6
AT1G51790,2172,1947,1423,329,866,496
AT1G51800,5410,5001,2915,1658,3664,2145
AT1G51820,31,23,22,72,104,55
AT1G51830,10509,9684,8442,1521,3374,1321
AT1G51840,829,919,476,94,213,162
AT1G51850,5659,5388,3111,383,957,456
AT1G51860,3102,2842,2392,639,1404,565
AT1G51870,88,53,83,4,4,0
AT1G51880,566,491,425,58,189,64
AT1G51890,568,534,421,31,127,69
AT1G51913,0,0,0,5,4,5
AT1G51920,23,19,14,0,12,0
AT1G51940,1493,1352,1173,341,384,275
AT1G51950,1629,1433,1036,1827,2383,1205
AT1G51960,9,0,11,4,0,0
AT1G51965,1278,1301,844,1171,1444,1108
AT1G51980,40597,40980,27965,36811,47881,31408
AT1G52040,23,11,12,6,9,9
AT1G52050,5021,5322,2526,3538,3706,3557
AT1G52060,9346,10823,4335,3867,4730,4795
AT1G52070,25250,29055,13487,12398,13263,16397
AT1G52080,858,831,534,994,1346,975
AT1G52100,17,16,6,44,67,67
AT1G52110,8,15,19,0,18,15
AT1G52130,10,3,9,3,0,0
AT1G52140,1249,1308,961,909,1010,440
AT1G52150,5031,5217,3435,2682,2921,2091
AT1G52155,1434,1457,1165,1421,1811,819
AT1G52160,1204,1257,744,798,959,768
AT1G52190,2793,2679,2331,304,581,334
AT1G52191,4,6,2,0,0,0
AT1G52200,8013,6490,4804,1936,3774,1238
AT1G52220,55,99,58,45,82,28
AT1G52230,8,28,17,0,14,5
AT1G52240,466,419,341,112,209,167
AT1G52245,1504,1301,1371,991,945,544
AT1G52260,1734,1628,1273,1979,2257,1796
AT1G52270,3,16,15,62,56,10
AT1G52280,6459,5527,4921,2355,3374,1610
AT1G52290,65,53,81,24,45,22
AT1G52300,49227,50898,39565,39794,46106,28136
AT1G52310,2117,2000,1537,1636,1934,1195
AT1G52315,98,80,69,129,138,73
AT1G52320,1828,1930,1273,1736,2289,1664
AT1G52330,1641,1313,1076,1622,2279,1372
AT1G52340,2918,2668,1946,3945,4675,3338
AT1G52342,413,311,233,1552,2356,919
AT1G52343,38,45,8,46,87,69
AT1G52347,1221,1063,806,1455,2053,1246
AT1G52360,19813,18809,13132,11335,16052,11636
AT1G52370,2571,2571,1939,3041,3467,2310
AT1G52380,4386,4466,3037,3900,4922,3551
AT1G52400,55,83,43,194,383,164
AT1G52410,748,726,690,254,486,194
AT1G52415,11,4,5,0,0,0
AT1G52420,7879,7915,5631,4182,5592,4039
AT1G52430,130,151,81,40,45,40
AT1G52450,259,235,177,102,147,94
AT1G52500,1389,1233,1034,1057,1422,876
AT1G52510,281,318,220,632,725,432
AT1G52520,731,797,517,692,783,565
AT1G52530,159,164,119,76,99,42
AT1G52540,3013,2557,2083,2430,3016,1666
AT1G52550,181,157,105,180,245,134
AT1G52560,46,49,36,840,550,438
AT1G52565,614,525,433,953,1425,712
AT1G52570,53,64,40,52,78,37
AT1G52580,54,52,46,6,18,0
AT1G52590,102,96,82,136,145,89
AT1G52600,7479,6697,5889,6041,7323,3587
AT1G52615,8,0,3,0,0,0
AT1G52618,5,9,8,14,12,3
AT1G52620,356,350,141,153,189,309
AT1G52630,1192,944,688,904,1020,804
AT1G52640,139,163,86,69,83,41
AT1G52650,35,33,39,71,96,51
AT1G52660,1722,1699,1055,335,811,491
AT1G52670,7686,7464,5874,5482,6906,4505
AT1G52680,0,0,0,286,366,170
AT1G52690,79,177,131,72461,85034,46579
AT1G52700,34,40,20,29,50,28
AT1G52710,1573,1413,1368,2043,2512,1462
AT1G52720,5159,4295,3802,4337,5146,3469
AT1G52730,5603,5700,4297,4330,5356,3462
AT1G52740,16147,14457,12246,15920,21085,11423
AT1G52750,7382,6028,5426,323,572,431
AT1G52760,31193,29842,20907,8197,12529,9174
AT1G52780,3557,3032,2173,1241,2026,1571
AT1G52790,11,0,0,0,0,0
AT1G52800,10,7,8,0,3,4
AT1G52820,12,11,12,12,9,0
AT1G52825,871,724,712,723,1077,480
AT1G52827,16,17,15,5,5,7
AT1G52830,67,32,52,47,22,8
AT1G52855,6,0,6,24,11,7
AT1G52870,268,331,232,344,414,245
AT1G52880,212,240,156,312,396,150
AT1G52890,0,0,3,560,542,277
AT1G52905,923,851,696,1188,1436,863
AT1G52910,6262,5578,4825,2053,2661,1681
AT1G52920,43,65,30,62,96,78
AT1G52930,6377,6011,4134,3884,4387,3024
AT1G52942,3,4,3,10,7,4
AT1G52950,25,18,20,13,15,23
AT1G52980,8944,8651,5528,11287,13669,12244
AT1G52990,13,10,12,93,105,41
AT1G53000,5397,4647,3812,5424,7515,4967
AT1G53025,642,768,412,784,932,545
AT1G53030,749,701,466,971,1309,610
AT1G53035,908,736,569,863,1364,887
AT1G53040,6608,5793,4683,3543,5093,3679
AT1G53050,7647,7221,4720,7795,10079,7892
AT1G53060,333,237,183,282,346,366
AT1G53070,1052,895,702,337,402,366
AT1G53080,18,30,8,19,16,12
AT1G53090,350,403,257,678,933,540
AT1G53100,13,0,11,43,45,8
AT1G53110,318,375,285,648,815,510
AT1G53120,877,766,542,755,844,732
AT1G53130,235,246,105,205,527,517
AT1G53140,1163,1156,772,371,374,303
AT1G53160,10,11,4,5,0,6
AT1G53163,311,341,214,143,146,127
AT1G53165,3100,2674,1797,2582,3070,2325
AT1G53170,526,440,328,816,1019,682
AT1G53180,3555,3167,3007,3870,5942,3908
AT1G53190,3934,3540,2554,4532,5066,3653
AT1G53200,1040,887,713,1468,1464,1231
AT1G53210,24565,25385,17112,25248,34271,23243
AT1G53230,214,241,164,20,65,50
AT1G53233,11,10,9,2,4,5
AT1G53240,73759,73228,55092,39172,54373,36380
AT1G53250,344,343,251,573,712,617
AT1G53260,0,0,3,13,8,6
AT1G53270,305,303,221,1412,1234,872
AT1G53280,4852,4939,3367,3501,4526,2936
AT1G53290,2719,2469,2036,1301,1850,1535
AT1G53300,13657,12392,9391,8991,11944,8226
AT1G53310,45889,45199,28637,32020,48287,33204
AT1G53320,5416,4814,3530,6488,8704,6615
AT1G53330,83,119,71,26,31,40
AT1G53340,1123,937,654,217,359,170
AT1G53345,731,737,491,217,371,309
AT1G53350,735,673,516,540,725,551
AT1G53370,3,0,3,0,6,0
AT1G53380,4961,4688,3537,2216,3126,2373
AT1G53390,2799,2571,1810,1057,1669,1368
AT1G53400,3364,2903,2256,2371,3223,1921
AT1G53410,3,3,1,1,5,2
AT1G53420,31,35,21,29,46,28
AT1G53430,2534,2421,1925,1493,2339,1473
AT1G53440,823,868,575,880,1127,760
AT1G53450,674,666,451,556,755,558
AT1G53460,949,932,609,989,1120,849
AT1G53470,6874,6237,3958,20227,23628,17610
AT1G53480,2,1,7,1,1,4
AT1G53490,603,625,488,780,917,505
AT1G53500,8180,8441,5462,4141,5611,4313
AT1G53510,8746,8934,7445,7210,10907,5778
AT1G53520,1015,874,740,662,972,696
AT1G53530,953,896,770,990,962,595
AT1G53540,50,59,38,67,56,37
AT1G53541,3,2,2,1,1,1
AT1G53542,472,502,416,193,240,186
AT1G53560,2026,2172,1581,8735,12012,6588
AT1G53570,6941,6959,4956,6986,9985,5954
AT1G53580,12554,11877,9214,26402,35556,15585
AT1G53590,4588,4410,3313,3025,4248,2937
AT1G53600,123,147,74,55,52,68
AT1G53610,70,77,50,11,39,3
AT1G53620,85,109,67,23,74,22
AT1G53625,488,529,263,577,843,324
AT1G53633,642,566,420,266,456,192
AT1G53635,87,73,79,15,10,11
AT1G53640,78,44,52,17,25,10
AT1G53645,5530,5583,3474,3110,3657,2985
AT1G53650,1258,1273,904,1293,1529,847
AT1G53660,914,809,598,253,558,371
AT1G53670,1239,1328,987,2626,3405,1617
AT1G53680,3707,3358,2332,438,494,245
AT1G53690,7,8,5,0,0,0
AT1G53700,754,778,439,275,544,478
AT1G53708,617,603,436,314,473,431
AT1G53710,3010,2631,1990,1997,2709,1958
AT1G53720,1829,1744,1291,2220,2813,1769
AT1G53730,9523,9073,6269,1703,2484,1551
AT1G53750,39916,38955,29737,34673,46930,25227
AT1G53760,3711,3578,2684,3316,4153,3442
AT1G53770,2118,2072,1401,1872,2539,1789
AT1G53780,6939,6223,5428,12117,15431,9712
AT1G53790,397,387,303,375,524,296
AT1G53800,825,732,553,1128,1363,1104
AT1G53801,7,10,8,12,14,9
AT1G53830,9678,10455,7169,1652,2824,1555
AT1G53840,11197,9214,7643,15338,20903,14083
AT1G53850,10887,10194,7768,9169,11976,6146
AT1G53860,74,81,54,61,32,43
AT1G53870,3,5,4,3,5,0
AT1G53880,1954,1870,1342,1878,2085,1483
AT1G53885,234,205,172,179,255,98
AT1G53887,128,116,115,103,142,79
AT1G53890,3,5,4,4,5,0
AT1G53900,1839,1779,1264,1764,1962,1416
AT1G53903,222,202,164,171,249,88
AT1G53910,18583,17582,13603,16651,25623,12602
AT1G53920,2437,2367,1599,1506,2753,1410
AT1G53935,7,6,6,0,0,0
AT1G53940,1582,1460,1795,99,139,48
AT1G53950,54,50,57,67,77,80
AT1G53970,14,16,12,3,81,27
AT1G53980,50,51,32,114,242,167
AT1G53990,132,127,121,70,129,54
AT1G54000,73580,59445,45905,8124,12860,11890
AT1G54010,7583,8058,5579,1271,1932,1684
AT1G54020,8,14,26,12,19,14
AT1G54030,8316,7988,5577,3354,5029,3200
AT1G54050,354,252,278,174,177,129
AT1G54060,2191,2066,1410,1809,2537,1731
AT1G54070,0,7,4,13,14,0
AT1G54080,15243,14773,12258,12637,15841,10462
AT1G54090,3765,3471,2656,1674,2556,1616
AT1G54095,197,224,131,31,49,0
AT1G54100,35501,33237,25261,96147,116657,69977
AT1G54110,345,382,291,464,461,259
AT1G54115,3189,2837,1921,2494,3235,2669
AT1G54120,1361,1163,896,568,759,385
AT1G54130,3835,3594,2530,3021,4103,2440
AT1G54140,1375,1184,1018,1879,2100,1280
AT1G54150,1611,1569,1229,1894,2240,1460
AT1G54160,80,53,41,454,392,212
AT1G54170,5359,5075,4040,5626,6594,4343
AT1G54180,1073,993,695,893,1032,785
AT1G54200,192,173,97,51,90,46
AT1G54210,1126,1000,856,2092,2531,1104
AT1G54215,52,75,58,4,38,11
AT1G54217,675,606,548,619,783,299
AT1G54220,3401,3140,2293,2139,2886,1706
AT1G54250,2013,1917,1574,1765,1819,1110
AT1G54260,1236,1301,919,1369,1695,925
AT1G54270,17034,17111,11175,21285,24013,16889
AT1G54280,38,30,32,44,50,40
AT1G54290,926,993,706,2919,3215,1409
AT1G54310,655,648,494,885,1231,884
AT1G54320,17267,16471,13223,13760,19199,10477
AT1G54330,204,161,130,215,273,192
AT1G54340,4253,4589,2819,3643,4652,2960
AT1G54350,1082,1045,729,1118,1403,980
AT1G54355,7,7,4,14,17,2
AT1G54360,4239,3724,3158,3723,4712,3325
AT1G54370,4893,4265,3513,3364,4698,2786
AT1G54380,1972,1877,1299,1438,1683,1225
AT1G54385,1793,1641,1131,453,642,617
AT1G54390,3327,2991,2343,2981,3991,2371
AT1G54400,94,72,53,88,106,80
AT1G54410,63774,58841,47112,42086,67641,37169
AT1G54440,1581,1547,977,1048,1404,1098
AT1G54450,1135,1213,782,246,477,265
AT1G54460,4318,3933,3143,2709,3808,2631
AT1G54470,28,32,14,8,0,3
AT1G54475,3,6,4,7,15,0
AT1G54490,9815,9622,6672,8533,11374,7770
AT1G54500,828,990,625,1143,2029,1021
AT1G54510,2690,2600,2105,1721,2272,1842
AT1G54520,2067,2026,1409,2557,2781,1583
AT1G54530,582,490,372,189,260,104
AT1G54540,938,1140,721,4947,5299,2711
AT1G54560,142,77,68,55,67,49
AT1G54570,3463,3589,2106,5128,6688,4514
AT1G54575,1387,1064,928,4393,5033,2760
AT1G54580,36728,36079,29615,21059,28553,17505
AT1G54590,11,0,0,11,13,5
AT1G54610,6624,6307,4219,4594,6040,4494
AT1G54630,19448,17897,15749,15080,19050,11896
AT1G54650,1105,1113,823,891,1138,708
AT1G54660,51,70,75,19,41,15
AT1G54680,71,87,77,139,151,88
AT1G54690,7185,7788,5159,2893,2606,1706
AT1G54710,6103,5943,3744,6501,8763,6890
AT1G54730,3086,2798,2564,461,970,491
AT1G54740,948,1116,638,907,1518,455
AT1G54770,2067,2189,1764,1705,2503,1161
AT1G54773,108,93,82,93,97,45
AT1G54780,197,249,92,179,326,184
AT1G54790,496,596,387,770,785,529
AT1G54820,111,113,110,60,88,48
AT1G54830,3919,3763,2583,7485,9599,6260
AT1G54840,129,138,89,59,115,86
AT1G54850,1013,919,854,1101,1443,1034
AT1G54860,0,0,0,7,3,5
AT1G54870,18,15,35,107,178,121
AT1G54890,3061,2824,1828,330,998,740
AT1G54920,5732,5371,3613,3978,5371,4655
AT1G54930,8,9,0,0,0,0
AT1G54940,798,843,626,50,137,129
AT1G54950,42,40,12,0,0,0
AT1G54960,856,899,505,480,356,298
AT1G54970,6704,8589,5604,587,1604,1284
AT1G54990,7551,6873,5260,5966,7930,5273
AT1G55000,1095,1091,792,1678,2303,1275
AT1G55020,3868,4205,2185,3829,5744,3844
AT1G55030,22,33,19,13,0,6
AT1G55040,986,1005,612,544,619,587
AT1G55050,117,128,92,130,133,108
AT1G55080,1044,1141,817,1656,1808,1105
AT1G55090,4084,3917,2759,5340,6456,4861
AT1G55100,2,1,4,12,8,2
AT1G55110,592,692,444,1220,1570,1042
AT1G55120,1671,1406,1171,541,762,492
AT1G55130,3600,3305,2471,2394,3287,2588
AT1G55140,960,809,608,791,893,501
AT1G55150,2820,2574,1808,3279,3366,2517
AT1G55152,73,58,37,274,236,104
AT1G55160,4340,4234,3129,3173,4126,2251
AT1G55170,1036,958,665,604,842,588
AT1G55175,14,15,13,11,14,12
AT1G55180,196,241,110,253,332,250
AT1G55190,3476,2914,2526,2680,3519,2094
AT1G55200,88,78,66,70,92,74
AT1G55205,1472,1303,1094,574,681,308
AT1G55207,9,8,6,1,10,0
AT1G55210,11857,13685,10358,9227,11731,6265
AT1G55230,0,7,0,8,3,3
AT1G55240,256,310,186,247,371,197
AT1G55250,2589,2260,1863,2985,3539,2225
AT1G55265,758,987,662,616,1032,491
AT1G55270,1741,1709,1147,1358,1813,1353
AT1G55280,289,310,199,500,590,373
AT1G55290,733,847,540,71,151,93
AT1G55300,1098,854,658,1008,1314,765
AT1G55310,6548,5946,5465,5622,7436,4484
AT1G55320,1990,2253,1286,935,1124,836
AT1G55325,4267,4094,3003,3112,4218,3593
AT1G55330,19783,17665,14730,1839,2374,1285
AT1G55335,126,76,104,15,25,10
AT1G55340,3242,3069,2432,2084,3142,2001
AT1G55350,5596,5517,3677,3337,4434,4127
AT1G55360,9950,9153,7265,3305,5568,3533
AT1G55365,190,149,100,93,129,71
AT1G55370,0,0,12,7,12,12
AT1G55380,509,516,321,105,169,135
AT1G55390,402,343,209,3,23,14
AT1G55410,154,102,71,0,0,5
AT1G55420,563,529,344,46,86,59
AT1G55430,1044,893,597,102,226,179
AT1G55440,54,44,29,9,10,13
AT1G55450,1876,1681,1120,2202,3646,1673
AT1G55460,2162,2022,1331,1952,2757,1840
AT1G55475,556,498,376,350,462,306
AT1G55480,155,152,112,212,278,187
AT1G55490,5622,6128,3490,4250,4785,4260
AT1G55500,6669,6082,4397,8005,9370,6760
AT1G55510,961,907,757,2517,2646,1481
AT1G55520,3397,3409,2645,4646,5413,3211
AT1G55525,0,0,0,16,14,5
AT1G55530,2797,2792,2231,5011,6330,4304
AT1G55535,2187,2028,1568,1430,1575,973
AT1G55540,2593,2719,1814,2249,2601,2442
AT1G55550,135,132,103,36,101,69
AT1G55580,52,51,61,56,77,22
AT1G55590,2326,2154,1759,2505,3252,2094
AT1G55600,21,8,6,8,7,6
AT1G55610,446,494,361,276,413,295
AT1G55620,3514,3405,2258,3007,3767,2596
AT1G55630,536,577,410,461,669,455
AT1G55640,126,137,93,10,21,6
AT1G55670,117,239,114,62,109,65
AT1G55673,5,0,0,2,4,0
AT1G55675,399,334,340,496,624,317
AT1G55680,9989,10084,7214,14975,17990,11672
AT1G55690,4243,4141,2662,2645,4069,3612
AT1G55700,113,115,63,0,17,0
AT1G55730,5444,5054,3483,6508,8332,5275
AT1G55740,2546,2323,1380,4148,4800,3122
AT1G55750,2019,1760,1333,1554,2163,1397
AT1G55755,7,5,3,0,2,1
AT1G55760,859,818,662,947,898,646
AT1G55775,0,3,0,5,3,0
AT1G55800,11,32,14,66,60,25
AT1G55803,9,5,0,10,12,8
AT1G55805,1324,1215,929,1043,1156,734
AT1G55810,2826,2656,2352,2156,2413,1298
AT1G55820,2283,2369,1749,2525,3054,1968
AT1G55830,1694,1626,1201,2287,2947,1875
AT1G55840,9417,9332,6365,15944,19052,11360
AT1G55850,15649,14358,9696,18729,24190,15998
AT1G55860,8516,8460,5206,7777,10062,8254
AT1G55865,64,52,30,42,51,41
AT1G55870,1245,1263,755,1212,1557,1397
AT1G55880,1702,1579,1173,2241,2689,1971
AT1G55890,3542,3656,1874,1852,2241,2075
AT1G55900,4435,4502,3097,2857,2864,2212
AT1G55910,655,764,462,776,992,655
AT1G55915,553,488,334,496,584,415
AT1G55920,15317,14307,10590,26001,34114,17856
AT1G55930,986,931,765,1224,1193,739
AT1G55940,53,44,35,63,52,18
AT1G55960,1715,1501,1082,2305,2773,1665
AT1G55970,467,545,370,436,624,542
AT1G55980,383,448,337,427,583,396
AT1G55990,104,143,120,1170,1054,515
AT1G56000,892,867,528,1180,1351,811
AT1G56010,3220,3177,2652,2248,4296,1673
AT1G56020,2236,1965,1594,893,1182,859
AT1G56045,21418,19803,17054,17681,21458,10372
AT1G56050,917,879,545,632,697,617
AT1G56060,0,0,4,131,99,73
AT1G56070,154525,160818,103118,143673,169806,157924
AT1G56080,1735,1593,1171,892,1420,874
AT1G56090,1006,809,682,1362,1482,932
AT1G56110,27341,26966,19517,12191,15350,11834
AT1G56120,194,190,145,90,128,88
AT1G56130,286,303,202,198,200,172
AT1G56140,5920,5732,4202,5853,8146,4927
AT1G56145,5434,5372,4180,3404,4855,2757
AT1G56150,0,3,0,6,3,0
AT1G56165,14,20,15,74,76,60
AT1G56170,150,143,87,312,215,159
AT1G56180,1515,1513,1110,1770,2063,1734
AT1G56190,8205,8825,5733,3898,5522,4072
AT1G56200,2880,2351,2055,3222,4408,2769
AT1G56210,1233,1213,1025,555,574,470
AT1G56220,10459,9459,9038,14460,20856,10896
AT1G56230,5116,4800,3400,3611,4646,2806
AT1G56240,0,0,0,208,463,256
AT1G56242,0,0,0,14,23,7
AT1G56250,0,0,0,124,137,56
AT1G56260,513,485,385,421,488,267
AT1G56270,31,21,17,22,42,14
AT1G56280,21430,17378,14410,19104,24004,15047
AT1G56290,1721,1695,1025,1924,2227,2062
AT1G56300,2288,1774,1731,5066,5979,2687
AT1G56310,814,849,584,696,871,639
AT1G56320,390,430,451,2044,1964,1020
AT1G56330,32460,29496,25835,13080,17442,9418
AT1G56340,47404,46083,34375,15259,19134,13017
AT1G56345,389,368,222,251,278,225
AT1G56350,630,652,414,607,664,554
AT1G56420,476,426,330,549,639,309
AT1G56423,2567,2374,1642,2148,3036,1905
AT1G56430,98,138,41,74,77,23
AT1G56440,1394,1213,1147,1250,1464,1090
AT1G56450,19197,19888,15244,13302,17517,10085
AT1G56460,2136,1990,1529,2241,2797,1710
AT1G56470,41,36,23,121,124,79
AT1G56500,529,610,386,404,451,312
AT1G56510,8,11,13,30,22,5
AT1G56540,196,168,136,44,89,54
AT1G56550,4612,4579,3415,3171,5420,2564
AT1G56555,38,26,19,24,42,14
AT1G56560,2591,2562,1647,2614,3334,1933
AT1G56570,779,776,418,894,376,712
AT1G56580,2370,2871,2064,6963,6278,2818
AT1G56590,3691,3612,2439,3057,3566,2641
AT1G56600,0,5,10,9864,7161,2756
AT1G56610,769,774,546,820,862,595
AT1G56612,761,657,583,1232,1358,800
AT1G56630,2624,2278,1580,555,853,583
AT1G56660,2610,2559,2277,6579,8279,2795
AT1G56670,440,504,319,550,548,342
AT1G56680,2005,1856,1372,43,65,60
AT1G56690,271,279,174,77,122,85
AT1G56700,12665,11499,8518,13978,19469,9469
AT1G56710,0,3,8,7,3,0
AT1G56720,3474,3157,2520,1142,1707,1122
AT1G57540,1277,1203,1099,1861,2226,1343
AT1G57560,2875,2695,2205,773,1285,728
AT1G57570,567,518,370,166,258,144
AT1G57590,2481,2564,1428,609,1203,1222
AT1G57600,2957,2540,2097,1853,2572,1491
AT1G57610,2663,2845,1826,1319,1671,1385
AT1G57620,5371,4620,4134,3463,5033,2480
AT1G57660,24913,25410,21167,21002,25209,17210
AT1G57670,23,33,19,61,69,34
AT1G57680,13121,12023,8749,3485,5361,3877
AT1G57700,1739,1584,1072,1040,1222,943
AT1G57720,43142,41106,27445,32809,38088,35100
AT1G57765,2956,2527,2123,2231,2774,1671
AT1G57770,24,24,24,15,12,0
AT1G57790,76,80,58,13,45,28
AT1G57820,4390,4463,2984,2637,2986,2440
AT1G57860,10052,10423,8080,8961,10407,7196
AT1G57870,4244,4122,3301,3379,4847,2992
AT1G57980,22,20,18,0,7,3
AT1G57990,3341,2618,2052,2809,4382,2175
AT1G58007,199,186,139,233,181,112
AT1G58025,2477,2319,1725,2252,2612,1814
AT1G58030,9800,9109,7052,15212,24263,14323
AT1G58037,1012,826,646,59,73,59
AT1G58060,3464,3133,2170,3454,4039,3323
AT1G58070,973,975,674,924,1068,627
AT1G58080,10744,10860,8991,5546,7006,4492
AT1G58100,4511,4130,3262,2283,3211,2104
AT1G58110,5636,5584,4435,2438,3189,2377
AT1G58150,143,127,106,197,219,144
AT1G58160,288,283,216,319,421,194
AT1G58170,503,471,406,1099,1208,716
AT1G58180,2306,1689,1855,6016,7366,2379
AT1G58190,2347,1982,1610,1773,2784,1502
AT1G58200,1826,1741,1367,2777,3207,2191
AT1G58210,445,432,317,219,423,225
AT1G58215,3,5,0,14,10,0
AT1G58220,1880,1809,1242,2130,2388,1930
AT1G58223,17,17,19,56,35,15
AT1G58230,5190,5249,3416,3970,5128,4296
AT1G58235,2862,2286,2164,4334,5640,3211
AT1G58250,4865,4721,3019,3490,4503,3774
AT1G58270,52878,46621,37917,80117,107405,55532
AT1G58280,3297,3078,2319,2935,3460,1927
AT1G58290,4113,3949,2456,4742,6530,5041
AT1G58320,84,90,126,67,117,33
AT1G58340,572,525,398,6209,6691,3291
AT1G58350,3798,3821,2729,2234,3147,2488
AT1G58360,4790,5049,3593,12724,19114,9591
AT1G58370,2883,3103,1903,790,1023,865
AT1G58380,9692,9722,6124,6601,7385,7024
AT1G58400,1246,1108,810,791,966,888
AT1G58410,561,536,358,241,323,262
AT1G58420,62,95,47,217,227,152
AT1G58440,8382,7741,5885,3360,4729,2904
AT1G58470,573,583,389,948,924,688
AT1G58520,1806,1752,1215,1706,2158,1446
AT1G58590,230,143,161,283,374,116
AT1G58602,56,53,40,71,82,53
AT1G58643,80,85,44,0,4,2
AT1G58684,31764,31436,20439,19661,22932,21988
AT1G58807,17,22,13,10,14,6
AT1G58848,26,44,31,35,43,23
AT1G58889,25,28,17,13,65,38
AT1G58936,78,80,42,0,3,2
AT1G58983,41176,40463,24727,24678,28044,27526
AT1G59124,20,23,16,11,19,9
AT1G59218,21,34,22,31,26,16
AT1G59265,25,25,16,13,50,38
AT1G59312,32,30,19,0,2,0
AT1G59359,17998,18106,10965,11193,12552,11715
AT1G59510,311,201,194,195,257,138
AT1G59520,3641,3255,2377,2651,3666,2177
AT1G59530,32,28,17,30,38,16
AT1G59540,1147,1173,807,337,286,258
AT1G59560,729,756,555,550,686,492
AT1G59580,6428,6058,4472,3944,5546,3604
AT1G59590,1128,1044,715,462,640,298
AT1G59600,2175,2222,1458,1939,2451,1881
AT1G59610,13948,13775,10036,10551,13295,9602
AT1G59620,8,0,8,57,82,31
AT1G59640,355,302,209,560,596,393
AT1G59650,2888,2786,1919,3845,4816,2726
AT1G59660,955,1102,631,806,774,653
AT1G59700,520,568,359,1636,2147,1151
AT1G59710,2987,2629,2093,1123,1817,1262
AT1G59720,5,11,2,5,12,9
AT1G59725,362,386,267,20,72,65
AT1G59730,368,411,208,125,85,29
AT1G59740,134,134,115,2606,2720,1472
AT1G59750,3483,3418,2463,2951,3571,2277
AT1G59760,4421,4488,2722,4342,5211,4652
AT1G59770,0,4,3,3,0,0
AT1G59780,1429,1280,894,190,296,251
AT1G59820,4585,4412,2925,3454,4769,3525
AT1G59830,5138,4391,3320,4776,6295,4471
AT1G59840,348,355,233,243,236,232
AT1G59850,187,220,169,42,70,39
AT1G59860,109,142,110,70,58,35
AT1G59865,0,0,0,12,6,9
AT1G59870,22755,21191,15311,19580,32131,25006
AT1G59890,6040,5733,3671,4240,5295,4230
AT1G59900,10781,10354,7558,9784,12481,8784
AT1G59910,2499,2143,1571,1970,2717,2145
AT1G59940,4211,3748,3407,2703,4170,2400
AT1G59950,5,7,11,13,11,5
AT1G59960,2694,2791,1805,1718,2372,1371
AT1G59970,1746,1917,1387,1096,1755,944
AT1G59980,568,550,498,1051,1318,835
AT1G59990,1676,1661,1236,644,684,589
AT1G60000,116,98,123,200,234,143
AT1G60010,2906,2636,2115,2281,2809,1788
AT1G60030,616,644,479,1128,1279,878
AT1G60040,2,0,0,4,0,8
AT1G60050,244,212,318,15,29,19
AT1G60060,15,0,13,8,11,7
AT1G60070,13260,12943,9353,8062,10223,7168
AT1G60080,1678,1424,1075,1538,1692,1289
AT1G60095,277,313,241,94,96,71
AT1G60110,49,37,19,18,0,14
AT1G60130,443,352,300,108,132,113
AT1G60140,10151,10985,7406,7891,10372,6130
AT1G60160,353,372,216,423,630,459
AT1G60170,6295,5711,4043,7238,8282,5775
AT1G60190,257,233,165,2133,2279,1390
AT1G60200,6928,7073,5230,6778,8974,6431
AT1G60220,3984,3812,2837,2643,3769,2438
AT1G60230,668,605,436,687,782,559
AT1G60260,3,11,4,0,9,8
AT1G60270,508,460,334,475,484,263
AT1G60350,5,0,3,4,0,2
AT1G60360,104,98,99,111,123,114
AT1G60380,0,5,0,8,24,5
AT1G60390,4473,4718,3899,976,1931,1285
AT1G60420,6595,7109,4710,6095,8031,4881
AT1G60430,1299,1149,809,1348,1590,1057
AT1G60440,2589,2189,1866,2705,3051,1795
AT1G60460,133,144,107,107,103,101
AT1G60470,0,3,0,1040,885,573
AT1G60480,0,6,0,0,5,0
AT1G60490,4981,4740,3662,5232,6462,3902
AT1G60505,605,598,506,309,435,364
AT1G60510,0,22,23,14,17,6
AT1G60525,490,457,380,530,730,495
AT1G60530,10,5,7,11,8,14
AT1G60540,35,27,13,29,57,26
AT1G60545,1126,927,886,986,1211,791
AT1G60550,932,885,648,626,898,550
AT1G60560,1024,997,680,1075,1345,1015
AT1G60600,180,232,126,214,214,146
AT1G60610,1248,1297,1076,996,1394,841
AT1G60620,1020,989,743,1133,1374,903
AT1G60630,156,79,136,3,9,0
AT1G60640,3366,3422,2464,1942,2133,1279
AT1G60650,2198,2215,1417,2541,2688,1707
AT1G60660,2145,1907,1456,1075,1563,954
AT1G60670,1992,1781,1461,1949,2317,1219
AT1G60680,3378,3617,2473,1426,2002,856
AT1G60690,606,671,532,425,587,247
AT1G60700,412,380,403,390,546,369
AT1G60710,22093,23293,16066,22875,31317,15657
AT1G60720,0,0,0,8,3,3
AT1G60730,8452,8627,5508,27393,39701,20985
AT1G60740,554,541,330,426,1137,531
AT1G60750,3541,2741,2182,12822,13368,7424
AT1G60760,7,3,3,0,0,3
AT1G60770,6451,6214,4202,3726,4256,3665
AT1G60780,18760,16851,12257,13064,16615,10721
AT1G60787,466,323,286,109,214,92
AT1G60790,1061,1079,799,1181,1296,967
AT1G60800,4208,4155,3114,2446,3676,2394
AT1G60810,11766,11813,7832,7095,9344,5934
AT1G60830,73,0,94,115,144,18
AT1G60850,2713,2644,2026,2289,2377,1832
AT1G60860,3135,2890,2456,2340,2864,2243
AT1G60870,168,197,112,131,152,89
AT1G60890,2288,2114,1570,1345,1891,1199
AT1G60900,8272,8265,6780,8553,11519,6333
AT1G60920,14,3,5,6,10,6
AT1G60930,600,570,413,438,586,351
AT1G60940,5847,5341,3919,14799,19168,8850
AT1G60950,5577,6279,3787,6998,8935,4273
AT1G60960,7556,7044,5185,5266,7275,4048
AT1G60970,13,0,8,30,31,26
AT1G60989,1130,1049,873,1185,1133,484
AT1G60990,1089,1209,791,776,1253,788
AT1G60995,4158,3584,3238,3304,4717,2657
AT1G61000,1012,935,693,526,690,442
AT1G61010,3183,3117,2211,2951,3515,2801
AT1G61030,1607,1416,1058,1973,2217,1723
AT1G61040,3175,3049,2111,3718,5106,3837
AT1G61050,748,773,487,221,436,257
AT1G61065,280,280,196,250,361,224
AT1G61080,59,68,89,21,44,14
AT1G61100,10609,9948,6998,4652,6882,5052
AT1G61130,27,74,12,0,0,0
AT1G61140,3646,3303,2499,3380,4367,2556
AT1G61150,6313,6165,4637,4992,7181,4042
AT1G61170,1081,970,674,470,882,693
AT1G61180,1086,828,787,713,1171,670
AT1G61190,112,102,85,106,129,61
AT1G61210,3714,3564,2688,2938,3886,2373
AT1G61215,203,161,197,200,291,181
AT1G61224,17,17,25,26,23,10
AT1G61226,17,11,9,24,9,18
AT1G61230,549,475,384,378,545,341
AT1G61240,3868,3762,2844,3614,5230,2144
AT1G61250,12328,10860,9766,10219,15424,7387
AT1G61255,212,187,171,155,292,137
AT1G61260,673,647,560,265,438,243
AT1G61270,26,11,10,0,4,0
AT1G61275,29,28,13,21,39,29
AT1G61280,407,394,325,316,400,222
AT1G61290,12,9,4,27,13,12
AT1G61300,28,40,23,22,44,25
AT1G61310,581,440,362,375,583,352
AT1G61320,0,0,0,6,3,3
AT1G61340,172,198,162,2490,2257,912
AT1G61350,1576,1289,969,1207,1580,1317
AT1G61360,2260,2305,1548,2616,4588,2914
AT1G61370,596,526,443,878,1103,666
AT1G61380,726,625,485,335,683,454
AT1G61390,48,80,67,31,31,9
AT1G61400,411,409,266,248,263,161
AT1G61410,83,90,81,72,81,77
AT1G61415,41,45,19,15,32,11
AT1G61420,414,468,315,193,244,230
AT1G61430,644,585,521,418,401,351
AT1G61440,78,71,81,30,40,19
AT1G61450,270,224,147,70,77,36
AT1G61460,145,133,108,186,200,117
AT1G61470,9,18,6,33,23,21
AT1G61480,8,0,0,0,4,0
AT1G61490,540,461,312,253,392,297
AT1G61500,395,321,243,135,140,130
AT1G61520,978,1417,823,723,1276,495
AT1G61550,63,41,45,21,28,17
AT1G61560,2385,2109,1606,554,1443,676
AT1G61562,12,10,16,0,4,0
AT1G61570,6717,6516,5005,4432,5223,2654
AT1G61580,7467,8092,5671,6117,6386,3988
AT1G61590,9572,9565,8329,6413,10393,5350
AT1G61600,159,150,121,25,25,11
AT1G61620,3697,3538,2700,6401,7859,5415
AT1G61640,1624,1483,1002,958,1033,822
AT1G61660,1942,1862,1715,3543,3595,2157
AT1G61665,4,3,0,0,2,15
AT1G61667,1339,1142,1012,600,741,346
AT1G61670,4176,3978,3008,3469,4580,2679
AT1G61680,18,15,8,19,32,13
AT1G61690,4142,4068,2990,6929,8598,6121
AT1G61710,0,9,3,10,5,5
AT1G61720,5,0,0,0,6,0
AT1G61730,4891,4916,3363,3864,5259,2895
AT1G61740,12810,11902,11172,4429,5719,2886
AT1G61750,49,19,11,0,9,3
AT1G61760,262,289,240,305,278,175
AT1G61770,11538,11498,9374,8652,12619,8409
AT1G61780,4473,4170,3466,3797,4725,2051
AT1G61790,19965,17606,14500,7747,10711,7951
AT1G61795,1823,1898,1437,1658,2097,869
AT1G61800,0,3,3,168,219,117
AT1G61810,92,86,67,250,375,184
AT1G61820,3632,4148,2863,3290,4013,2129
AT1G61830,96,76,70,124,104,75
AT1G61840,795,727,424,33,42,12
AT1G61850,5598,5206,3857,4137,5569,4202
AT1G61860,762,803,594,899,1026,662
AT1G61870,5267,5096,2972,3336,4347,3792
AT1G61890,14787,12120,9151,45874,53818,31765
AT1G61900,2408,2058,1561,3380,3567,2628
AT1G61920,9,8,3,5,15,9
AT1G61930,417,487,267,295,385,199
AT1G61950,232,230,173,0,11,6
AT1G61960,355,297,252,193,272,187
AT1G61970,516,448,341,483,580,389
AT1G61980,968,916,543,683,630,510
AT1G61990,1875,1920,1216,1227,1500,1251
AT1G62000,3,6,0,21,5,3
AT1G62010,349,373,214,235,210,231
AT1G62020,17327,15770,10165,8775,11720,10652
AT1G62030,31,21,17,18,7,3
AT1G62035,13,19,11,23,22,8
AT1G62040,2565,2249,2071,3511,4518,2258
AT1G62045,926,918,514,876,1209,680
AT1G62050,537,451,357,239,300,346
AT1G62085,765,811,482,467,530,515
AT1G62090,12,24,17,0,2,0
AT1G62110,897,850,578,369,446,406
AT1G62120,423,443,299,219,284,252
AT1G62130,872,774,720,878,981,733
AT1G62150,780,628,475,583,615,510
AT1G62170,0,1,1,6,8,2
AT1G62180,4029,3726,2758,25620,34609,25131
AT1G62190,95,82,132,146,222,96
AT1G62200,2719,2658,2029,2101,3373,1624
AT1G62250,797,758,587,879,1228,660
AT1G62260,222,199,105,130,118,165
AT1G62262,8,0,11,16,27,13
AT1G62280,355,337,301,16,12,5
AT1G62290,35,46,38,79,62,62
AT1G62300,7733,7217,5304,15445,22312,12475
AT1G62305,1605,1292,1154,1988,2662,1677
AT1G62310,1175,923,658,876,1237,977
AT1G62320,1949,1932,1480,1005,1581,1029
AT1G62330,6333,5902,4587,3651,5113,3666
AT1G62333,3,3,3,5,0,3
AT1G62350,241,294,190,194,224,183
AT1G62355,18,0,0,0,23,0
AT1G62360,11,8,5,0,0,0
AT1G62370,1693,1833,1206,1894,2981,1485
AT1G62380,22769,24344,18565,14739,16901,8953
AT1G62390,7817,7310,4762,6856,8223,6936
AT1G62400,34,31,33,52,62,45
AT1G62420,7,0,0,7,9,0
AT1G62422,799,828,593,675,960,631
AT1G62430,3912,3572,2992,3525,4378,2609
AT1G62440,2785,3598,2962,581,1093,740
AT1G62480,59844,58590,47451,27664,35554,16587
AT1G62490,21,3,5,0,0,2
AT1G62500,192,248,160,55,129,164
AT1G62510,1512,2113,1523,239,343,195
AT1G62515,15,13,28,0,7,2
AT1G62520,510,506,342,153,207,288
AT1G62530,16,24,8,26,31,13
AT1G62540,13,7,6,0,8,0
AT1G62560,0,18,3,162,201,115
AT1G62570,17408,15867,11798,108894,145740,63500
AT1G62580,502,375,381,317,413,270
AT1G62590,339,363,190,130,201,191
AT1G62600,3726,3750,2698,4297,6014,3116
AT1G62610,2332,2028,1642,1777,2337,1670
AT1G62620,78,62,34,237,333,133
AT1G62640,10441,9354,6271,4710,5861,4896
AT1G62660,57621,57187,37776,39069,63021,32645
AT1G62670,358,311,215,290,290,212
AT1G62680,604,512,319,474,491,493
AT1G62700,241,214,163,240,330,260
AT1G62710,555,559,428,3050,3459,1675
AT1G62720,36,58,32,34,14,23
AT1G62730,779,853,556,881,1075,780
AT1G62740,7041,7121,5120,6066,7247,4298
AT1G62750,1984,2035,1078,2887,3667,2671
AT1G62760,0,2,3,11,3,0
AT1G62766,1,6,5,1,5,4
AT1G62770,1551,1639,1300,2102,3141,1568
AT1G62780,139,161,98,64,94,57
AT1G62790,17426,15828,13316,9076,12888,6024
AT1G62800,7291,7173,5425,2677,3534,2008
AT1G62810,7781,6620,4414,2960,4561,3309
AT1G62820,2580,2512,1792,1447,2021,952
AT1G62830,1308,1106,714,734,870,807
AT1G62840,216,291,256,359,594,176
AT1G62850,1419,1339,1203,1457,2044,1222
AT1G62860,663,641,459,353,404,321
AT1G62870,551,558,372,197,237,162
AT1G62880,2039,1680,1483,1696,2283,1355
AT1G62886,2,23,1,28,28,10
AT1G62900,5,7,2,7,0,0
AT1G62910,321,301,175,117,175,171
AT1G62914,355,321,200,134,266,246
AT1G62915,20,16,15,16,28,0
AT1G62920,230,210,185,302,316,128
AT1G62930,604,571,348,299,373,266
AT1G62935,51,51,30,50,89,61
AT1G62940,8,17,8,14,7,13
AT1G62950,959,772,645,327,479,351
AT1G62960,1429,1501,899,1419,1973,1344
AT1G62970,1807,1494,1067,1685,2402,1911
AT1G62975,5174,4138,3622,2558,3507,1339
AT1G62980,8832,8722,6463,1418,3338,2075
AT1G62981,411,374,249,292,269,206
AT1G62990,3068,2960,2311,2602,2952,1744
AT1G63000,32729,31963,21233,15225,20023,14239
AT1G63010,9242,9051,6865,23719,28120,15834
AT1G63020,358,340,209,301,296,386
AT1G63040,0,0,0,5,3,3
AT1G63050,6157,5359,4171,3836,5197,3721
AT1G63070,9,12,8,0,5,2
AT1G63080,230,206,152,83,115,103
AT1G63090,859,736,665,3249,3811,1984
AT1G63100,1845,1805,1292,74,178,103
AT1G63110,4601,4108,3324,4136,5150,3624
AT1G63120,2832,2487,1777,4772,4912,3080
AT1G63130,934,877,556,484,536,422
AT1G63140,2,6,4,9,0,6
AT1G63150,289,285,163,102,109,83
AT1G63160,1080,1170,698,859,1010,748
AT1G63170,2574,2525,1880,2545,3666,2368
AT1G63180,1038,902,716,3698,3276,1551
AT1G63220,12004,11570,9624,3948,5932,2974
AT1G63230,251,214,185,139,197,142
AT1G63240,111,84,59,141,135,109
AT1G63245,440,525,288,611,958,363
AT1G63250,991,1011,554,334,370,344
AT1G63260,982,817,707,428,543,367
AT1G63270,1014,1027,797,1335,1529,1139
AT1G63290,7094,7037,5405,5176,6888,4205
AT1G63295,72,37,31,107,107,64
AT1G63300,1287,1283,862,879,1076,902
AT1G63310,1410,1425,1017,1505,1472,984
AT1G63330,95,125,73,47,80,58
AT1G63340,11,5,0,5,9,1
AT1G63350,21,7,15,0,2,3
AT1G63370,211,135,105,224,371,133
AT1G63380,69,54,58,20,26,21
AT1G63390,36,31,11,18,31,9
AT1G63400,386,302,216,137,208,132
AT1G63410,350,235,191,184,232,69
AT1G63420,2118,1879,1625,1709,2113,1359
AT1G63430,6139,5566,4248,4190,5330,3257
AT1G63440,2334,2320,1581,7259,7968,4922
AT1G63450,2315,2430,1369,457,696,427
AT1G63460,5835,5154,4314,4354,5705,3025
AT1G63470,2913,2856,2268,2840,2814,2171
AT1G63480,1902,1945,1609,1462,1800,1307
AT1G63490,2660,2549,1629,2080,2425,1754
AT1G63500,7098,6626,4570,4014,5295,3293
AT1G63520,331,287,202,171,238,146
AT1G63530,82,63,42,48,71,44
AT1G63580,141,176,140,95,186,53
AT1G63590,0,8,3,0,0,0
AT1G63600,486,423,461,20,45,37
AT1G63610,974,927,642,605,923,549
AT1G63630,0,3,3,11,5,3
AT1G63640,3041,3247,2179,2682,3124,2532
AT1G63650,976,1101,736,462,555,438
AT1G63660,6750,6765,4392,4417,5253,4712
AT1G63670,395,417,306,394,462,358
AT1G63680,1593,1517,902,1218,1550,1356
AT1G63690,9165,7751,6193,6920,9002,6890
AT1G63700,4476,4384,3144,4864,6004,4269
AT1G63710,5,8,3,10,6,8
AT1G63720,812,757,537,4120,4494,2790
AT1G63730,218,220,143,133,203,168
AT1G63740,1286,1071,754,806,1283,1014
AT1G63750,12,5,5,20,25,25
AT1G63760,5,13,6,0,18,11
AT1G63770,16449,16415,10440,18883,23769,18808
AT1G63780,4229,4235,3198,4027,4286,3068
AT1G63800,4239,3659,3011,3169,4613,1897
AT1G63810,3726,3925,2343,2452,2695,2183
AT1G63820,356,443,311,2138,2655,1667
AT1G63830,3447,3219,2768,4432,5795,3425
AT1G63835,5,2,0,0,6,0
AT1G63840,7449,7329,5716,7858,9708,5594
AT1G63850,2572,2153,1541,1953,2283,2114
AT1G63855,424,388,297,247,330,244
AT1G63860,38,28,36,39,42,37
AT1G63880,27,26,12,0,6,0
AT1G63900,2211,2202,1641,2534,3151,2078
AT1G63910,251,282,132,145,162,67
AT1G63930,1117,1106,742,199,281,207
AT1G63940,26185,26902,16908,12636,17830,11293
AT1G63960,3,0,0,6,9,9
AT1G63970,1441,1328,1004,1769,2179,1320
AT1G63980,8815,7158,5250,9634,11059,8230
AT1G63990,97,140,89,73,92,39
AT1G64000,63,77,69,522,458,179
AT1G64010,14,26,13,60,76,26
AT1G64020,10,11,14,18,37,15
AT1G64040,9557,9187,6861,12322,16475,9922
AT1G64050,2465,2503,1937,2781,3503,2307
AT1G64060,7426,6886,5090,9024,12509,7561
AT1G64065,30,18,22,206,201,57
AT1G64080,519,401,325,454,477,542
AT1G64090,17167,16765,12719,11268,14146,9607
AT1G64100,0,0,5,0,6,0
AT1G64105,311,379,200,487,480,253
AT1G64107,0,0,0,0,14,8
AT1G64110,700,579,591,3784,5849,4147
AT1G64140,6961,7109,5387,11433,14576,8964
AT1G64150,79,82,69,62,63,47
AT1G64160,0,0,0,3,12,3
AT1G64170,996,911,673,260,555,390
AT1G64180,201,169,114,192,224,100
AT1G64185,321,328,214,287,314,226
AT1G64190,26247,24074,16811,16543,22306,15732
AT1G64195,30,18,28,19,20,17
AT1G64200,8088,6988,7182,3393,5271,2465
AT1G64210,478,399,390,38,113,33
AT1G64220,800,923,651,124,135,135
AT1G64230,26791,21380,18206,21647,27851,17415
AT1G64250,56,56,32,4,2,19
AT1G64253,39,70,54,5,20,11
AT1G64260,3,12,3,0,2,0
AT1G64270,226,243,204,85,136,89
AT1G64280,2762,2748,1578,1974,2793,2038
AT1G64290,5,6,5,0,6,11
AT1G64300,143,171,96,201,264,159
AT1G64310,34,42,24,6,11,27
AT1G64320,111,111,70,50,89,40
AT1G64330,5032,4700,3472,1949,2903,1279
AT1G64340,0,0,0,74,62,33
AT1G64350,2942,2937,2026,3485,4026,2282
AT1G64355,219,237,207,217,225,137
AT1G64370,94,143,105,311,329,202
AT1G64380,494,632,337,823,1339,571
AT1G64385,2912,2561,1913,2743,3602,2217
AT1G64390,7049,7511,4906,7522,9402,8510
AT1G64400,961,886,647,1195,1610,768
AT1G64405,129,85,93,44,41,25
AT1G64430,814,904,657,590,823,552
AT1G64440,8770,8277,6300,3513,4398,2244
AT1G64450,720,579,517,364,495,313
AT1G64455,24,18,25,22,25,11
AT1G64460,3384,3394,2428,3151,4093,3286
AT1G64480,57,53,65,19,45,15
AT1G64490,1526,1579,1022,1513,2045,1237
AT1G64500,197,236,119,204,417,169
AT1G64510,916,1021,631,1143,1428,834
AT1G64520,21012,20339,15507,18248,23793,13937
AT1G64530,8030,8114,5512,2963,4182,3021
AT1G64540,22,10,8,11,29,18
AT1G64550,9430,9787,6745,10433,12612,9391
AT1G64560,19,22,15,27,28,19
AT1G64561,104,56,101,100,151,66
AT1G64563,154,108,99,51,127,57
AT1G64570,1807,1673,1017,1431,1956,1959
AT1G64572,693,669,478,889,1021,569
AT1G64580,671,697,402,543,724,609
AT1G64583,215,193,130,124,148,101
AT1G64584,5,19,2,10,3,5
AT1G64590,1371,1412,1104,2103,2836,1552
AT1G64600,1921,1905,1468,1103,1210,920
AT1G64610,507,546,385,1081,1414,856
AT1G64618,2,4,0,0,5,2
AT1G64620,699,635,442,239,384,256
AT1G64625,5,8,4,8,10,10
AT1G64630,1380,1248,1015,1368,1653,1093
AT1G64640,10826,10022,8202,1574,2941,1885
AT1G64650,25124,23842,17978,9069,13005,9330
AT1G64660,3690,2511,2392,28338,30470,20102
AT1G64670,20,38,15,9,5,0
AT1G64690,501,547,378,87,184,81
AT1G64700,182,245,125,461,638,446
AT1G64720,7426,7054,4842,9080,13033,8499
AT1G64740,1105,1176,744,1276,1577,1139
AT1G64750,12491,11414,9472,11191,14346,7397
AT1G64760,871,956,673,1115,1147,632
AT1G64770,8,9,8,15,7,5
AT1G64780,13773,15813,13289,1648,1918,1210
AT1G64790,13848,14187,8589,9546,11526,10881
AT1G64810,543,530,400,838,1137,703
AT1G64820,26,12,19,49,68,33
AT1G64840,1436,1527,1044,1306,1536,1262
AT1G64850,3994,3867,3058,5316,7450,3624
AT1G64860,1260,1382,875,1787,2228,1336
AT1G64880,11685,11687,7367,5729,6839,5993
AT1G64890,1090,1048,742,1612,2211,1504
AT1G64900,675,644,366,458,806,563
AT1G64910,510,511,264,6,10,35
AT1G64920,2243,2164,1325,898,1551,1093
AT1G64930,655,740,408,266,428,329
AT1G64940,865,816,454,1499,2045,1247
AT1G64950,8591,7906,4998,9244,12148,7878
AT1G64960,1597,1572,1126,747,1008,975
AT1G64970,910,853,549,770,1150,913
AT1G64980,4574,4567,3448,2177,2963,1798
AT1G64990,5534,5243,4155,4513,6082,3566
AT1G65000,739,636,492,813,1132,509
AT1G65010,9316,8361,5599,2454,4058,3307
AT1G65020,2540,2434,1761,2891,3823,1934
AT1G65030,2555,2652,1624,1658,2050,1315
AT1G65032,470,464,316,370,443,289
AT1G65040,7077,6089,5255,4785,5974,2757
AT1G65060,3197,4038,1558,1850,2400,1894
AT1G65070,930,977,792,620,905,676
AT1G65080,332,374,312,334,338,269
AT1G65110,72,79,52,62,66,28
AT1G65120,234,222,165,181,214,117
AT1G65130,49,45,42,22,32,14
AT1G65140,6,4,0,0,0,0
AT1G65150,23,32,8,8,11,0
AT1G65180,742,725,598,323,499,305
AT1G65190,96,81,44,31,25,34
AT1G65200,24,34,34,6,4,0
AT1G65220,11783,11052,8487,13892,17182,10197
AT1G65230,106,140,78,196,204,104
AT1G65240,0,0,0,12,0,11
AT1G65250,127,95,64,56,88,67
AT1G65260,2387,2578,1646,2923,3756,2471
AT1G65270,8855,8522,6278,5699,6788,4106
AT1G65280,3089,2847,2018,3268,4229,3177
AT1G65290,33791,33879,25926,24962,32259,20275
AT1G65295,2155,1762,1487,1126,1934,1007
AT1G65310,11617,13035,8821,70,97,53
AT1G65320,2265,2131,1505,1833,2226,1869
AT1G65330,61,60,33,6,13,0
AT1G65370,780,731,640,435,390,246
AT1G65380,730,765,489,417,592,399
AT1G65390,28,20,23,45,88,13
AT1G65410,1420,1238,1078,1237,1531,1098
AT1G65420,438,355,234,326,431,288
AT1G65430,4104,4161,2682,3992,5012,3293
AT1G65440,9504,10193,6282,8127,11864,8445
AT1G65450,0,0,0,10,21,29
AT1G65470,2011,2011,1259,566,831,537
AT1G65481,70,93,66,9,14,5
AT1G65483,14,9,10,0,3,0
AT1G65484,13,3,6,0,0,0
AT1G65486,10,7,21,0,6,0
AT1G65500,0,0,3,13,5,3
AT1G65510,619,529,443,1542,2706,1112
AT1G65520,2175,1848,1558,2320,3367,1998
AT1G65540,5491,5358,3497,4189,5633,3933
AT1G65560,346,479,235,500,564,364
AT1G65570,1448,1197,765,2993,2594,2810
AT1G65580,5531,5641,3691,5223,7154,5322
AT1G65590,7622,6826,5822,3686,5703,3278
AT1G65610,7696,7693,4803,2855,5211,3439
AT1G65620,63,111,80,41,59,40
AT1G65642,1,2,1,1,4,1
AT1G65650,3854,3729,3020,3814,4221,2664
AT1G65660,2863,2456,1840,5894,7308,5602
AT1G65690,1408,1420,1106,3951,6368,2885
AT1G65700,1777,1858,1486,1770,2277,1264
AT1G65710,494,487,307,66,60,49
AT1G65720,13701,11894,10728,9857,15977,8264
AT1G65730,1445,1353,900,762,1379,1252
AT1G65810,25,3,8,0,12,3
AT1G65820,21814,22252,17756,24213,34882,16186
AT1G65840,25496,25737,16370,10666,12678,8123
AT1G65845,1669,1350,1405,655,1224,394
AT1G65850,126,116,83,31,84,21
AT1G65860,20,23,7,24,10,11
AT1G65890,11,0,14,3,0,0
AT1G65900,1410,1278,1204,219,445,268
AT1G65910,116,107,99,92,149,74
AT1G65920,1407,1283,861,1836,2706,2071
AT1G65930,127242,118432,85444,74242,99963,67174
AT1G65950,1692,1451,1232,1590,2227,1192
AT1G65960,17439,15832,12265,11263,15612,8012
AT1G65970,2274,1753,1541,1124,1610,619
AT1G65980,43047,40700,33808,39197,50665,25364
AT1G65985,2388,2350,1663,690,1061,605
AT1G66020,54,60,51,87,94,26
AT1G66030,23,23,13,3,6,6
AT1G66040,138,160,105,687,773,502
AT1G66050,258,416,220,2002,1815,1145
AT1G66060,0,2,0,8,6,8
AT1G66070,5004,4728,3560,3716,4557,2550
AT1G66080,988,791,832,363,429,336
AT1G66090,6,8,3,36,28,64
AT1G66130,24,14,13,63,110,46
AT1G66140,1197,1147,834,545,707,530
AT1G66150,11542,10308,7778,6439,8268,5557
AT1G66160,368,424,309,842,1376,724
AT1G66170,13,19,12,33,25,16
AT1G66173,52,25,30,36,41,30
AT1G66180,4487,4758,3310,5467,8134,4078
AT1G66190,650,646,435,258,367,262
AT1G66200,70162,80815,54433,14491,25982,10934
AT1G66230,460,470,312,1009,1251,584
AT1G66235,0,0,3,56,90,38
AT1G66240,15730,16371,13342,16457,20991,10111
AT1G66250,1797,1724,1172,598,697,503
AT1G66260,19169,18570,15216,16636,23181,12986
AT1G66270,142320,110062,80859,35933,49193,43723
AT1G66280,75515,56259,52479,42158,55079,30461
AT1G66290,5,0,6,0,0,0
AT1G66320,3,3,8,3,0,0
AT1G66330,1798,1692,1358,3119,4029,2070
AT1G66340,4173,3941,2990,4250,5661,3802
AT1G66345,403,372,247,207,292,250
AT1G66350,645,543,394,483,566,429
AT1G66360,0,6,3,10,8,6
AT1G66400,556,581,415,799,1152,569
AT1G66410,22479,21522,16378,17852,24272,12952
AT1G66430,2951,2820,2183,1934,2222,1410
AT1G66440,175,139,109,14,25,19
AT1G66450,303,222,153,68,102,91
AT1G66460,494,479,275,93,204,75
AT1G66465,18,13,10,3,7,11
AT1G66470,2221,1974,1487,2147,3006,2628
AT1G66480,1002,946,845,1482,2013,907
AT1G66500,412,395,333,2430,2758,1096
AT1G66510,1276,1235,808,1434,1541,1037
AT1G66520,594,551,363,400,443,264
AT1G66530,4371,3798,2981,3630,4490,3291
AT1G66540,28,61,30,95,123,84
AT1G66550,0,0,3,3,12,0
AT1G66570,0,0,0,18,36,13
AT1G66580,60408,56388,43368,122260,141198,70790
AT1G66590,578,568,454,1143,1529,937
AT1G66600,29,25,6,33,67,37
AT1G66620,1094,1008,758,671,661,397
AT1G66650,51,85,61,83,85,57
AT1G66660,509,490,338,413,536,452
AT1G66670,4385,4581,3195,5266,7050,4608
AT1G66680,6620,6187,4130,6877,8216,5278
AT1G66690,137,110,83,142,169,74
AT1G66700,137,109,81,804,1356,709
AT1G66720,19,15,6,13,16,0
AT1G66725,2096,2066,1260,1726,2580,1367
AT1G66730,1283,1126,908,933,1233,783
AT1G66740,1530,1442,1107,1674,2149,1174
AT1G66750,1128,1236,907,1176,1303,993
AT1G66760,2465,2084,1785,15752,17847,9068
AT1G66770,0,0,0,8,8,4
AT1G66780,16,6,0,29,24,24
AT1G66783,13,7,11,5,6,2
AT1G66800,3298,2864,2581,506,547,323
AT1G66810,558,573,346,342,422,283
AT1G66820,845,790,626,807,1004,690
AT1G66830,33,21,18,50,152,146
AT1G66840,12,20,0,14,17,10
AT1G66880,1986,1767,1328,4377,5674,3156
AT1G66890,365,269,252,383,476,277
AT1G66900,2685,2511,1828,2222,2931,1494
AT1G66920,14,17,9,50,78,44
AT1G66930,178,149,95,6,21,6
AT1G67000,0,3,3,17,15,22
AT1G67020,35,52,30,25,28,42
AT1G67025,7,4,3,6,2,3
AT1G67030,4496,4529,2926,5215,6510,3301
AT1G67035,194,233,141,34,48,16
AT1G67040,257,187,152,54,84,107
AT1G67050,1306,1303,1071,519,829,381
AT1G67060,4167,3882,3592,4912,6171,3470
AT1G67070,317,299,182,322,397,308
AT1G67080,2165,2024,1444,2990,3609,1760
AT1G67090,233,380,167,116,224,69
AT1G67105,24,10,25,22,15,5
AT1G67110,482,686,494,119,83,104
AT1G67120,3652,4056,2443,2348,2712,2606
AT1G67140,6502,6384,3979,4130,5652,5010
AT1G67148,367,384,289,349,394,142
AT1G67150,192,196,132,32,82,26
AT1G67170,1474,1487,1027,1697,2143,1303
AT1G67180,400,417,322,207,231,148
AT1G67190,1404,1295,948,1514,1808,1134
AT1G67195,572,638,505,1042,1358,573
AT1G67210,623,576,516,741,911,563
AT1G67230,9550,8706,6539,4161,5473,3518
AT1G67240,0,0,0,3,5,3
AT1G67250,11036,10919,8900,7197,9868,5194
AT1G67270,620,660,328,188,365,262
AT1G67280,3462,3386,2292,3346,4664,2500
AT1G67300,3388,3285,2521,5776,7132,4630
AT1G67310,3419,3215,2502,2943,4498,2934
AT1G67320,1621,1626,1151,1501,1771,953
AT1G67325,4144,4480,3416,4096,5277,3633
AT1G67328,529,443,472,316,400,242
AT1G67330,15510,15450,9920,4193,7496,4979
AT1G67340,1407,1368,1055,1136,1424,894
AT1G67350,19102,18855,14723,15872,21972,9587
AT1G67360,7595,7001,5400,12200,16098,9419
AT1G67365,209,190,138,401,564,287
AT1G67370,161,168,108,307,301,209
AT1G67400,243,268,179,264,364,256
AT1G67410,2486,2237,1709,1288,1757,1086
AT1G67420,1885,1958,1271,1307,1561,1255
AT1G67430,74776,79363,62108,61720,78615,48305
AT1G67440,523,494,387,347,421,285
AT1G67460,72,32,48,30,50,21
AT1G67470,19,20,2,54,76,62
AT1G67480,14652,13570,10126,11986,14698,9168
AT1G67490,3826,3838,2746,2616,3544,2744
AT1G67500,2057,1703,1276,1542,1940,1511
AT1G67510,3026,2916,1975,1609,2031,1397
AT1G67520,199,271,219,220,230,138
AT1G67530,2291,2112,1857,2175,3072,2133
AT1G67550,3392,2949,2125,2010,2915,2326
AT1G67560,1881,1898,1223,771,1324,999
AT1G67570,1318,1312,810,959,1257,843
AT1G67580,3345,3238,2181,4338,5192,4177
AT1G67590,3582,3605,2310,5049,6172,4796
AT1G67600,129,105,81,258,312,204
AT1G67610,9,26,12,8,9,3
AT1G67620,1303,1170,849,678,703,502
AT1G67623,3,0,3,4,0,4
AT1G67626,27,18,19,64,69,35
AT1G67630,1644,1584,1065,798,789,686
AT1G67645,5,10,3,6,2,0
AT1G67650,236,311,240,342,362,258
AT1G67660,642,592,454,766,914,567
AT1G67670,2,7,5,26,17,8
AT1G67680,11741,11251,7215,8943,11056,9150
AT1G67690,1268,1243,848,963,1043,776
AT1G67700,872,873,569,1263,1507,1103
AT1G67710,893,768,614,1000,1176,553
AT1G67720,1537,1446,980,1505,1780,1594
AT1G67730,16968,17375,13313,18775,23900,12839
AT1G67740,384,609,308,366,621,270
AT1G67750,2555,2710,2047,2965,5658,3561
AT1G67760,143,275,135,98,154,154
AT1G67770,5,13,4,23,12,0
AT1G67780,830,1002,582,487,559,422
AT1G67785,13252,12291,9250,10555,14784,6283
AT1G67790,30,17,49,33,28,13
AT1G67792,1008,859,742,953,1080,828
AT1G67800,1947,1763,1476,1680,2398,1347
AT1G67810,1303,1442,957,3495,3582,2043
AT1G67820,741,883,494,754,794,541
AT1G67830,144,136,108,184,195,137
AT1G67840,1547,1445,999,1302,1627,1170
AT1G67850,622,642,347,1201,1515,969
AT1G67855,0,0,3,13,10,0
AT1G67856,23,23,14,140,123,68
AT1G67870,324,225,213,331,284,132
AT1G67880,1623,1508,1357,1058,1342,746
AT1G67890,2591,2554,1523,2113,2448,1691
AT1G67900,681,786,567,503,731,598
AT1G67910,317,312,292,32,71,26
AT1G67920,402,419,324,675,943,384
AT1G67930,5892,5714,4027,4131,5632,4136
AT1G67940,1485,1291,1109,644,875,471
AT1G67950,2197,2362,1618,1305,1926,1019
AT1G67960,1638,1540,1108,1785,2038,1238
AT1G67970,257,262,166,487,627,400
AT1G67980,5,11,0,80,110,80
AT1G68000,7516,6936,5777,5794,8142,3825
AT1G68010,18,32,8,41,30,16
AT1G68020,2200,1816,1598,6647,7605,5348
AT1G68030,190,204,147,178,224,135
AT1G68050,191,113,121,593,819,422
AT1G68060,9710,9440,6332,4725,6376,4924
AT1G68070,3683,3599,3037,2627,4267,1933
AT1G68080,764,708,498,686,864,530
AT1G68090,0,2,0,0,9,0
AT1G68100,4646,4251,3130,4956,6155,4453
AT1G68110,76,38,37,33,62,16
AT1G68120,214,215,157,300,245,220
AT1G68130,2058,1838,1487,902,1173,1062
AT1G68140,8970,7596,5622,7238,10155,6990
AT1G68150,3433,3163,2234,1083,2222,1798
AT1G68160,1494,1383,1144,1454,1893,1014
AT1G68180,12,44,18,13,24,37
AT1G68185,977,833,673,857,1116,539
AT1G68190,13,8,13,13,13,14
AT1G68200,424,426,226,269,347,203
AT1G68220,1669,1612,1470,1674,2245,1272
AT1G68230,815,691,574,1074,1085,765
AT1G68238,240,393,286,16,38,14
AT1G68240,12,0,0,21,26,16
AT1G68260,656,562,438,794,912,412
AT1G68290,12,13,16,278,278,154
AT1G68300,5361,4970,3980,4380,5672,2524
AT1G68310,2804,2628,1881,2744,3170,1744
AT1G68320,7,7,0,0,0,0
AT1G68330,905,680,716,664,1071,858
AT1G68340,526,569,412,875,1088,535
AT1G68350,158,187,100,123,131,81
AT1G68360,195,140,100,242,336,159
AT1G68370,4670,4621,3232,4050,5253,3378
AT1G68390,319,313,223,289,366,162
AT1G68400,1317,1334,895,770,1015,872
AT1G68410,7011,6290,4448,4863,5465,3892
AT1G68430,167,189,127,136,133,54
AT1G68440,14330,16265,12725,15070,15114,7401
AT1G68450,411,348,200,544,829,362
AT1G68460,33,27,28,15,24,2
AT1G68470,76,78,65,89,73,40
AT1G68490,5555,4983,4342,5437,6667,3644
AT1G68500,291,302,218,2705,2866,1203
AT1G68530,6,0,11,53,50,21
AT1G68540,321,334,209,232,251,142
AT1G68550,1466,1305,1008,855,1105,979
AT1G68560,17027,15830,10055,8933,11905,12994
AT1G68568,21,22,14,2,4,2
AT1G68570,266,203,160,481,308,124
AT1G68580,5037,4542,3344,4555,5451,3963
AT1G68585,126,149,94,148,154,61
AT1G68590,258,347,229,283,375,207
AT1G68600,21,18,16,17,13,8
AT1G68620,302,371,235,5786,5428,2342
AT1G68640,287,395,321,413,358,340
AT1G68650,2887,2924,2222,1611,2000,1527
AT1G68660,1045,993,812,1353,1769,885
AT1G68670,4020,3807,3016,4648,4814,2561
AT1G68680,3990,3804,3103,3259,4320,2508
AT1G68690,2259,2223,1505,2870,3592,2194
AT1G68700,7,7,0,4,4,5
AT1G68710,3931,3497,2778,1992,3211,2377
AT1G68720,4855,4792,3355,3542,4686,3349
AT1G68723,30,41,27,53,74,50
AT1G68725,864,1162,916,1260,1934,1004
AT1G68730,461,466,319,349,551,269
AT1G68735,3,0,0,27,36,19
AT1G68740,801,1434,704,358,458,290
AT1G68750,13,5,17,49,71,54
AT1G68760,1676,1578,1063,1332,1967,919
AT1G68765,0,0,0,20,22,9
AT1G68790,4867,4600,3537,3104,4401,3171
AT1G68795,598,604,415,613,963,416
AT1G68810,2370,2083,1693,2636,2668,1924
AT1G68820,4585,4109,3083,4697,6861,3725
AT1G68825,939,737,634,567,868,493
AT1G68830,979,1186,659,2138,3231,1930
AT1G68840,4532,4042,3240,7963,10506,6013
AT1G68850,338,407,326,2556,1942,1169
AT1G68862,421,412,417,606,917,478
AT1G68870,146,114,116,124,213,155
AT1G68872,596,556,422,497,805,653
AT1G68877,3,2,3,2,2,0
AT1G68880,767,829,709,483,452,271
AT1G68890,450,544,334,189,268,164
AT1G68910,1720,1708,1207,985,1491,748
AT1G68920,4708,4368,3257,3512,4214,2855
AT1G68930,150,256,150,82,102,90
AT1G68940,836,688,444,171,399,268
AT1G68945,575,472,468,617,698,351
AT1G68980,800,732,459,519,499,357
AT1G68990,2836,2923,1887,2143,2152,1834
AT1G69010,1968,1763,1317,2982,3219,1735
AT1G69020,654,596,386,464,566,573
AT1G69030,4345,3841,3131,1917,3047,1840
AT1G69040,11486,11815,9616,8858,10849,8080
AT1G69050,597,558,496,739,1014,602
AT1G69060,1379,1142,953,1443,2038,1160
AT1G69070,4784,4680,2967,3479,3790,3563
AT1G69080,1675,1530,1337,959,911,452
AT1G69085,18,37,10,29,47,16
AT1G69150,268,253,185,73,98,62
AT1G69160,2,5,16,8,0,0
AT1G69170,1063,993,795,966,1243,865
AT1G69200,486,482,253,229,211,244
AT1G69210,628,626,367,401,565,352
AT1G69220,5313,5103,3581,7217,8891,6260
AT1G69230,0,12,6,0,0,3
AT1G69240,2424,2601,1729,393,790,531
AT1G69250,5317,5623,3789,4541,4835,3238
AT1G69252,2209,1827,1423,4550,5348,3038
AT1G69260,932,902,655,10123,10877,6190
AT1G69270,1171,1121,793,1411,1525,1106
AT1G69280,503,398,321,561,657,389
AT1G69290,494,444,243,210,265,323
AT1G69295,6182,6326,5078,20502,22941,12103
AT1G69310,1596,1562,1184,2561,4352,1937
AT1G69325,114,131,76,157,149,104
AT1G69330,1863,1711,1267,1422,1693,1123
AT1G69340,6753,6250,4532,5285,7062,4512
AT1G69350,162,143,72,62,69,106
AT1G69360,1947,1866,1269,3395,4756,3211
AT1G69370,1339,1122,827,1076,1327,903
AT1G69380,919,833,587,646,756,605
AT1G69390,1551,1284,1089,1725,1924,1060
AT1G69400,450,517,322,465,572,389
AT1G69410,6780,7025,4518,13790,19430,9547
AT1G69420,4986,5053,3443,2301,2934,2503
AT1G69430,65,58,26,185,221,121
AT1G69440,257,225,108,152,142,156
AT1G69450,8213,7765,6158,5669,9295,5049
AT1G69460,10031,9402,8304,7003,10492,5426
AT1G69480,19,30,10,727,896,440
AT1G69485,74,72,35,163,161,104
AT1G69490,99,83,112,2091,2603,1341
AT1G69500,0,0,0,8,12,0
AT1G69510,18798,17979,14270,13386,19655,12831
AT1G69520,989,912,717,288,609,311
AT1G69523,141,133,117,70,119,70
AT1G69526,4473,2812,2813,3740,4901,3595
AT1G69530,3253,3116,2197,13790,23206,19759
AT1G69540,15,8,10,77,61,41
AT1G69550,319,371,243,114,164,125
AT1G69570,538,404,377,226,306,142
AT1G69572,44,49,87,90,130,75
AT1G69580,1988,2252,1593,1604,2070,1360
AT1G69587,719,721,497,1137,1539,1011
AT1G69588,140,111,120,39,66,29
AT1G69600,3516,3027,2587,14297,15360,10205
AT1G69610,84,65,40,217,361,178
AT1G69620,53583,49837,39422,45145,52905,35667
AT1G69630,0,7,6,0,0,0
AT1G69640,5840,5147,4021,6988,9353,5376
AT1G69660,19,0,6,7,21,0
AT1G69670,1776,1648,1192,1689,2323,1551
AT1G69680,1059,1002,807,1013,1058,536
AT1G69690,662,663,562,204,252,185
AT1G69700,3383,2804,2274,2109,3033,1689
AT1G69710,161,185,93,126,147,132
AT1G69740,6358,5909,4298,5781,7266,4353
AT1G69750,2568,2458,2016,3551,4593,2745
AT1G69760,5102,4443,3146,5322,6990,4074
AT1G69770,5730,5705,3771,3068,3290,2452
AT1G69780,3716,3148,2442,2609,3332,2516
AT1G69790,609,445,494,419,773,370
AT1G69800,970,984,673,1751,1822,1323
AT1G69810,7834,7243,5733,3467,6378,3442
AT1G69830,2789,2931,1735,1897,2341,1697
AT1G69840,650,589,526,1981,2003,1263
AT1G69850,5144,4727,3581,5865,6851,4882
AT1G69870,36,10,19,80,95,97
AT1G69890,147,178,113,120,95,64
AT1G69900,389,409,217,77,113,55
AT1G69910,972,953,765,820,1106,984
AT1G69920,22,15,20,997,1491,772
AT1G69930,945,663,638,1350,1353,682
AT1G69935,214,171,166,153,278,115
AT1G69950,536,436,302,395,496,357
AT1G69960,6446,5847,4875,6323,8170,4276
AT1G69970,82,71,74,59,66,63
AT1G69980,2676,2386,1885,2296,3305,1444
AT1G69990,16,13,15,4,12,9
AT1G70000,1954,2004,1508,1943,2515,1510
AT1G70060,4352,3984,2751,3342,4450,3120
AT1G70070,696,704,393,311,385,387
AT1G70080,113,94,71,12,10,3
AT1G70090,2792,2227,1858,1402,1674,974
AT1G70100,617,657,487,310,560,281
AT1G70130,0,0,0,863,915,656
AT1G70140,1452,1510,1080,1492,2169,1197
AT1G70150,776,753,571,1788,1878,1310
AT1G70160,7467,6815,4791,7037,9920,6508
AT1G70170,1076,1276,914,2255,2741,1315
AT1G70175,2,5,5,7,14,3
AT1G70180,3042,2929,2429,4050,4898,3027
AT1G70185,44,46,28,81,107,50
AT1G70190,4189,3782,2570,2735,3907,2672
AT1G70200,908,781,495,707,1019,674
AT1G70210,2664,2822,2177,763,711,344
AT1G70220,4,13,11,8,7,0
AT1G70230,3418,3154,2183,836,1760,923
AT1G70250,422,397,351,196,304,142
AT1G70260,69,82,73,0,2,13
AT1G70270,0,3,6,3,6,0
AT1G70280,3408,3202,2168,1937,2741,1991
AT1G70290,5296,5375,3798,7715,8725,6307
AT1G70300,8224,8437,6131,5664,8403,5798
AT1G70310,10311,9370,6601,6619,7615,6209
AT1G70320,18416,17517,10370,15154,18604,17270
AT1G70330,19034,17839,13592,8788,12663,7364
AT1G70335,11,11,5,7,7,4
AT1G70340,2217,2144,1683,559,808,338
AT1G70350,1912,1746,1383,1307,1603,976
AT1G70360,450,401,342,410,516,448
AT1G70370,6482,7153,4271,2271,2918,1894
AT1G70410,26763,26415,18629,12588,20965,9993
AT1G70420,440,479,287,527,711,300
AT1G70430,357,294,182,191,325,231
AT1G70440,82,86,65,241,296,153
AT1G70450,351,322,217,72,214,120
AT1G70460,4361,4253,2763,1643,3015,1910
AT1G70470,341,413,304,74,106,56
AT1G70475,14,15,6,14,12,3
AT1G70480,1234,1342,859,1145,1530,979
AT1G70490,33619,31357,25262,22694,28499,18187
AT1G70500,681,719,492,1071,1077,665
AT1G70505,208,169,209,146,255,124
AT1G70510,104,60,68,149,100,81
AT1G70518,457,474,348,602,777,519
AT1G70520,886,975,710,849,1687,896
AT1G70530,4411,3997,3066,4182,5880,3861
AT1G70550,2178,1708,1356,1333,1565,1239
AT1G70560,2791,2743,1850,1423,2433,2236
AT1G70570,5500,5510,3801,4820,6434,4167
AT1G70580,4684,4831,3474,3969,5340,2809
AT1G70581,14,13,15,28,62,23
AT1G70590,2632,2327,1888,3799,4612,2781
AT1G70600,67734,66883,46252,39889,50529,32195
AT1G70610,1145,1094,772,1471,1948,1524
AT1G70620,9142,8299,7002,6928,9590,6318
AT1G70630,531,574,419,564,664,486
AT1G70640,30,56,31,278,231,110
AT1G70645,2,1,3,1,3,5
AT1G70650,296,260,206,333,802,292
AT1G70660,7596,7469,5606,7177,9452,4911
AT1G70670,3417,3340,2715,3604,4092,2097
AT1G70680,12,19,13,0,5,16
AT1G70690,1578,1688,1204,1205,2217,955
AT1G70700,550,639,471,983,1099,611
AT1G70710,7105,6331,4880,7436,11056,9122
AT1G70720,59,51,56,12,25,20
AT1G70730,6895,7105,4648,7966,9559,5890
AT1G70740,1852,1743,1355,1146,1711,994
AT1G70750,1821,1773,1446,742,857,595
AT1G70760,2,5,2,7,3,0
AT1G70770,29720,29839,19277,21718,28271,21136
AT1G70780,30704,27290,20709,53105,68551,45432
AT1G70790,723,766,586,1701,2876,1565
AT1G70800,132,110,96,786,931,408
AT1G70810,175,121,137,244,363,96
AT1G70830,171,152,119,54,8,8
AT1G70850,75086,71339,66365,13426,25489,9640
AT1G70860,410,397,362,167,251,70
AT1G70880,101,40,62,13,21,10
AT1G70885,223,218,198,80,123,27
AT1G70890,1602,1513,1226,520,958,302
AT1G70895,586,557,375,107,202,114
AT1G70900,2417,2362,1753,2596,2875,1754
AT1G70910,4,3,5,12,17,3
AT1G70920,44,60,75,243,263,105
AT1G70940,5447,5164,3830,3395,4792,3886
AT1G70950,1801,1589,1392,1171,1717,1170
AT1G70980,2087,2221,1349,1885,2303,1697
AT1G70985,70,76,79,24,21,25
AT1G70990,2536,2332,2149,481,756,511
AT1G71000,0,0,5,172,74,47
AT1G71010,12951,12813,8977,6403,8796,7969
AT1G71015,516,438,345,225,393,179
AT1G71020,3312,3253,1954,2391,2657,2514
AT1G71030,124,54,101,281,338,146
AT1G71040,1872,1903,1284,4074,4725,2956
AT1G71050,117,111,84,106,87,57
AT1G71060,383,319,245,200,292,230
AT1G71070,6250,5812,4149,3548,4612,3264
AT1G71080,4451,4207,3300,4783,6277,4446
AT1G71090,4568,4366,3147,2893,4737,2814
AT1G71100,1939,1871,1418,1686,1854,1202
AT1G71110,2380,2339,1780,2812,3745,3145
AT1G71130,685,553,440,1181,1259,678
AT1G71140,71,36,15,649,746,571
AT1G71150,5,0,0,0,11,0
AT1G71170,1705,2102,1272,1287,1704,1565
AT1G71180,1198,1207,753,521,754,489
AT1G71190,4282,3877,3365,4156,6559,3425
AT1G71200,124,115,97,120,75,70
AT1G71210,1802,1689,1060,1303,1549,1152
AT1G71220,15337,14631,9250,9131,11355,10483
AT1G71230,1348,1179,894,944,1114,829
AT1G71240,1565,1422,1146,2041,2755,1499
AT1G71250,0,0,1,11,11,3
AT1G71260,3159,3064,2455,2819,3137,2071
AT1G71270,7400,7010,4917,5040,6857,4494
AT1G71280,31,39,23,40,27,33
AT1G71290,11,4,1,0,5,0
AT1G71300,21,28,13,25,17,11
AT1G71310,1279,1142,1006,1414,1603,962
AT1G71330,254,275,254,673,678,320
AT1G71340,3095,2866,2542,3261,4153,2418
AT1G71350,1934,2184,1339,2465,2592,2126
AT1G71360,1200,1098,868,1747,2214,1177
AT1G71370,7,13,10,4,9,3
AT1G71380,396,367,291,694,867,933
AT1G71400,3322,2863,2519,1188,2000,1177
AT1G71410,7543,6720,4736,6133,8721,7402
AT1G71420,46,71,54,36,51,49
AT1G71430,634,704,525,583,637,500
AT1G71440,3240,2995,2097,3145,3534,2406
AT1G71460,164,180,104,129,147,89
AT1G71480,119,180,95,315,386,149
AT1G71490,195,172,88,54,79,74
AT1G71500,599,741,472,1749,1764,1218
AT1G71520,481,354,300,2647,2382,1348
AT1G71528,1195,924,770,763,718,524
AT1G71530,2194,2263,1521,1838,2175,1619
AT1G71690,37,41,25,10,10,5
AT1G71692,2133,1760,1518,1562,1871,866
AT1G71695,1710,1514,1409,2207,2579,1255
AT1G71696,5249,5134,3717,3702,4845,2875
AT1G71697,2756,2814,1923,5605,6713,3045
AT1G71710,1736,1565,1143,2937,3765,1912
AT1G71720,757,691,528,646,816,490
AT1G71730,3827,3737,2560,5350,6440,4720
AT1G71740,4401,4415,3202,3507,6010,3195
AT1G71750,587,559,365,440,467,301
AT1G71760,188,250,161,67,120,52
AT1G71770,5,3,6,6,0,0
AT1G71780,6979,6720,5142,5663,7595,4664
AT1G71790,3398,2980,2386,3420,4347,2655
AT1G71800,2611,2320,1531,1870,2450,2053
AT1G71810,1105,1138,665,1226,1383,799
AT1G71820,9540,8855,6415,5231,7228,4739
AT1G71830,2364,2317,1655,1006,1296,1018
AT1G71840,3869,3799,2380,5041,5339,3667
AT1G71850,1153,1218,751,368,402,367
AT1G71860,8045,7129,5510,8326,10331,6440
AT1G71865,895,723,709,812,1259,592
AT1G71870,2043,2855,1530,1528,2156,1236
AT1G71880,8148,10926,7136,3014,3957,2555
AT1G71900,3275,2804,2194,2111,2776,1868
AT1G71910,158,162,139,175,286,94
AT1G71920,1115,1005,461,616,833,486
AT1G71930,236,220,138,298,304,185
AT1G71940,2894,2672,1990,2675,3424,2435
AT1G71950,5619,5332,4782,14071,17396,7778
AT1G71960,1957,2156,1361,3730,4695,2497
AT1G71970,905,799,722,224,318,202
AT1G71980,7341,7041,5757,4879,7585,4415
AT1G71990,623,525,506,886,1141,970
AT1G72010,1732,1559,1106,806,1201,718
AT1G72020,33129,34450,28784,26863,35411,18780
AT1G72030,13,35,0,64,57,62
AT1G72040,3574,3326,2476,4259,4737,3551
AT1G72050,3481,3048,2428,2773,3262,2657
AT1G72060,18,8,15,106,215,68
AT1G72070,301,216,176,672,777,451
AT1G72090,3396,3479,2331,4191,4627,3644
AT1G72100,9,10,0,98,81,34
AT1G72120,591,510,357,1149,1223,968
AT1G72125,1510,1484,1075,505,988,616
AT1G72130,6130,5838,4747,2098,3584,2417
AT1G72131,24,14,13,8,9,4
AT1G72140,3456,2890,3139,1196,2792,1437
AT1G72150,34399,32276,23159,4435,6864,3993
AT1G72160,18299,19021,12713,5307,8028,5009
AT1G72170,4041,3650,2641,3370,3736,2563
AT1G72175,2170,1974,1630,4254,4730,2705
AT1G72180,1216,1366,887,485,675,615
AT1G72190,494,454,331,402,619,407
AT1G72200,4454,4739,3113,1885,2814,1446
AT1G72210,896,715,667,1527,2004,1254
AT1G72220,471,451,314,259,341,232
AT1G72230,9561,10534,8711,5600,7530,3684
AT1G72240,589,485,382,607,709,298
AT1G72250,1228,1213,820,275,342,318
AT1G72270,27,28,18,10,15,25
AT1G72275,311,303,266,136,196,150
AT1G72280,1032,968,794,746,973,504
AT1G72300,3976,3653,3000,751,1405,816
AT1G72310,3325,3585,2660,2153,2854,1578
AT1G72320,4061,3791,2445,3518,3823,3266
AT1G72330,1250,957,777,1486,1748,1314
AT1G72340,2792,3033,2326,2943,3532,2430
AT1G72360,726,726,661,405,594,268
AT1G72370,90729,89905,66298,61985,72370,54044
AT1G72390,3840,3968,2516,3907,4537,3862
AT1G72410,4957,4086,3228,4177,5949,5006
AT1G72416,1592,1199,1401,2223,1917,791
AT1G72420,947,808,593,562,717,548
AT1G72430,5941,6029,3895,734,1069,726
AT1G72440,5018,5327,3292,2971,3525,2388
AT1G72450,839,728,683,728,1231,618
AT1G72470,2705,2404,1521,1825,2337,1964
AT1G72480,5496,5078,3799,3125,4168,3007
AT1G72490,870,880,615,1622,1975,1351
AT1G72500,5178,5480,3655,2360,3072,1837
AT1G72510,8525,7651,6128,5580,7191,3620
AT1G72520,56,41,38,119,149,116
AT1G72530,247,210,153,156,197,137
AT1G72540,42,37,0,125,201,83
AT1G72545,44,51,48,27,31,14
AT1G72550,8664,7869,5252,7690,8489,6528
AT1G72560,3013,2941,2035,1903,2218,1865
AT1G72590,38,21,24,21,45,36
AT1G72600,873,727,696,461,725,459
AT1G72610,68,76,64,30,62,16
AT1G72620,60,30,31,0,5,0
AT1G72630,3024,2877,2316,3041,4275,1938
AT1G72640,242,210,163,280,324,205
AT1G72645,3,5,0,5,0,0
AT1G72650,2017,1982,1643,2405,3056,1905
AT1G72660,36,65,47,135,143,76
AT1G72670,835,944,710,395,343,251
AT1G72680,8871,8264,6306,26800,32595,17887
AT1G72690,691,640,537,875,1284,533
AT1G72700,8846,8561,5960,9937,13528,8392
AT1G72710,18994,17547,12549,17322,23269,14973
AT1G72720,83,62,66,44,35,59
AT1G72730,9085,8293,5887,4294,6038,4559
AT1G72740,1563,1542,1038,1687,2066,1428
AT1G72750,10081,9662,7077,8306,10046,7263
AT1G72755,3,4,3,3,3,2
AT1G72760,0,3,0,63,40,38
AT1G72770,3922,3603,2599,12283,15037,9025
AT1G72790,1316,1255,1088,1109,1409,1118
AT1G72800,111,124,101,137,173,117
AT1G72810,1881,2006,1278,1023,1177,795
AT1G72820,3196,3256,2443,2218,3015,2334
AT1G72830,1510,1418,1267,1516,2125,1345
AT1G72840,2221,1608,1485,3576,3893,2996
AT1G72850,657,488,443,983,1019,736
AT1G72852,110,78,104,98,71,54
AT1G72855,586,505,521,411,706,425
AT1G72860,843,644,479,198,258,240
AT1G72870,921,700,549,189,305,196
AT1G72880,4310,3926,2906,2244,3028,1735
AT1G72890,179,190,130,20,46,34
AT1G72900,559,536,406,731,975,571
AT1G72910,3,0,0,4,15,4
AT1G72920,76,57,59,182,318,120
AT1G72930,39,18,10,110,130,88
AT1G72940,611,442,359,956,1196,665
AT1G72950,112,126,58,46,82,74
AT1G72960,186,132,110,130,104,115
AT1G72970,589,602,431,529,605,531
AT1G72990,1682,1571,1050,1299,1581,1038
AT1G73000,6,8,5,6,26,6
AT1G73010,416,337,257,1406,1353,672
AT1G73020,1310,1402,921,441,468,367
AT1G73030,4806,4719,3449,7781,8658,4848
AT1G73040,16,19,16,89,105,40
AT1G73050,0,10,0,9,3,0
AT1G73060,1237,1204,1003,1343,1663,1147
AT1G73066,51,62,53,87,78,69
AT1G73080,3369,3310,1963,3720,4505,3781
AT1G73090,583,581,401,862,855,640
AT1G73100,1838,1783,1178,1093,1448,1182
AT1G73110,140,97,85,97,80,47
AT1G73120,164,97,196,50,67,30
AT1G73130,550,531,407,684,758,474
AT1G73140,209,187,128,298,297,178
AT1G73150,743,728,473,541,759,560
AT1G73160,863,706,470,328,573,488
AT1G73165,260,300,167,722,767,342
AT1G73170,1814,1795,1148,1655,2317,1344
AT1G73175,0,0,0,4,6,0
AT1G73177,776,846,757,655,785,357
AT1G73180,5198,5054,3227,4676,5332,5030
AT1G73200,3468,3344,2297,3440,4681,3494
AT1G73210,534,543,509,500,511,500
AT1G73220,616,714,370,4022,6145,2976
AT1G73230,23296,25303,16778,19784,21795,15377
AT1G73240,1594,1769,1140,1325,1580,1318
AT1G73250,3263,2831,1787,2120,2998,2653
AT1G73260,3797,3720,2546,25628,36930,13200
AT1G73270,911,827,675,416,674,396
AT1G73280,2209,1946,1816,539,863,440
AT1G73290,218,227,222,414,345,189
AT1G73300,936,732,783,161,329,124
AT1G73310,949,860,813,579,800,521
AT1G73320,667,563,366,407,561,515
AT1G73330,23758,19123,22967,7901,14791,5246
AT1G73340,1131,1013,766,225,274,239
AT1G73350,2100,1731,1437,2134,2869,1614
AT1G73360,246,202,101,127,154,124
AT1G73370,938,779,537,888,1027,924
AT1G73380,1105,1299,990,2132,2580,1794
AT1G73390,2208,2121,1575,5331,6753,3092
AT1G73400,320,359,260,296,321,244
AT1G73410,144,176,87,211,189,138
AT1G73430,7404,7031,4598,5316,6543,5207
AT1G73440,575,490,425,728,740,489
AT1G73445,13,12,7,16,18,11
AT1G73450,1679,1593,1047,1319,1544,1090
AT1G73460,3722,3346,2090,2844,3556,2978
AT1G73470,968,889,610,1121,1325,1008
AT1G73480,679,558,468,16485,16751,9691
AT1G73490,4614,4501,3368,4241,4865,2916
AT1G73500,1320,1231,996,1368,1425,834
AT1G73530,314,351,278,470,664,393
AT1G73540,697,757,443,1133,1529,799
AT1G73550,8,3,0,7,0,0
AT1G73570,439,392,327,219,334,280
AT1G73580,2081,2487,1547,340,682,497
AT1G73590,5132,4760,3825,3349,3295,2754
AT1G73600,390,352,255,130,137,121
AT1G73610,9,14,12,13,13,0
AT1G73620,7282,7299,4737,1909,3333,2672
AT1G73630,641,556,364,395,368,285
AT1G73640,1516,1309,1154,702,880,438
AT1G73650,2878,2981,1842,2472,3562,1709
AT1G73655,447,460,321,641,876,558
AT1G73660,2663,2701,1760,1730,2288,1486
AT1G73670,4172,3786,2717,4189,6061,3807
AT1G73680,1473,1421,908,1028,1576,1093
AT1G73687,4,7,0,7,4,0
AT1G73690,625,577,480,390,371,271
AT1G73700,15,35,21,16,18,10
AT1G73710,626,606,394,580,757,567
AT1G73720,3494,3335,2316,3723,4468,3503
AT1G73730,2046,2032,1264,3469,4169,2754
AT1G73740,778,709,448,1299,1631,1048
AT1G73750,290,309,269,730,916,477
AT1G73760,1030,1017,791,1747,2013,1271
AT1G73770,308,344,227,256,239,184
AT1G73780,551,534,449,263,378,267
AT1G73790,991,883,741,886,1053,640
AT1G73805,66,83,80,228,232,75
AT1G73810,81,39,61,411,572,248
AT1G73820,1436,1305,964,1653,1829,1262
AT1G73830,11,20,19,5,15,0
AT1G73840,3937,4116,2937,5465,6336,4513
AT1G73850,974,837,695,1669,2102,1317
AT1G73860,1214,1386,1043,652,1061,677
AT1G73875,1469,1283,1083,1630,1822,1350
AT1G73880,832,905,539,4500,4029,2776
AT1G73885,687,658,374,497,601,424
AT1G73910,93,99,83,157,150,125
AT1G73920,6214,6038,4536,14541,17350,9375
AT1G73930,3729,3400,2269,1752,2381,2051
AT1G73940,9246,8746,6214,6082,7195,5633
AT1G73950,1500,1586,1131,1392,1710,865
AT1G73960,2769,2690,1854,2064,2717,1782
AT1G73965,160,125,98,84,92,100
AT1G73970,1194,1125,924,985,1249,932
AT1G73980,4193,3833,2749,5260,6610,4186
AT1G73990,3412,3516,2297,3151,3903,2722
AT1G74000,74,82,63,124,226,141
AT1G74010,320,283,202,606,909,546
AT1G74020,9837,9879,8123,22165,28226,12780
AT1G74030,21203,22309,12978,8839,11374,9094
AT1G74035,0,14,15,7,7,0
AT1G74040,1817,1991,1430,1957,2263,1907
AT1G74050,26583,24724,18487,23621,29051,19435
AT1G74055,35,23,33,8,10,7
AT1G74060,27653,26875,19889,19244,23195,17861
AT1G74070,88,96,74,59,65,65
AT1G74080,640,604,582,369,692,233
AT1G74088,166,138,125,202,259,187
AT1G74090,2197,2394,1537,1098,1603,815
AT1G74100,11259,12895,8781,7039,9527,6097
AT1G74120,495,396,321,376,464,374
AT1G74130,10,6,8,3,0,8
AT1G74150,179,167,110,98,64,63
AT1G74160,4920,4454,3300,3809,5112,4076
AT1G74170,729,709,476,553,754,612
AT1G74180,409,334,281,270,356,190
AT1G74200,286,255,216,306,184,218
AT1G74205,31,25,16,6,7,15
AT1G74210,5930,5942,4641,2237,3376,1844
AT1G74220,0,0,3,0,8,0
AT1G74230,8313,8238,5883,6900,10669,5466
AT1G74240,742,735,557,607,718,534
AT1G74250,2872,2825,1946,2029,3124,2164
AT1G74260,8564,8726,4828,6279,7370,6689
AT1G74270,14153,15601,13758,11184,14082,8835
AT1G74280,1912,1815,1329,1547,2022,1354
AT1G74290,52,58,31,36,52,36
AT1G74300,513,375,310,179,293,218
AT1G74310,1796,1470,1473,1386,1327,884
AT1G74320,1794,1427,1089,1408,1879,1107
AT1G74330,886,905,691,669,758,586
AT1G74340,4069,3797,3351,3443,4771,2409
AT1G74350,127,102,91,104,138,100
AT1G74360,758,655,497,1111,1655,1154
AT1G74370,524,560,421,993,1227,805
AT1G74380,13838,13762,8730,7446,10800,7926
AT1G74385,126,124,98,62,107,66
AT1G74390,465,417,301,363,420,350
AT1G74400,86,66,61,47,49,31
AT1G74410,1297,1214,864,1344,1747,886
AT1G74420,86,80,70,30,35,34
AT1G74430,36,42,20,12,16,6
AT1G74440,207,179,156,67,64,69
AT1G74450,500,445,284,550,816,447
AT1G74453,340,291,298,330,364,210
AT1G74456,177,152,121,161,180,114
AT1G74458,1943,1594,1371,3477,4261,1642
AT1G74460,1451,1905,1619,3030,2292,1499
AT1G74470,2236,3360,1315,1009,1744,1112
AT1G74490,1015,1154,731,1651,1588,1760
AT1G74500,5251,4819,3760,3239,4280,2537
AT1G74510,7583,6968,5113,5525,7692,6039
AT1G74520,1229,1018,1048,1204,1599,793
AT1G74530,1676,1613,1327,1721,2040,1318
AT1G74540,7,5,3,8,3,2
AT1G74545,106,91,64,78,83,85
AT1G74550,42,43,27,42,28,12
AT1G74560,8237,8314,6057,5094,6070,4282
AT1G74580,366,312,258,132,136,178
AT1G74590,580,480,378,726,1181,650
AT1G74600,344,321,231,138,231,243
AT1G74630,76,81,37,16,16,49
AT1G74640,2205,2212,1585,2275,3105,1562
AT1G74650,107,179,79,98,171,97
AT1G74660,2220,2088,1612,1390,1908,896
AT1G74670,8,7,0,11,21,10
AT1G74680,775,632,434,338,533,414
AT1G74690,10634,10495,7983,6652,8266,5806
AT1G74700,516,480,318,485,632,319
AT1G74710,872,924,671,839,1427,765
AT1G74720,2376,2245,1495,1118,1652,1483
AT1G74730,310,354,210,412,533,244
AT1G74740,4006,3809,2848,2639,4084,2185
AT1G74750,1215,1101,621,1174,1324,1067
AT1G74770,3187,3167,2693,2312,3176,1917
AT1G74780,1508,1402,1039,1572,1914,1565
AT1G74790,13039,12742,9164,14819,22226,13269
AT1G74800,3293,3130,2081,2617,3244,2237
AT1G74810,111,97,43,241,426,307
AT1G74830,626,686,444,77,116,87
AT1G74840,17829,16764,13165,10656,13641,8427
AT1G74850,777,863,427,566,732,658
AT1G74860,628,630,484,828,966,542
AT1G74870,100,115,40,15,29,20
AT1G74875,2,7,8,6,6,2
AT1G74880,88,58,110,68,63,36
AT1G74890,215,148,197,103,68,73
AT1G74900,146,121,122,88,83,82
AT1G74910,9017,8627,5500,5981,7931,5716
AT1G74920,17146,15507,11706,14500,17716,12356
AT1G74929,4,4,6,1,4,1
AT1G74930,20,31,24,45,40,19
AT1G74940,1353,1438,1097,216,404,238
AT1G74950,2043,2069,1741,1248,1380,637
AT1G74960,8408,7809,5202,6448,7497,6160
AT1G74970,1406,1324,994,1308,1567,1100
AT1G75000,200,203,185,218,299,245
AT1G75010,1096,1099,895,595,714,596
AT1G75020,1589,1715,1293,1466,1964,1089
AT1G75030,73,58,108,346,339,166
AT1G75060,151,162,143,114,111,92
AT1G75080,2605,2478,1694,1853,2368,1711
AT1G75090,497,498,331,637,677,466
AT1G75100,193,164,129,192,307,163
AT1G75110,250,204,138,161,229,156
AT1G75120,249,302,238,167,228,145
AT1G75125,64,101,80,82,80,42
AT1G75130,2756,2594,1746,1777,2390,1782
AT1G75140,2218,2184,1420,980,1262,1237
AT1G75150,946,987,626,331,382,335
AT1G75160,172,164,174,40,79,101
AT1G75163,68,50,37,24,32,28
AT1G75166,91,85,56,41,47,32
AT1G75170,3784,3748,2608,9270,11051,5097
AT1G75180,3120,2723,2147,4122,4932,2878
AT1G75190,242,145,116,338,484,213
AT1G75200,3823,3818,2417,3585,3962,4089
AT1G75210,3024,2710,1876,2805,3252,2102
AT1G75220,15079,13737,10596,9384,13494,7767
AT1G75230,1442,1339,948,1516,1741,1262
AT1G75250,7,14,13,0,2,0
AT1G75260,138,144,127,195,208,183
AT1G75270,14424,12674,7816,9787,12060,8277
AT1G75280,8680,9113,5460,9087,9762,6588
AT1G75290,324,309,181,644,801,408
AT1G75295,1102,911,917,1007,1362,845
AT1G75300,210,176,154,120,156,90
AT1G75310,2355,2072,1447,873,1250,995
AT1G75330,11651,11482,7566,9957,11872,9733
AT1G75335,435,399,298,365,466,246
AT1G75340,2219,2107,1614,2260,2776,1735
AT1G75350,809,988,678,1295,1659,699
AT1G75360,17,17,19,10,18,5
AT1G75370,3066,3204,2021,8230,9677,5772
AT1G75380,3902,4300,2990,2533,4097,2091
AT1G75390,2573,2551,1885,4437,3996,2567
AT1G75394,5,3,3,16,23,7
AT1G75400,6555,6450,4967,9004,11558,7504
AT1G75410,1541,1470,1084,1532,2332,1246
AT1G75420,2233,2071,1675,1163,1612,1272
AT1G75440,3305,2791,2818,1634,2479,949
AT1G75450,1051,856,966,2248,2487,1439
AT1G75460,0,8,0,100,126,27
AT1G75480,0,0,2,0,9,0
AT1G75490,4,0,0,89,147,78
AT1G75500,16839,18234,12903,2442,3414,2249
AT1G75510,2726,2561,1978,2599,3412,1615
AT1G75520,70,82,57,25,29,36
AT1G75540,18107,16436,13827,10158,15668,7922
AT1G75550,378,383,253,105,164,101
AT1G75560,7198,7553,5183,7818,9350,5862
AT1G75580,541,433,404,370,366,248
AT1G75590,1211,1179,733,932,1234,817
AT1G75600,20,10,28,1002,283,150
AT1G75610,2,0,3,0,7,5
AT1G75620,744,867,465,182,293,152
AT1G75630,15481,14715,11704,10321,13955,8070
AT1G75640,1678,1869,1193,385,518,423
AT1G75660,10375,9738,5952,11457,12540,11930
AT1G75670,1327,1419,1030,1041,1046,689
AT1G75680,18127,18402,13988,14308,14724,9588
AT1G75690,95,95,64,139,218,119
AT1G75700,257,289,213,243,297,209
AT1G75710,2943,2775,1827,4025,4027,3705
AT1G75717,43,25,48,29,23,20
AT1G75720,260,256,170,220,259,140
AT1G75730,923,775,636,518,749,617
AT1G75750,117218,111336,82028,35573,48979,23190
AT1G75760,5452,4751,4114,5302,6545,3810
AT1G75770,129,147,83,358,348,176
AT1G75780,20964,19669,14951,4122,6470,4187
AT1G75785,184,157,226,79,99,25
AT1G75800,8999,8729,6424,8541,9451,6073
AT1G75810,1119,1149,896,1405,2082,1094
AT1G75820,1724,2192,1302,1089,1172,698
AT1G75830,3,0,3,8,25,13
AT1G75840,9047,8163,5654,3866,5111,3095
AT1G75850,5490,5584,4108,4492,6103,3856
AT1G75860,2065,1992,1596,2600,2735,1480
AT1G75880,11,0,0,0,5,0
AT1G75900,11,16,24,0,0,5
AT1G75920,100,86,83,47,56,22
AT1G75945,943,963,892,1117,1223,744
AT1G75950,25128,23985,19274,35558,43862,23945
AT1G75960,45,19,23,41,64,69
AT1G75980,1566,1474,1121,1262,1492,854
AT1G75990,5488,5393,3960,2842,4272,3110
AT1G76010,27924,28036,20816,26266,32873,23518
AT1G76020,450,495,376,578,613,365
AT1G76030,29990,29096,21389,24742,35341,22344
AT1G76040,1178,1226,842,2730,3080,1739
AT1G76050,890,843,666,757,913,632
AT1G76060,1190,1131,782,1183,1233,833
AT1G76062,1,1,2,2,2,2
AT1G76065,509,414,359,399,505,273
AT1G76070,860,700,486,1497,1910,790
AT1G76080,100,121,130,156,161,60
AT1G76090,27346,22360,17492,4452,7316,5382
AT1G76100,36,80,50,10,22,5
AT1G76110,95,67,68,56,74,42
AT1G76120,821,1041,546,428,541,578
AT1G76130,336,286,203,874,783,421
AT1G76135,5,3,0,0,4,0
AT1G76140,7956,7624,5321,6982,8567,6596
AT1G76150,4719,4457,3432,5380,7629,4061
AT1G76160,16124,15009,11059,11258,11834,7564
AT1G76170,590,491,380,691,738,507
AT1G76180,50825,51490,33221,105792,124269,53324
AT1G76185,866,745,598,915,1363,775
AT1G76190,3,0,6,3,0,0
AT1G76200,30158,32233,24271,26719,36642,18927
AT1G76210,44,62,36,10,40,11
AT1G76220,140,181,146,24,29,17
AT1G76230,20,18,6,15,11,9
AT1G76240,6542,6124,4468,996,1257,969
AT1G76250,1150,1148,880,1174,1447,773
AT1G76260,3971,3631,2752,3159,4030,2316
AT1G76270,2736,2737,2105,1923,2693,1938
AT1G76280,1824,1770,1062,1477,1728,1480
AT1G76290,0,3,0,266,234,149
AT1G76300,3019,2864,2320,2579,2817,1974
AT1G76310,1296,1272,891,303,320,252
AT1G76320,2057,1719,1532,1538,2166,1407
AT1G76340,5207,4286,3313,1548,2412,2001
AT1G76350,4135,3617,2794,2225,3472,2479
AT1G76360,1021,1026,777,311,560,285
AT1G76380,1670,1377,1082,1643,1955,1084
AT1G76390,2106,2079,1389,2158,3181,1997
AT1G76400,9193,8118,5704,5217,7200,6254
AT1G76405,976,890,682,628,833,463
AT1G76410,325,371,356,431,632,344
AT1G76430,23,19,20,11,6,6
AT1G76440,768,694,594,1190,1460,850
AT1G76450,345,309,214,246,295,158
AT1G76460,3416,2982,2514,2266,3146,2090
AT1G76470,1471,1388,1191,476,1063,732
AT1G76480,85,94,68,80,121,105
AT1G76490,41972,39436,27097,29853,39475,31799
AT1G76500,1930,2125,1110,1985,2538,2230
AT1G76510,3421,3007,2081,3882,4730,3042
AT1G76520,10548,9120,7088,11638,15456,10120
AT1G76530,19,0,12,21,37,20
AT1G76540,3275,3297,2416,2165,2297,1176
AT1G76550,13307,12709,9070,5578,7266,4784
AT1G76560,1264,1264,818,1004,1388,734
AT1G76570,240,278,215,308,426,221
AT1G76580,1390,1314,937,1582,1917,1379
AT1G76590,642,551,614,2236,1986,825
AT1G76600,941,954,624,1255,1284,586
AT1G76610,8,3,0,6,0,3
AT1G76620,82,114,53,39,22,18
AT1G76630,2737,2543,1718,1955,2527,2321
AT1G76640,125,125,95,61,80,49
AT1G76650,90,59,73,438,384,180
AT1G76660,2011,1730,1279,1834,2481,2225
AT1G76670,13856,13174,9591,6907,8978,7265
AT1G76680,123165,108948,77469,104817,121558,57007
AT1G76690,16327,16220,11134,17274,21576,10342
AT1G76700,1200,1103,892,2869,3480,1458
AT1G76705,56,51,62,102,131,55
AT1G76710,1779,1697,1309,2052,3085,2265
AT1G76720,412,336,245,354,442,283
AT1G76730,273,377,233,241,314,167
AT1G76740,234,253,156,95,89,51
AT1G76750,5,5,15,23,12,6
AT1G76760,2151,1791,1399,1822,2503,1223
AT1G76770,46,41,30,38,38,10
AT1G76780,145,119,134,102,161,67
AT1G76790,24616,23872,21020,3446,5855,3455
AT1G76800,622,893,446,342,514,228
AT1G76810,14141,13828,8342,14511,17076,14224
AT1G76820,231,262,132,154,205,245
AT1G76850,8071,7863,5573,5247,6608,5534
AT1G76860,3894,3453,2526,3909,4688,2759
AT1G76870,131,148,102,105,136,87
AT1G76878,1451,1395,1149,673,1005,688
AT1G76880,7541,6894,5497,4081,5535,4026
AT1G76890,4261,4415,3067,1230,1833,1074
AT1G76892,3,4,5,2,2,0
AT1G76900,6103,5886,4671,6352,8167,4721
AT1G76920,4606,4120,3057,5711,7336,5345
AT1G76930,18059,18906,14677,4774,14120,4635
AT1G76940,2593,2678,1775,3416,4232,2457
AT1G76950,3895,3772,2510,2111,2594,2129
AT1G76952,35,54,49,48,47,30
AT1G76960,3,8,0,3,4,0
AT1G76965,10,12,11,16,19,14
AT1G76970,2711,2561,1981,4560,5745,2922
AT1G76980,1620,1599,1179,3378,4453,2360
AT1G76990,20271,20260,16093,12145,14125,9499
AT1G77000,913,884,774,4717,6103,2840
AT1G77010,79,77,70,53,51,51
AT1G77020,2077,1938,1484,810,1057,733
AT1G77030,4564,4616,2982,2079,2785,2934
AT1G77060,284,205,158,662,723,510
AT1G77080,3502,3265,2882,2985,3987,1918
AT1G77090,9,0,0,71,61,34
AT1G77120,269,211,115,41502,37608,20290
AT1G77122,356,346,279,274,458,286
AT1G77130,13171,12853,9701,8037,12987,7974
AT1G77131,752,627,443,139,264,155
AT1G77138,20,3,3,14,15,6
AT1G77140,3597,3356,2673,2776,3373,2292
AT1G77145,66,44,41,43,61,13
AT1G77170,622,599,356,1005,1127,743
AT1G77180,10612,10500,6904,14590,17276,13076
AT1G77200,328,385,258,57,79,72
AT1G77220,2644,2497,1888,3936,5020,3196
AT1G77230,1540,1398,1060,1370,1542,1320
AT1G77235,12,6,6,3,4,10
AT1G77240,60,57,53,76,76,35
AT1G77250,1097,1019,712,1238,1273,951
AT1G77260,4583,4434,3070,2926,3557,2520
AT1G77270,27,52,27,21,11,9
AT1G77280,1921,2049,1113,1795,2537,1876
AT1G77290,600,479,524,593,712,271
AT1G77300,5673,5407,3838,4816,6149,4271
AT1G77310,707,720,488,779,897,625
AT1G77320,1550,1611,1189,1156,1338,964
AT1G77330,37509,34886,25960,17895,35818,23165
AT1G77340,15,7,6,7,8,5
AT1G77350,6546,5919,4757,4497,5999,4180
AT1G77360,203,161,111,155,159,166
AT1G77370,4214,4085,3339,4706,6074,3311
AT1G77380,364,538,277,289,391,353
AT1G77390,128,169,98,191,230,101
AT1G77400,123,142,75,63,91,65
AT1G77405,101,87,69,41,75,34
AT1G77410,390,335,329,534,523,382
AT1G77420,2052,1862,1513,1158,1596,915
AT1G77440,9749,9100,7185,8604,10965,5858
AT1G77450,10037,9486,6221,17708,19726,9685
AT1G77460,1378,1401,855,455,811,773
AT1G77470,2024,1918,1493,1870,2012,1474
AT1G77480,1461,1266,1115,1252,1615,1015
AT1G77490,371,341,230,243,287,236
AT1G77500,3279,2831,2087,3028,4374,3218
AT1G77510,12663,12226,9172,4599,6494,3799
AT1G77520,335,253,382,71,32,15
AT1G77525,15,21,15,8,5,3
AT1G77530,515,346,678,29,38,22
AT1G77540,1850,1732,1392,2256,2690,1367
AT1G77550,4682,4544,2746,2525,2985,3025
AT1G77570,158,184,158,274,301,104
AT1G77580,2637,2552,1778,1351,2007,1526
AT1G77590,6149,6262,4229,7196,7274,4940
AT1G77600,1795,1810,1259,1464,1405,1101
AT1G77610,9253,8922,6437,5832,7684,5929
AT1G77620,1251,1208,810,882,1080,732
AT1G77630,1129,991,878,307,275,248
AT1G77640,170,175,156,121,145,72
AT1G77660,1795,1467,1145,1612,2020,1449
AT1G77670,3680,3436,2381,4090,5085,4101
AT1G77680,4190,4171,2761,5596,6178,4759
AT1G77690,24091,22609,19665,5022,7613,5308
AT1G77700,771,753,620,1067,1025,546
AT1G77710,7518,6937,5888,6865,9294,4805
AT1G77720,1311,1281,1007,1385,1487,1252
AT1G77730,18,11,4,32,58,17
AT1G77740,4599,4298,3023,2953,3913,3431
AT1G77750,4151,4178,3174,2405,3215,2225
AT1G77760,6373,6647,4327,781,787,923
AT1G77765,105,61,59,167,232,126
AT1G77770,5254,5024,3463,4100,5719,3303
AT1G77790,10,19,10,3,3,7
AT1G77800,4032,3996,2671,4030,4831,4027
AT1G77810,2210,2390,1733,2237,3555,2087
AT1G77840,8384,7906,4964,7270,8101,6242
AT1G77850,1469,1309,1023,777,1099,705
AT1G77855,419,481,307,121,261,137
AT1G77860,18,18,14,38,14,21
AT1G77870,7,6,0,0,0,0
AT1G77880,45,31,31,39,43,22
AT1G77885,3274,3094,2267,537,695,325
AT1G77890,1604,1377,1113,1454,1943,1284
AT1G77920,3495,2977,2441,2398,3198,1765
AT1G77930,1083,914,664,979,1405,824
AT1G77932,0,3,0,3,10,0
AT1G77940,55572,54258,47908,43202,52741,34757
AT1G77950,3,0,8,27,30,10
AT1G77990,629,610,506,205,298,154
AT1G77992,3,6,3,1,1,0
AT1G78000,28569,25077,17812,30050,49896,28926
AT1G78010,665,648,489,787,939,578
AT1G78020,1081,1118,881,149,143,83
AT1G78030,5,0,4,5,7,0
AT1G78040,66772,59230,48828,46342,57216,36623
AT1G78050,2021,2203,1451,1843,2341,1517
AT1G78060,3039,3359,2133,3191,3402,2450
AT1G78070,2814,2744,1965,12743,15753,7157
AT1G78080,11775,11419,9602,12404,15478,10275
AT1G78090,2920,3581,2293,523,708,404
AT1G78100,4927,4752,3308,3336,4571,2902
AT1G78110,773,675,471,316,503,358
AT1G78120,3191,3298,2214,906,1431,886
AT1G78130,891,753,671,740,1081,660
AT1G78140,1867,1809,1323,2531,3067,1451
AT1G78150,13155,11058,10465,11501,15224,9018
AT1G78160,0,0,0,58,34,10
AT1G78172,156,76,103,92,132,51
AT1G78180,414,505,334,684,784,444
AT1G78190,390,393,328,175,312,161
AT1G78200,680,616,401,592,845,470
AT1G78206,74,79,52,16,11,17
AT1G78210,342,343,166,1173,1175,509
AT1G78230,160,190,150,888,1204,526
AT1G78240,7904,8137,5327,7796,10092,7825
AT1G78260,8158,6476,5737,788,1333,717
AT1G78265,632,552,457,326,289,252
AT1G78270,407,360,344,584,529,370
AT1G78280,2346,2642,1871,2862,3455,2366
AT1G78290,546,350,317,940,1296,489
AT1G78300,29002,25932,21768,13561,18651,10502
AT1G78310,1694,1611,1137,1686,2522,1660
AT1G78320,198,226,149,91,95,36
AT1G78330,9,8,0,0,0,0
AT1G78340,23703,19652,13859,15853,25173,12497
AT1G78350,3,3,0,8,5,0
AT1G78360,8,0,0,10,14,0
AT1G78370,876,1195,722,409,569,249
AT1G78380,251358,228136,164972,267008,302764,189326
AT1G78390,182,144,104,118,218,154
AT1G78410,26,17,19,49,57,22
AT1G78420,4393,4084,3497,7404,8532,5408
AT1G78430,357,360,237,148,195,115
AT1G78440,134,138,67,121,166,78
AT1G78460,66,93,40,118,160,94
AT1G78470,0,6,0,3,12,0
AT1G78476,10,16,11,25,16,6
AT1G78478,6,0,0,16,24,0
AT1G78480,199,195,103,283,452,307
AT1G78490,16,13,0,21,25,10
AT1G78510,1182,1110,846,1842,2616,1622
AT1G78520,675,619,532,175,191,142
AT1G78530,272,252,234,153,288,111
AT1G78540,837,900,637,951,1090,888
AT1G78550,881,880,656,763,1058,698
AT1G78560,4857,4268,3403,4837,5730,4453
AT1G78570,51146,51902,30639,48060,58368,46571
AT1G78580,3317,3681,2255,3103,3276,2420
AT1G78590,1137,1123,756,1648,2217,1293
AT1G78600,5121,4831,3455,6288,7493,4066
AT1G78610,4041,3759,2625,8985,9579,6401
AT1G78620,3777,3283,2553,2669,3775,2351
AT1G78630,3328,3571,2610,3283,3642,2647
AT1G78650,1162,1048,922,600,667,444
AT1G78660,15681,13398,11988,12270,14451,7538
AT1G78670,6488,6153,5265,6436,8537,4214
AT1G78680,10777,10421,8490,18714,24837,10732
AT1G78690,1036,1076,921,1632,1891,1418
AT1G78700,3844,3508,2657,3886,4598,3457
AT1G78710,12,12,0,41,44,43
AT1G78720,23,24,15,287,246,148
AT1G78730,299,231,203,213,202,137
AT1G78750,22,21,14,9,13,19
AT1G78770,1652,1546,1074,1183,1183,1023
AT1G78780,55,33,49,170,213,106
AT1G78790,800,888,622,1294,1581,836
AT1G78800,2847,2821,2152,2587,3404,2450
AT1G78810,1108,964,706,779,1060,807
AT1G78815,74,107,108,55,39,36
AT1G78820,92,75,54,55,41,52
AT1G78830,5668,5526,3941,14032,21947,11147
AT1G78840,9,0,8,17,14,11
AT1G78850,27730,27366,16281,21580,33454,19405
AT1G78860,5383,4828,4352,95,242,137
AT1G78865,125,122,116,11,10,6
AT1G78870,8491,8110,5922,6448,9196,5673
AT1G78880,7122,6799,4240,3868,4798,4254
AT1G78890,3875,3687,2916,3897,5397,2899
AT1G78895,1529,1270,1177,2134,2490,1353
AT1G78900,95785,95004,62551,62282,87653,59213
AT1G78910,534,445,343,875,1070,638
AT1G78915,461,361,280,282,356,187
AT1G78920,16637,15550,10760,12212,16288,11994
AT1G78922,7,5,4,13,18,7
AT1G78930,193,175,151,81,95,74
AT1G78940,322,276,206,93,166,91
AT1G78950,167,118,74,166,161,138
AT1G78955,337,315,255,202,304,205
AT1G78960,617,584,357,528,729,387
AT1G78970,188,310,127,50,128,134
AT1G78990,122,172,117,40,44,46
AT1G79000,5747,5561,3381,5269,6819,5486
AT1G79010,16860,16026,12460,16274,19427,10379
AT1G79020,1843,1826,1458,2328,2728,1403
AT1G79030,3269,3155,2270,1614,2182,1709
AT1G79040,3473,4563,2421,3035,4290,1624
AT1G79050,1420,1491,942,943,1236,809
AT1G79060,1408,1244,1100,426,561,562
AT1G79070,684,666,542,366,551,367
AT1G79075,3766,4604,3171,2519,3411,1333
AT1G79080,925,850,518,684,720,573
AT1G79090,7206,7139,4288,6228,8250,5873
AT1G79100,19,18,11,4,11,0
AT1G79103,48,39,21,21,30,14
AT1G79110,494,545,331,320,522,294
AT1G79120,237,231,193,258,454,267
AT1G79130,36,44,17,21,32,5
AT1G79150,4263,4380,2483,1895,2021,1777
AT1G79160,282,278,166,475,599,376
AT1G79180,1831,1596,1291,957,1320,793
AT1G79190,1712,1786,1066,1494,1656,1366
AT1G79200,2023,1797,1583,1930,2178,1522
AT1G79210,9215,8722,6520,7900,10240,5330
AT1G79220,377,275,197,334,465,341
AT1G79230,16254,16649,10393,13875,17147,12276
AT1G79245,24188,21323,18751,55628,72319,35741
AT1G79250,230,268,151,8,25,19
AT1G79260,3181,2901,2245,3073,3838,2802
AT1G79270,9924,8973,5687,20282,28010,15614
AT1G79280,7768,8107,5448,6855,9196,6198
AT1G79310,831,792,744,557,857,490
AT1G79320,710,678,562,400,843,437
AT1G79330,426,463,313,198,322,189
AT1G79340,29709,29958,20688,23334,33584,21220
AT1G79350,5466,5496,3766,5399,6542,4448
AT1G79360,351,290,223,406,424,369
AT1G79380,8074,7328,5766,6713,10246,5508
AT1G79390,3141,3412,2556,2861,3257,2103
AT1G79410,6364,5566,3461,2134,2678,1718
AT1G79420,506,642,409,612,637,514
AT1G79430,1025,1020,736,1191,1298,760
AT1G79440,10370,10016,6977,7689,9347,6209
AT1G79450,2906,2737,2024,2691,4007,2341
AT1G79460,1166,957,668,917,1244,891
AT1G79470,2365,2435,1459,2193,2625,1864
AT1G79480,207,298,189,244,264,149
AT1G79490,683,705,458,489,523,536
AT1G79500,3314,3146,2381,2545,3252,2093
AT1G79510,243,297,146,429,584,152
AT1G79520,461,479,357,2155,2755,1356
AT1G79529,10,16,27,20,17,8
AT1G79530,43329,46783,31203,31880,41496,30477
AT1G79540,951,757,503,782,976,1115
AT1G79550,92383,95036,62200,53766,72944,48174
AT1G79560,2920,2828,1691,2004,2236,2081
AT1G79570,5640,5868,3734,3812,5382,3718
AT1G79580,1107,1011,829,964,1077,824
AT1G79590,5033,5021,3957,3880,5098,2642
AT1G79600,3580,3710,2563,5108,7141,4197
AT1G79610,2627,2700,2304,3910,4680,2511
AT1G79620,2045,2129,1334,856,1208,759
AT1G79630,2258,2122,1747,1392,1790,1039
AT1G79640,471,423,302,337,338,301
AT1G79650,6938,6523,5139,6119,7536,5589
AT1G79660,3856,3775,2558,4365,5106,3763
AT1G79670,2367,2301,1434,976,1481,1078
AT1G79690,8274,8339,5580,6497,7795,5349
AT1G79700,583,485,487,1611,1832,1060
AT1G79710,3760,3233,2091,2148,2729,2047
AT1G79720,586,563,469,378,324,161
AT1G79730,5118,4751,3132,5442,6261,4786
AT1G79740,1709,1540,1265,1363,1924,1340
AT1G79750,30310,29758,22446,25290,30920,21237
AT1G79760,1449,1440,1214,359,591,286
AT1G79780,134,126,108,192,211,144
AT1G79790,1231,1171,1023,1441,1803,936
AT1G79800,16,14,8,14,10,12
AT1G79810,2009,2134,1386,2170,2452,1772
AT1G79820,4976,4644,3676,4258,5507,3861
AT1G79830,13542,14093,9697,10433,13795,11034
AT1G79840,2479,2310,1373,343,343,302
AT1G79850,2356,2505,1850,1444,2146,1134
AT1G79860,639,660,442,92,239,163
AT1G79870,5855,5719,4466,3908,5179,3072
AT1G79880,1169,1150,869,1190,1530,1067
AT1G79890,351,427,237,120,115,92
AT1G79900,108,120,63,1118,1373,644
AT1G79910,353,341,258,62,80,53
AT1G79915,106,126,91,43,49,48
AT1G79920,16698,16093,9326,9073,11661,11078
AT1G79930,29159,28912,18645,21317,27654,24436
AT1G79940,10888,10859,7594,8166,11103,8171
AT1G79950,3323,2949,2322,3403,3853,2646
AT1G79960,4,5,3,11,8,4
AT1G79970,5290,5190,3942,6005,9379,6202
AT1G79985,4340,3792,3596,5157,6729,3836
AT1G79990,19387,18248,11956,12805,17174,15650
AT1G80000,4432,4228,2903,3303,4464,3431
AT1G80010,2308,2324,1487,2097,2714,2087
AT1G80020,4135,4088,2810,3625,4360,3513
AT1G80030,1772,1766,1194,1778,2226,1487
AT1G80040,7810,7389,5932,9027,10625,5967
AT1G80050,1434,1360,976,240,316,146
AT1G80060,297,325,191,235,264,195
AT1G80070,21409,21346,13408,20770,23308,20892
AT1G80080,30,27,13,24,12,17
AT1G80090,3,6,0,6,6,3
AT1G80100,177,180,110,56,35,14
AT1G80110,325,265,215,3346,3319,1650
AT1G80120,1928,2057,1195,945,906,633
AT1G80130,0,0,0,38,27,13
AT1G80150,882,857,508,801,751,782
AT1G80160,76,50,72,1434,1091,525
AT1G80165,12,6,11,1,1,1
AT1G80170,1278,1329,939,480,653,472
AT1G80180,1487,1476,1250,1019,1586,853
AT1G80190,728,730,595,311,471,284
AT1G80200,497,530,461,370,409,288
AT1G80210,3156,2995,2462,3779,4915,2698
AT1G80230,12770,12245,8735,9647,12947,6351
AT1G80240,10820,10941,7111,1552,2247,1405
AT1G80245,555,666,429,647,785,461
AT1G80260,3756,3325,2399,2696,2984,2427
AT1G80270,4710,5002,3222,1153,1279,1138
AT1G80280,5032,4755,3360,1607,1760,1621
AT1G80290,1685,1378,1099,1168,1535,1261
AT1G80300,6967,7516,4527,5285,6433,4782
AT1G80310,3360,3756,2387,2397,3652,2252
AT1G80315,4,8,2,8,5,3
AT1G80320,231,263,155,142,225,87
AT1G80325,1148,958,932,774,1175,930
AT1G80340,375,480,365,318,499,231
AT1G80350,4576,4570,2973,4209,5129,3911
AT1G80360,12231,12328,8533,7526,12092,6916
AT1G80370,1935,1773,1299,1664,1634,1397
AT1G80380,5428,5261,6024,14253,12222,6038
AT1G80400,1550,1362,1066,1269,1663,1185
AT1G80410,15046,15105,9957,13992,17027,12811
AT1G80420,2134,1880,1632,1611,2495,1623
AT1G80440,336,326,318,365,341,207
AT1G80450,228,203,151,774,1183,530
AT1G80460,12901,12629,9480,10557,15179,9020
AT1G80480,1852,1968,1277,1608,1831,1384
AT1G80490,13169,13140,9241,6746,9173,5917
AT1G80500,9623,8739,6801,7367,9672,6108
AT1G80510,1892,1653,1061,1014,1500,1083
AT1G80520,635,459,411,395,659,550
AT1G80530,2687,2528,2094,2043,2390,2259
AT1G80550,1343,1292,816,1594,2375,2000
AT1G80555,8,6,2,10,6,8
AT1G80560,4974,4656,3393,4535,5342,4066
AT1G80570,1261,1128,904,921,1509,743
AT1G80600,5339,6003,3878,4411,5316,4129
AT1G80610,1384,1441,1035,1719,1853,1074
AT1G80620,3832,3881,2552,3740,4318,3943
AT1G80630,894,766,631,775,1005,719
AT1G80640,1250,1470,1053,1077,1402,1000
AT1G80650,353,357,298,294,435,221
AT1G80660,9,18,0,5,5,13
AT1G80670,4659,4353,3334,3629,4551,2721
AT1G80680,4216,4169,2532,3709,4018,4413
AT1G80690,2409,2441,1869,1002,1309,906
AT1G80700,895,799,599,745,1025,644
AT1G80710,460,489,331,299,300,241
AT1G80720,1191,1193,769,558,740,421
AT1G80730,17,48,34,5,0,9
AT1G80740,0,3,0,6,0,5
AT1G80745,30,37,24,16,36,3
AT1G80750,8098,8290,5468,8361,9182,7109
AT1G80760,657,688,442,118,204,151
AT1G80770,1958,2007,1433,1749,2147,1393
AT1G80780,7338,6962,5617,9677,11987,7906
AT1G80790,4013,3863,2459,2253,3161,2237
AT1G80800,708,606,556,1017,1357,584
AT1G80810,1531,1490,1289,1554,2169,1037
AT1G80820,1005,971,704,3778,4140,2096
AT1G80830,8153,6660,5320,6350,8995,7341
AT1G80840,387,379,329,3731,3807,1900
AT1G80850,796,700,639,422,441,315
AT1G80860,3110,3012,2475,2843,3848,2584
AT1G80870,1256,1205,835,410,642,419
AT1G80880,359,367,205,300,321,356
AT1G80890,1022,1048,716,1465,1308,732
AT1G80900,1232,1176,917,985,1276,790
AT1G80910,3885,3468,2181,1734,2458,2319
AT1G80920,11109,12568,10445,24515,31429,12317
AT1G80930,7710,7293,4941,7248,8460,6010
AT1G80940,1630,1334,977,1320,1701,1143
AT1G80950,6469,6003,4574,4645,6202,3623
AT1G80960,168,186,118,160,192,98
AT1G80970,183,165,112,140,242,137
AT1G80980,740,536,431,424,526,322
AT2G00340,139,157,123,138,142,67
AT2G00360,3,5,0,0,3,0
AT2G00410,10,13,5,3,8,8
AT2G00460,32,19,40,22,33,3
AT2G00470,4,2,3,2,3,0
AT2G00480,70,50,58,94,86,60
AT2G00490,4,1,3,3,2,0
AT2G00500,79,43,80,44,98,19
AT2G00510,30,11,19,20,59,5
AT2G00520,5,6,5,2,6,1
AT2G00550,9,10,14,8,14,14
AT2G00560,18,7,7,0,10,0
AT2G00630,18,10,11,0,8,12
AT2G00670,17,26,5,20,22,11
AT2G00680,133,127,106,106,164,86
AT2G00690,17,19,7,13,22,12
AT2G00700,13,15,11,15,12,11
AT2G00720,70,82,87,72,39,28
AT2G00740,13,24,6,32,27,14
AT2G00790,6,5,0,8,16,8
AT2G00820,23,11,11,52,50,42
AT2G00840,34,54,38,54,63,32
AT2G00860,7,0,0,10,8,6
AT2G00870,518,328,251,427,486,236
AT2G00880,486,454,479,273,229,107
AT2G00890,9,6,9,3,16,8
AT2G00900,4,0,0,0,8,3
AT2G00910,0,3,7,46,24,5
AT2G00920,8,6,6,0,0,0
AT2G00930,93,101,62,8,11,0
AT2G00940,3,4,0,1,0,5
AT2G00960,7,0,6,0,0,3
AT2G00970,30,32,15,48,43,43
AT2G00980,5,13,0,15,0,5
AT2G00990,3,7,2,0,2,0
AT2G01008,348,304,262,240,422,0
AT2G01010,445542,313068,404398,471491,667802,163104
AT2G01020,3212,2840,2531,4506,4816,1912
AT2G01021,38744,27041,34581,46962,57604,10242
AT2G01029,11,14,18,19,23,4
AT2G01037,3,4,5,6,3,1
AT2G01060,4495,4546,3368,4185,5599,3939
AT2G01070,4221,4291,3144,2627,3455,2567
AT2G01080,929,911,733,884,939,787
AT2G01090,1054,962,823,1138,1430,758
AT2G01100,7564,6759,6117,9386,13389,9141
AT2G01110,1607,1475,1065,2154,2395,1633
AT2G01120,1200,1213,851,850,875,572
AT2G01130,2545,2300,1816,1572,2257,1677
AT2G01140,42455,48252,31914,33825,42888,38561
AT2G01150,1951,2003,1738,5670,7010,4687
AT2G01170,4313,4180,3092,2850,4577,3392
AT2G01175,47,60,32,34,65,53
AT2G01180,3578,3351,2915,1957,3065,1760
AT2G01190,5527,5633,4232,3947,4809,3832
AT2G01200,36,40,20,49,43,5
AT2G01210,1209,950,735,396,497,507
AT2G01220,4747,4545,3903,5228,6598,3784
AT2G01250,95406,94123,67504,66210,78196,56390
AT2G01260,2702,2345,1682,1639,2249,1453
AT2G01270,5600,5321,4056,5942,8060,4955
AT2G01275,827,829,738,797,1161,569
AT2G01280,0,11,5,8,11,12
AT2G01290,537,540,357,320,384,326
AT2G01300,71,39,52,126,157,135
AT2G01320,228,342,193,266,312,268
AT2G01330,848,722,689,902,1033,771
AT2G01340,50,80,40,289,261,193
AT2G01350,6554,6302,4534,6112,7795,4452
AT2G01379,3,0,0,10,9,0
AT2G01390,157,140,107,72,101,122
AT2G01400,257,222,122,179,346,210
AT2G01410,2495,2591,1762,1711,2453,1558
AT2G01420,6060,4795,3845,4512,5254,5048
AT2G01422,11,0,0,0,0,0
AT2G01430,615,509,428,1784,2634,838
AT2G01440,1669,1751,1078,2175,2629,2285
AT2G01450,18974,17862,14005,15615,22992,13084
AT2G01460,4291,4242,2949,3983,5393,3370
AT2G01470,11584,11431,7641,12244,16838,12460
AT2G01480,4934,4643,3464,5249,7558,5283
AT2G01490,11012,9961,7705,25481,31841,16704
AT2G01505,794,659,543,411,583,524
AT2G01510,222,284,184,91,129,119
AT2G01520,4663,2688,5095,707,989,254
AT2G01530,21304,18193,16849,8919,18077,5460
AT2G01540,6239,5589,4601,4298,6770,3645
AT2G01570,8522,8153,6613,5169,6702,4506
AT2G01580,132,181,163,111,124,71
AT2G01590,33,20,42,81,86,29
AT2G01600,11793,11153,8961,11122,14897,7871
AT2G01610,3,0,0,11,3,3
AT2G01620,598,574,428,526,784,367
AT2G01630,2478,2248,1624,971,1294,995
AT2G01640,1583,1510,1335,1080,1351,737
AT2G01650,4079,3844,2792,3126,4425,2468
AT2G01660,1273,1306,956,897,1129,834
AT2G01670,2930,2874,2846,980,1435,937
AT2G01680,3209,3305,2317,1893,3640,2298
AT2G01690,9125,8251,6579,6357,8017,5562
AT2G01710,2445,2244,1775,2435,3381,2490
AT2G01720,19067,17760,14147,12567,16897,11442
AT2G01730,290,305,177,232,239,151
AT2G01735,2526,2226,1915,2369,3393,1668
AT2G01740,291,220,169,113,108,118
AT2G01750,1507,1593,1010,698,760,727
AT2G01755,2,2,2,4,2,2
AT2G01760,124,87,105,244,163,123
AT2G01770,23,25,0,5,15,21
AT2G01810,8,27,10,35,15,26
AT2G01818,939,905,685,1058,1368,681
AT2G01820,7085,7001,4632,5313,6467,5156
AT2G01830,14144,12469,8919,5320,8230,6787
AT2G01850,7853,7681,5832,5476,7071,3557
AT2G01860,171,122,86,100,87,42
AT2G01870,22,20,13,26,36,11
AT2G01880,3377,2957,3010,1590,2588,1014
AT2G01890,2523,2695,2069,4298,6637,2488
AT2G01900,671,560,514,133,204,104
AT2G01905,42,60,16,26,14,12
AT2G01910,8029,7665,5990,2189,2799,1607
AT2G01913,163,131,105,193,199,189
AT2G01930,2100,2023,1520,1928,2209,1218
AT2G01940,660,540,544,660,725,626
AT2G01950,5555,5555,3990,1432,2094,1642
AT2G01970,18062,16820,11505,12805,16893,12396
AT2G01980,2975,2754,1807,2149,3015,2065
AT2G01990,12,14,16,3,0,0
AT2G02000,303,282,226,77,88,45
AT2G02010,19,22,19,213,203,202
AT2G02020,934,930,819,159,215,85
AT2G02040,8853,8448,5522,8921,13444,9203
AT2G02050,14345,14333,11006,10740,14503,7059
AT2G02060,66,48,50,146,284,115
AT2G02061,7,9,0,38,39,7
AT2G02070,1130,1145,862,751,1065,677
AT2G02080,1230,986,889,704,1030,609
AT2G02090,4364,4185,2622,4395,5465,4384
AT2G02100,2915,3464,2235,5239,5896,2548
AT2G02120,44,37,33,52,51,16
AT2G02130,42257,46949,30992,19806,25946,12107
AT2G02135,0,0,0,9,3,0
AT2G02148,694,672,483,712,805,582
AT2G02150,581,659,315,173,168,268
AT2G02160,8290,7888,5572,10797,15480,12571
AT2G02170,1365,1252,938,989,1186,891
AT2G02180,8444,7557,6256,6560,9443,5743
AT2G02220,3324,3144,2117,3809,5056,4119
AT2G02230,1933,1315,1061,1193,1547,1106
AT2G02240,36,23,24,25,87,38
AT2G02250,37,38,41,35,58,15
AT2G02300,279,204,186,218,445,145
AT2G02310,43,31,28,7,28,8
AT2G02320,0,0,0,4,13,3
AT2G02340,3,3,0,16,11,10
AT2G02350,566,521,403,456,540,249
AT2G02360,1840,1743,1297,1070,1603,943
AT2G02370,1472,1401,1111,1557,2332,1094
AT2G02380,187,247,159,127,208,94
AT2G02390,17756,17444,14071,23020,31952,14283
AT2G02400,850,890,555,698,833,550
AT2G02410,1217,1115,829,1217,1570,1058
AT2G02430,6,18,12,32,51,18
AT2G02450,3,6,6,0,0,0
AT2G02470,2836,2627,1974,2509,3361,2071
AT2G02480,4008,3999,2335,1947,2796,2413
AT2G02490,2,0,0,2,7,3
AT2G02497,14,19,12,57,52,41
AT2G02498,0,6,0,10,0,3
AT2G02500,1289,1201,813,912,905,607
AT2G02510,12781,12349,10350,10419,13991,7571
AT2G02540,65,75,48,241,263,164
AT2G02560,9011,9079,6236,7774,9007,7035
AT2G02570,5544,5286,3988,4955,6823,3726
AT2G02580,3,0,0,11,3,0
AT2G02590,680,620,530,299,466,310
AT2G02610,1395,1311,802,333,449,383
AT2G02620,412,360,255,6,18,28
AT2G02630,1217,867,671,209,358,348
AT2G02635,1,2,3,0,4,0
AT2G02640,205,218,101,29,59,59
AT2G02680,2174,1874,1451,86,191,198
AT2G02690,390,390,287,84,170,150
AT2G02700,88,48,31,0,2,5
AT2G02710,3150,3103,2724,8083,7885,3766
AT2G02720,0,1,2,5,4,0
AT2G02730,2456,2160,1602,2832,3454,1938
AT2G02740,1140,1186,742,791,1061,855
AT2G02750,201,162,144,94,102,98
AT2G02760,8986,7926,6882,7046,9514,5556
AT2G02765,920,807,751,841,985,702
AT2G02780,5282,4192,3878,2980,3481,2201
AT2G02790,2726,2736,2144,1301,1650,1142
AT2G02800,6938,6575,5261,5497,6048,3165
AT2G02810,2086,1776,1344,567,584,401
AT2G02820,4113,4269,3057,3467,3961,2303
AT2G02850,14,8,19,25,7,8
AT2G02860,4766,4512,3681,5060,6419,3537
AT2G02870,8690,8191,5680,9212,12106,8057
AT2G02880,689,782,489,795,823,550
AT2G02910,1521,1351,1026,1183,1425,928
AT2G02930,0,2,0,33,34,21
AT2G02950,1315,1037,843,511,893,404
AT2G02955,743,702,484,1003,909,1005
AT2G02960,17997,15738,13593,9066,14804,7643
AT2G02970,4430,4105,2859,3877,5282,3537
AT2G02980,79,70,45,29,67,34
AT2G02990,1397,1834,1248,12297,20893,10871
AT2G03010,183,133,117,195,228,109
AT2G03020,6,10,0,7,18,7
AT2G03050,338,290,215,185,226,133
AT2G03060,1039,1020,795,820,1009,547
AT2G03070,2648,2423,1786,2463,3214,2313
AT2G03090,7785,6566,5409,3876,4030,4241
AT2G03110,136,155,116,62,91,62
AT2G03120,19241,17591,13876,9957,14884,10942
AT2G03130,1,3,3,8,2,0
AT2G03140,2062,1978,1410,1676,2284,1797
AT2G03150,5314,5070,3787,5182,6668,4692
AT2G03200,707,900,569,977,980,548
AT2G03210,11,24,18,57,50,25
AT2G03220,4870,4792,3222,4533,5656,3990
AT2G03240,5064,4522,3622,6457,7746,5051
AT2G03250,0,0,0,11,24,8
AT2G03260,160,172,111,104,94,56
AT2G03270,789,812,583,1306,1488,1234
AT2G03280,721,666,532,432,553,397
AT2G03291,6,0,0,3,3,0
AT2G03330,615,491,394,674,833,585
AT2G03340,2482,2363,1769,2237,2908,1794
AT2G03350,3244,2953,2269,1787,2084,1547
AT2G03360,128,140,105,205,263,99
AT2G03370,930,858,787,99,178,96
AT2G03380,144,169,81,47,64,83
AT2G03390,1756,1806,1341,2723,3693,2160
AT2G03410,19,15,16,8,3,4
AT2G03420,42,43,32,21,51,29
AT2G03430,1814,1763,1187,1601,2285,1100
AT2G03440,2234,2014,1598,1277,1861,1014
AT2G03450,2399,2420,1618,1576,2232,1267
AT2G03460,0,10,3,0,0,8
AT2G03470,2117,2091,1345,3076,3657,2711
AT2G03480,4208,4008,2723,1287,1753,1469
AT2G03500,821,807,588,474,562,411
AT2G03505,1562,1688,1316,367,492,307
AT2G03510,7067,6493,5029,3877,5159,2911
AT2G03530,39,38,44,40,46,43
AT2G03590,1138,832,706,306,578,394
AT2G03600,279,200,173,21,55,13
AT2G03620,928,793,650,1197,1477,1084
AT2G03640,6553,6226,4443,7006,9093,6215
AT2G03667,1110,973,793,861,1061,743
AT2G03670,865,800,561,751,763,570
AT2G03680,21236,21507,17335,14851,20010,11877
AT2G03690,2886,2619,2131,5413,6116,4139
AT2G03710,18,26,13,19,39,21
AT2G03720,2381,2624,1666,76,204,170
AT2G03730,3017,3043,2304,2479,2893,1267
AT2G03750,5,6,1,0,3,1
AT2G03760,4359,3837,2792,3404,5345,2230
AT2G03770,3,26,9,0,9,2
AT2G03780,1603,1546,1069,1194,1367,972
AT2G03800,2212,2186,1538,2229,2789,1643
AT2G03810,1775,1635,1341,1739,2359,1439
AT2G03820,8065,7263,5424,10104,11080,7927
AT2G03830,502,384,337,172,170,116
AT2G03850,20,18,13,41,51,16
AT2G03855,79,3,61,50,2,72
AT2G03865,102354,75741,105291,109178,139759,40018
AT2G03870,5475,5159,4571,3692,4765,2621
AT2G03875,362471,267185,342968,396696,541399,135163
AT2G03880,106,96,32,34,37,49
AT2G03890,8160,7308,5948,5321,8064,5917
AT2G03925,11,2,14,10,8,8
AT2G03972,0,13,10,0,0,0
AT2G03975,250,292,255,382,486,344
AT2G03980,498,458,542,157,345,151
AT2G03995,2,4,4,13,19,5
AT2G04020,8,11,6,0,0,0
AT2G04025,883,918,721,578,667,367
AT2G04030,12117,12989,8020,6286,6699,5636
AT2G04038,8,7,0,14,24,8
AT2G04039,4,6,0,6,3,10
AT2G04040,567,473,293,2288,2234,1929
AT2G04050,14,13,7,139,112,105
AT2G04066,0,0,3,6,4,0
AT2G04080,68,27,54,14,38,16
AT2G04090,523,571,402,438,628,464
AT2G04100,2313,1995,1363,1651,2725,2079
AT2G04110,840,666,610,972,1562,660
AT2G04115,6,3,0,6,5,3
AT2G04145,7,8,2,4,5,3
AT2G04150,0,0,14,0,19,0
AT2G04160,10135,9975,6210,5502,8450,7273
AT2G04170,10872,10646,6336,3862,5443,4651
AT2G04190,0,0,3,11,6,13
AT2G04205,39,25,44,0,5,0
AT2G04215,109,108,129,0,7,7
AT2G04230,132,120,97,101,127,107
AT2G04235,1293,1187,761,869,855,699
AT2G04240,2734,2776,2561,1437,2201,1058
AT2G04270,310,319,261,259,260,142
AT2G04280,7312,6892,4865,2816,3798,3361
AT2G04285,13,6,11,11,7,9
AT2G04295,4,4,0,5,5,4
AT2G04305,4242,3955,2984,3178,3991,2861
AT2G04325,5,3,2,7,3,3
AT2G04340,1233,1170,1020,1378,1690,1082
AT2G04350,4271,4723,2622,17424,21029,11930
AT2G04360,1722,1659,1165,1427,1572,1253
AT2G04375,14,14,7,7,23,18
AT2G04378,4870,4558,3166,4916,5851,5158
AT2G04380,27,23,17,31,24,46
AT2G04390,27608,25699,20752,19223,22378,12810
AT2G04400,5018,5115,3480,4264,4983,3690
AT2G04410,5415,5057,3980,4684,6529,3307
AT2G04430,1919,1783,1253,991,1724,708
AT2G04435,34,24,11,27,27,11
AT2G04440,4,0,3,3,0,0
AT2G04450,298,315,208,192,220,146
AT2G04455,3,3,1,3,8,5
AT2G04460,7,10,6,3,0,3
AT2G04465,1,1,2,1,5,1
AT2G04480,117,98,95,17,47,29
AT2G04490,30,31,28,27,29,11
AT2G04495,5,0,5,0,0,0
AT2G04500,500,573,420,6,0,6
AT2G04515,0,0,0,0,11,3
AT2G04520,12144,12141,8958,10425,13566,7569
AT2G04525,16,7,10,14,17,12
AT2G04530,393,335,236,198,174,162
AT2G04535,1,2,1,2,2,2
AT2G04540,1880,1585,1409,2507,2761,1646
AT2G04550,2217,2158,1426,2365,2879,1824
AT2G04555,26,15,17,34,53,31
AT2G04560,655,560,455,493,604,398
AT2G04620,1838,1728,1085,1682,2349,1913
AT2G04621,26,19,19,32,56,24
AT2G04630,5168,5065,3838,4595,5245,3057
AT2G04650,2662,2490,2037,1573,2166,1136
AT2G04660,1205,1123,696,589,675,628
AT2G04680,1443,1327,849,200,455,301
AT2G04690,2565,2344,2015,3370,4485,1943
AT2G04700,2269,2194,1881,2556,3130,1777
AT2G04715,14,12,14,3,2,6
AT2G04740,1188,1027,785,1252,1426,1057
AT2G04755,100,76,49,57,17,84
AT2G04780,30335,28839,22827,7480,9945,6633
AT2G04790,51,108,60,24,41,16
AT2G04795,170,157,169,196,259,94
AT2G04800,2974,2738,2319,1523,2087,1068
AT2G04805,12,10,3,29,24,3
AT2G04842,779,735,541,842,1028,630
AT2G04845,721,818,583,512,643,358
AT2G04850,2514,2740,1809,1627,1923,1235
AT2G04852,134,92,92,39,66,37
AT2G04860,112,78,66,29,32,63
AT2G04865,2427,2390,1590,2196,2694,1925
AT2G04880,3553,3648,2566,2938,3910,2633
AT2G04890,940,820,657,755,998,852
AT2G04900,7008,6452,5509,8621,11543,5754
AT2G04940,2517,2543,1893,2331,3001,1910
AT2G04955,130,160,100,61,52,41
AT2G04965,85,74,35,40,26,29
AT2G05035,5,2,0,1,2,0
AT2G05070,5,14,3,20,37,14
AT2G05075,11,12,12,14,33,15
AT2G05095,3,4,5,2,3,1
AT2G05100,75,105,34,153,340,106
AT2G05120,1901,1871,1038,1171,1315,1211
AT2G05125,2,3,3,1,3,1
AT2G05160,1174,998,818,288,450,281
AT2G05170,4977,4570,3297,4074,5351,3648
AT2G05180,160,111,118,29,36,39
AT2G05185,306,283,264,347,438,217
AT2G05195,747,509,600,752,1161,417
AT2G05205,139,124,18,208,261,138
AT2G05210,2395,2116,1704,1679,2151,1424
AT2G05215,0,0,163,0,0,0
AT2G05220,27758,27113,19451,21794,23847,15584
AT2G05225,38,34,27,44,73,42
AT2G05230,2589,2429,1446,1975,2524,2328
AT2G05235,34,20,38,43,45,12
AT2G05240,1,3,2,1,3,3
AT2G05250,2659,2501,1507,2034,2604,2367
AT2G05260,3036,2949,2148,1748,2372,1477
AT2G05270,35,31,12,20,21,7
AT2G05280,98,59,77,44,50,55
AT2G05290,12,13,11,9,5,15
AT2G05295,3,5,5,6,4,2
AT2G05300,342,334,253,235,200,148
AT2G05310,69,94,49,143,262,100
AT2G05320,2480,2315,1812,1319,2137,1404
AT2G05325,3,2,3,3,0,2
AT2G05330,181,146,172,381,376,271
AT2G05345,12,8,9,7,15,4
AT2G05350,26,14,19,36,37,16
AT2G05365,0,6,3,8,3,0
AT2G05375,1,3,3,3,4,1
AT2G05380,171,101,72,217,346,113
AT2G05385,9,6,15,4,10,3
AT2G05400,12,18,10,17,40,18
AT2G05440,2447,2430,1877,2680,2192,831
AT2G05505,1,0,3,12,3,0
AT2G05510,505,101,77,656,932,407
AT2G05515,0,0,2,7,15,22
AT2G05518,62,29,47,99,123,65
AT2G05520,140,82,60,536,596,204
AT2G05540,35,12,36,121,96,33
AT2G05580,0,0,0,18,30,14
AT2G05590,1381,1352,1167,2168,2344,1574
AT2G05620,512,751,458,1029,1544,827
AT2G05630,1391,1443,1041,1623,2163,1079
AT2G05632,1318,1282,1002,614,734,399
AT2G05665,57,66,49,49,39,18
AT2G05675,0,0,11,0,0,0
AT2G05710,62643,65597,39733,44189,62331,44026
AT2G05755,1908,1765,1393,1397,1829,1170
AT2G05760,675,648,532,251,401,325
AT2G05765,82,88,69,24,35,20
AT2G05790,8538,7053,5761,4984,6460,4904
AT2G05810,1049,1011,634,374,584,377
AT2G05812,1132,990,824,946,1379,944
AT2G05825,76,75,78,46,54,57
AT2G05830,5416,5351,4146,2807,3430,1937
AT2G05835,3,0,0,4,2,2
AT2G05840,12097,12321,8229,7892,10574,7097
AT2G05875,3,0,3,4,0,0
AT2G05910,70,64,61,61,64,48
AT2G05920,23417,23885,14516,6850,10706,8711
AT2G05940,1071,1040,652,622,1018,571
AT2G05960,21,13,16,6,3,6
AT2G05990,22787,21405,16245,12222,14727,9331
AT2G06000,1466,1372,895,1113,1483,1103
AT2G06005,688,698,563,678,1008,450
AT2G06010,1437,1313,888,1636,1901,1177
AT2G06025,3576,3169,2502,5151,6522,2971
AT2G06040,737,737,453,910,892,942
AT2G06050,3998,3541,2737,2979,3983,2722
AT2G06200,387,426,258,163,185,135
AT2G06210,3720,3502,2548,2418,3115,2438
AT2G06215,0,3,5,0,10,0
AT2G06225,10,10,8,7,13,9
AT2G06255,404,293,259,228,329,170
AT2G06465,40,28,9,25,25,28
AT2G06475,5,6,8,3,6,3
AT2G06510,1273,1261,953,1291,1611,1035
AT2G06520,1922,2530,1468,1267,2136,1085
AT2G06530,6514,6051,4660,7255,10162,4886
AT2G06805,0,10,0,6,0,0
AT2G06835,26,21,27,0,30,0
AT2G06850,12353,11553,9701,2734,3744,2440
AT2G06855,11,10,8,13,12,7
AT2G06865,27,32,20,16,17,17
AT2G06925,1037,955,777,101,183,94
AT2G06935,2,0,0,0,8,1
AT2G06950,5177,5362,3731,2050,2546,2103
AT2G06990,4969,4593,2802,4460,5207,4200
AT2G07000,2,8,2,7,2,2
AT2G07015,18,13,19,38,70,42
AT2G07042,16,26,25,45,47,32
AT2G07045,9,2,2,8,15,10
AT2G07050,17633,15349,10240,6933,8800,7020
AT2G07080,0,0,0,19,8,3
AT2G07140,4,2,0,0,5,2
AT2G07170,1600,1617,1120,935,1062,1025
AT2G07175,40,46,45,51,40,34
AT2G07180,2005,1801,1566,1317,2345,1236
AT2G07275,3,2,3,1,2,1
AT2G07305,129,98,191,448,245,129
AT2G07325,73,78,51,34,42,32
AT2G07335,8,6,6,23,5,5
AT2G07340,2495,2368,1917,1872,2277,1113
AT2G07345,12,10,15,8,11,9
AT2G07360,12037,11446,7765,10026,13408,10983
AT2G07425,5,5,4,5,2,4
AT2G07475,165,155,108,188,214,156
AT2G07485,5,4,3,5,0,1
AT2G07495,6,4,10,31,16,4
AT2G07515,18,13,22,13,13,11
AT2G07585,184,135,101,0,116,66
AT2G07599,7,4,16,12,10,2
AT2G07605,12,9,8,2,2,2
AT2G07615,8,9,7,2,3,1
AT2G07629,59,38,53,46,70,12
AT2G07633,8,2,6,3,7,0
AT2G07638,2,5,0,3,2,4
AT2G07641,17,14,20,21,25,0
AT2G07648,1,1,6,0,5,0
AT2G07655,10,12,8,7,22,5
AT2G07658,8,4,7,4,10,0
AT2G07663,51,60,57,73,98,52
AT2G07667,3,2,1,0,2,2
AT2G07669,8,4,1,7,1,1
AT2G07671,505,257,392,328,534,81
AT2G07674,30,22,31,20,38,8
AT2G07675,36,15,38,20,46,6
AT2G07676,6,5,24,5,16,3
AT2G07677,8,2,7,0,5,2
AT2G07678,37,10,22,15,33,3
AT2G07680,3035,2682,2147,1279,1409,1168
AT2G07681,21,10,20,14,27,5
AT2G07682,0,3,9,5,4,0
AT2G07686,2,4,6,3,3,1
AT2G07687,385,211,330,242,484,57
AT2G07689,97,52,70,67,106,11
AT2G07690,2921,3078,1917,1325,1437,1034
AT2G07695,65,44,44,25,57,11
AT2G07696,44,28,37,26,36,7
AT2G07697,4,2,2,6,2,0
AT2G07698,1726,994,1742,1292,2348,362
AT2G07699,193,102,177,128,246,28
AT2G07704,4,1,6,1,2,1
AT2G07706,10,5,16,10,16,6
AT2G07707,95,43,75,76,119,16
AT2G07708,84,78,98,62,121,11
AT2G07709,231,127,186,156,312,56
AT2G07711,619,320,635,445,816,155
AT2G07712,175,153,215,127,247,49
AT2G07715,413,309,345,331,465,379
AT2G07716,40,18,32,18,42,11
AT2G07717,335,182,306,219,399,53
AT2G07718,179,97,166,81,135,39
AT2G07719,18,12,16,23,22,8
AT2G07721,6,4,4,0,9,3
AT2G07722,1,1,4,1,4,1
AT2G07723,64,44,55,59,88,20
AT2G07725,279,211,251,208,352,53
AT2G07726,78,46,69,46,88,16
AT2G07727,881,540,876,631,1174,156
AT2G07731,91,57,89,78,122,19
AT2G07732,3,3,0,6,4,2
AT2G07733,136,59,151,77,156,32
AT2G07734,120,83,115,118,160,27
AT2G07735,5,2,3,2,2,2
AT2G07737,4,4,3,3,7,0
AT2G07739,2,2,2,4,0,3
AT2G07741,260,136,244,177,327,42
AT2G07747,245,160,209,135,180,43
AT2G07749,2,0,2,2,6,2
AT2G07751,40,36,46,40,57,15
AT2G07763,1,1,3,2,2,1
AT2G07767,9,3,7,10,5,1
AT2G07768,15,5,11,6,19,4
AT2G07771,15,9,9,8,17,1
AT2G07772,2,0,5,4,2,0
AT2G07773,28,11,21,21,32,10
AT2G07774,15,8,10,0,12,0
AT2G07776,29,35,40,40,54,35
AT2G07777,60,54,43,44,74,5
AT2G07779,5,6,11,3,9,0
AT2G07783,91,45,95,60,140,22
AT2G07785,64,30,54,41,53,18
AT2G07786,62,29,54,48,77,10
AT2G07787,25,16,33,11,20,5
AT2G07798,20,10,5,14,13,4
AT2G07805,7,7,5,1,2,1
AT2G07806,6,3,2,0,2,0
AT2G07808,23,17,20,34,28,16
AT2G07811,19,0,0,10,22,12
AT2G07815,8,2,6,10,12,0
AT2G07825,7,9,13,3,5,2
AT2G07826,6,2,11,5,10,5
AT2G07827,0,0,7,0,4,0
AT2G07830,5,3,4,3,2,1
AT2G07845,11,11,3,5,4,11
AT2G07850,51,40,58,97,54,29
AT2G07875,22,0,17,27,36,0
AT2G07965,5,5,1,7,9,1
AT2G08000,3,3,2,5,0,4
AT2G08130,1,0,4,0,5,1
AT2G08135,1,1,1,2,4,1
AT2G08145,20,25,18,10,10,8
AT2G08185,66,46,33,45,62,7
AT2G08205,2,3,4,0,1,0
AT2G08290,0,0,0,6,2,3
AT2G08320,9,3,0,2,1,0
AT2G08335,4,3,7,6,3,1
AT2G08340,1281,1203,1102,1505,2031,830
AT2G08345,3,3,12,6,10,5
AT2G08350,0,20,0,0,0,0
AT2G08420,4,8,4,15,16,6
AT2G08425,8,9,11,6,7,8
AT2G08435,97,81,66,44,64,33
AT2G08450,7,17,3,10,8,7
AT2G08455,14,11,12,15,16,10
AT2G08480,2,3,1,1,1,2
AT2G08485,4,3,7,15,50,19
AT2G08505,8,5,0,0,0,3
AT2G08555,5,0,2,0,3,3
AT2G08575,24,14,21,8,17,9
AT2G08580,9,6,1,6,6,4
AT2G08585,6,10,1,4,6,6
AT2G08600,142,154,91,84,83,23
AT2G08635,42,32,28,34,27,32
AT2G08650,1121,943,786,754,1193,714
AT2G08655,51,59,15,47,85,81
AT2G08660,63,95,43,152,173,67
AT2G08665,286,326,374,246,418,149
AT2G08680,31,19,20,24,27,13
AT2G08685,26,15,21,66,64,26
AT2G08695,30,24,27,22,33,12
AT2G08725,4,2,1,1,3,3
AT2G08730,115,82,89,179,161,87
AT2G08735,2,5,6,7,0,3
AT2G08750,8,9,8,8,10,6
AT2G08755,95,82,58,54,33,30
AT2G08760,214,175,119,93,98,52
AT2G08765,484,369,336,156,190,151
AT2G08770,45,34,29,46,98,31
AT2G08780,41,29,37,107,112,28
AT2G08795,3,1,2,2,3,0
AT2G08815,0,2,2,3,4,2
AT2G08820,40,41,20,33,26,11
AT2G08825,24,0,12,18,0,0
AT2G08830,9,6,10,5,3,0
AT2G08850,2,11,3,0,0,0
AT2G08865,33,14,13,11,26,3
AT2G08870,2,4,4,1,0,6
AT2G08910,3,3,3,1,5,3
AT2G08915,78,69,81,246,437,202
AT2G08950,5,8,3,0,0,0
AT2G09005,16,12,12,18,30,14
AT2G09025,4,1,3,2,5,3
AT2G09045,4,4,3,2,3,2
AT2G09070,3,7,0,6,10,8
AT2G09090,61,50,44,82,83,63
AT2G09165,7,0,12,0,0,0
AT2G09190,41,42,30,51,51,29
AT2G09195,14,4,4,1,3,0
AT2G09200,3,5,8,6,8,12
AT2G09205,13,10,5,11,5,4
AT2G09225,129,117,81,80,108,68
AT2G09255,12,12,7,2,5,0
AT2G09290,16,3,11,64,82,25
AT2G09295,7,2,6,8,9,3
AT2G09325,3,2,3,3,3,1
AT2G09335,19,26,29,44,39,30
AT2G09350,6,2,2,2,3,2
AT2G09400,0,2,3,4,6,2
AT2G09420,13,15,9,0,0,0
AT2G09430,0,5,10,5,10,5
AT2G09435,6,3,4,4,6,4
AT2G09440,0,0,0,0,9,4
AT2G09455,15,10,14,13,27,5
AT2G09470,1,1,3,2,3,1
AT2G09485,59,48,18,65,92,51
AT2G09500,0,8,6,3,9,0
AT2G09505,4,8,9,7,5,5
AT2G09510,8,2,7,6,4,3
AT2G09525,0,1,3,6,11,3
AT2G09565,2,2,2,3,1,1
AT2G09600,4,9,11,6,4,0
AT2G09605,2,5,3,5,5,4
AT2G09640,147,153,132,379,271,255
AT2G09660,27,33,19,14,11,7
AT2G09665,5,10,3,13,13,7
AT2G09705,6,3,8,2,5,1
AT2G09710,0,14,0,12,14,0
AT2G09745,1,13,1,6,2,1
AT2G09785,3,5,6,9,5,1
AT2G09795,2160,1920,1540,1639,2010,1408
AT2G09800,25,36,18,20,34,11
AT2G09805,7,6,3,1,1,3
AT2G09815,4,2,3,0,8,4
AT2G09885,2,2,3,1,3,1
AT2G09905,20,14,8,23,21,12
AT2G09915,1,0,3,4,5,3
AT2G09945,7,5,12,13,11,8
AT2G09975,37,39,33,32,37,31
AT2G09990,15046,13205,10087,10606,14150,10163
AT2G09995,9,7,7,39,24,12
AT2G10045,5,4,6,8,14,4
AT2G10400,5,3,6,13,6,0
AT2G10410,15075,14503,11118,8534,12972,9198
AT2G10420,4,4,0,14,5,3
AT2G10450,11,0,4,22,21,13
AT2G10553,4,0,4,5,0,0
AT2G10606,14,8,5,0,0,4
AT2G10820,0,2,0,5,3,0
AT2G10930,108,74,71,24,33,21
AT2G10931,993,1026,802,383,703,467
AT2G10950,2133,2030,1527,2015,2436,1513
AT2G11000,2658,2557,1662,1906,2349,1669
AT2G11035,15,15,8,7,11,4
AT2G11115,0,3,0,3,2,3
AT2G11140,475,461,281,383,565,500
AT2G11150,223,128,176,27,13,14
AT2G11215,11,9,4,1,1,5
AT2G11225,7448,6586,5494,3087,5029,3329
AT2G11240,7037,6096,5158,3359,4794,3022
AT2G11270,84,79,69,77,123,41
AT2G11280,22,15,23,20,40,20
AT2G11290,0,8,6,8,3,6
AT2G11300,74,106,65,92,140,50
AT2G11320,19,12,20,23,40,19
AT2G11330,9,13,3,65,92,58
AT2G11520,2017,1927,1386,2159,2826,1676
AT2G11810,87,104,70,18,41,20
AT2G11815,16,10,0,9,7,0
AT2G11880,489,423,322,282,413,264
AT2G11890,5038,4918,3226,3253,4601,3566
AT2G11891,61,73,60,213,199,133
AT2G11910,12692,12010,9138,7207,9341,5514
AT2G12170,38,38,20,19,31,8
AT2G12190,30,31,18,34,42,31
AT2G12280,2,2,1,4,1,0
AT2G12380,6,16,8,4,8,8
AT2G12400,12117,12187,9462,11205,14638,7874
AT2G12420,4,3,0,3,2,0
AT2G12430,7,8,0,0,4,0
AT2G12460,63,71,64,44,45,17
AT2G12461,33,35,34,17,34,16
AT2G12462,1696,1809,1198,708,1018,630
AT2G12480,8,0,12,0,0,0
AT2G12490,438,385,353,158,334,161
AT2G12500,11,16,3,3,9,9
AT2G12550,777,716,569,870,1042,653
AT2G12646,3459,3032,2220,4093,4512,3682
AT2G12660,4,3,4,0,0,0
AT2G13100,3785,3405,2649,2473,3631,2452
AT2G13110,3,3,3,0,5,6
AT2G13128,3,0,1,2,9,2
AT2G13130,236,203,192,161,235,160
AT2G13290,493,400,326,648,899,446
AT2G13360,1878,1021,1254,2949,3888,1791
AT2G13370,5258,5381,3507,5835,7249,5737
AT2G13420,355,408,249,308,475,327
AT2G13440,1404,1281,956,1305,1454,1065
AT2G13540,4955,4657,3450,3604,3935,3058
AT2G13550,507,533,453,319,456,350
AT2G13555,39,29,36,16,26,18
AT2G13560,17679,17360,11248,8150,12012,9099
AT2G13580,11,9,3,12,13,11
AT2G13600,366,363,232,129,197,213
AT2G13610,4,11,8,5,14,10
AT2G13650,3503,3063,2493,2562,3479,2241
AT2G13660,126,67,157,92,350,32
AT2G13665,380,515,331,1198,987,787
AT2G13680,48,34,30,28,50,23
AT2G13690,1125,1093,758,766,985,839
AT2G13790,1669,1571,1148,1603,2197,1369
AT2G13800,1530,1500,1187,1419,1865,1053
AT2G13810,426,385,337,421,756,193
AT2G13820,12494,12628,11262,1861,3072,1732
AT2G13840,810,753,584,1142,1277,945
AT2G13900,36,56,42,14,12,8
AT2G13910,571,540,443,21,41,9
AT2G13940,6,0,3,3,0,0
AT2G13960,186,184,164,779,658,309
AT2G13965,10,12,10,27,32,11
AT2G13970,2327,2124,1801,3210,3714,2546
AT2G13975,1296,1081,1009,1566,1753,1002
AT2G14045,2068,1939,1731,3150,3820,1791
AT2G14050,416,387,308,269,265,212
AT2G14080,8,6,5,13,8,4
AT2G14090,715,559,382,371,482,311
AT2G14095,327,327,143,437,434,352
AT2G14100,3049,2610,1918,1000,1677,1008
AT2G14110,1122,1159,1000,1608,2021,1000
AT2G14115,298,234,234,249,389,168
AT2G14120,6988,7097,5095,6441,8159,6032
AT2G14160,11,8,8,0,0,0
AT2G14170,13928,13465,10302,8157,10729,5611
AT2G14210,68,53,31,103,170,70
AT2G14220,160,101,110,193,198,163
AT2G14230,3,7,3,0,0,0
AT2G14247,87,59,62,17,22,11
AT2G14255,5388,4919,4359,3905,5177,3198
AT2G14260,1962,1723,1523,3348,4158,2425
AT2G14285,760,721,448,804,1002,423
AT2G14290,13,29,12,56,80,29
AT2G14460,1735,1518,1221,1003,1291,905
AT2G14510,9,0,13,0,0,3
AT2G14520,1229,1340,1012,2381,2796,1360
AT2G14530,1977,1796,1555,1588,2276,1437
AT2G14620,251,293,221,341,404,293
AT2G14660,193,223,142,68,100,48
AT2G14661,0,0,16,6,10,0
AT2G14680,2157,1886,1455,1889,2688,1336
AT2G14690,0,5,2,8,3,3
AT2G14720,11475,11056,8285,9272,12063,7837
AT2G14740,3920,3705,2891,3922,4445,2932
AT2G14750,5595,6089,4120,4448,6539,3243
AT2G14760,71,104,86,27,80,31
AT2G14775,70,35,44,46,51,28
AT2G14800,64,52,43,88,76,34
AT2G14820,2741,2573,1791,1872,2333,1955
AT2G14825,557,485,400,677,932,476
AT2G14835,7682,7149,5606,5935,7881,5248
AT2G14846,0,3,0,12,11,8
AT2G14850,669,587,477,618,998,532
AT2G14860,727,858,591,740,782,576
AT2G14878,5755,4565,3556,6641,7412,6267
AT2G14880,963,882,690,463,729,433
AT2G14890,53872,57895,53806,17757,24857,14661
AT2G14900,7035,6489,6024,1368,2233,1026
AT2G14910,4297,3770,3046,4001,5680,3539
AT2G14920,174,194,102,21,43,59
AT2G14960,451,471,239,133,136,147
AT2G15000,5229,5384,4820,3243,4246,2915
AT2G15020,11,18,6,8,26,6
AT2G15025,14,0,7,0,0,0
AT2G15030,139,98,105,257,351,204
AT2G15090,8,8,13,10,3,0
AT2G15120,8,12,7,9,9,13
AT2G15128,104,77,50,31,60,66
AT2G15130,8,2,3,0,0,11
AT2G15220,89,138,79,133,154,118
AT2G15230,2192,1913,1555,1536,2179,1153
AT2G15240,6199,4957,4183,4554,6101,3752
AT2G15270,1819,1472,1294,2665,2841,1435
AT2G15280,2625,2460,2003,1486,2058,1572
AT2G15290,5017,5054,3698,3700,4559,2984
AT2G15292,2918,2603,2245,1011,1491,949
AT2G15300,2731,2768,2179,540,1075,684
AT2G15310,428,462,327,635,622,352
AT2G15318,7,17,7,3,5,2
AT2G15320,1506,1470,928,1090,1484,900
AT2G15340,37,22,20,472,552,209
AT2G15350,265,224,152,55,89,57
AT2G15370,3152,3539,2302,401,762,422
AT2G15390,4726,4209,3187,1030,2067,1098
AT2G15400,181,138,120,97,84,111
AT2G15430,4021,3663,2462,3748,3884,2561
AT2G15440,503,499,391,214,311,177
AT2G15480,5832,5304,3243,4984,7070,4835
AT2G15490,17925,15134,10770,22370,27028,17448
AT2G15530,2849,2925,1727,2131,2700,2429
AT2G15560,1809,1811,1131,1817,2090,1635
AT2G15570,4078,3897,3250,2727,3494,2035
AT2G15580,1237,1310,936,892,1223,698
AT2G15590,64,56,67,31,35,10
AT2G15620,18552,21166,12289,5206,7355,5221
AT2G15630,222,192,118,157,190,118
AT2G15650,3,3,2,3,6,6
AT2G15680,24,37,26,37,56,24
AT2G15690,2989,3028,1963,2198,2426,2145
AT2G15695,1660,1540,1035,2216,2937,1881
AT2G15730,896,758,631,839,999,635
AT2G15760,464,473,282,226,330,209
AT2G15780,8,4,8,7,5,0
AT2G15790,3897,4064,2764,4421,5639,3873
AT2G15800,52,0,0,0,0,62
AT2G15820,416,391,278,436,455,366
AT2G15830,1481,1402,1202,1784,2803,1077
AT2G15860,5143,4611,3579,4036,5002,3664
AT2G15880,465,598,654,4005,3788,2036
AT2G15890,3280,3328,3024,3870,5739,3049
AT2G15900,2937,2743,1989,2147,2958,1824
AT2G15910,3028,2747,2298,3896,4554,2471
AT2G15960,353,274,287,1990,2238,699
AT2G15970,78258,67433,53273,420799,555982,248063
AT2G15980,251,247,171,47,78,53
AT2G16000,0,0,1,11,10,0
AT2G16005,4572,2558,6460,1417,1859,687
AT2G16050,208,268,210,171,203,103
AT2G16060,548,635,340,349,410,290
AT2G16070,770,744,661,1298,1297,810
AT2G16090,1313,1290,973,992,1472,1006
AT2G16230,1407,1390,1091,204,161,149
AT2G16245,24,31,27,13,29,11
AT2G16250,1893,1920,1222,470,759,765
AT2G16260,5,0,5,0,0,0
AT2G16270,898,876,602,162,201,122
AT2G16280,7155,6312,4599,6397,7752,4638
AT2G16360,7,23,11,14,14,8
AT2G16365,2266,2124,1559,5301,7510,4540
AT2G16370,4133,3800,2539,2186,2726,1963
AT2G16380,180,170,197,23,38,38
AT2G16385,166,190,130,129,185,62
AT2G16390,830,667,479,910,1130,1060
AT2G16400,1225,1382,1052,807,1055,597
AT2G16405,2560,2231,1804,2361,2805,1634
AT2G16430,2825,2896,1817,3410,5105,2285
AT2G16440,2691,2695,1741,1674,1752,1587
AT2G16450,0,4,0,3,0,3
AT2G16460,3855,3440,2607,2287,2841,1694
AT2G16485,4440,4149,2888,4067,4972,3908
AT2G16500,15886,15691,8962,8260,9733,9609
AT2G16505,0,6,0,10,7,7
AT2G16510,22416,21334,15790,16091,24117,15021
AT2G16530,3241,2997,2597,2805,3636,2145
AT2G16570,1951,2017,1292,1256,1245,1152
AT2G16575,71,49,49,14,14,10
AT2G16580,1291,1099,775,338,422,307
AT2G16586,676,559,472,502,633,432
AT2G16595,1726,1365,1114,1524,1783,1004
AT2G16600,55849,53358,42323,33975,45064,26098
AT2G16640,8027,7531,5480,8350,10406,8524
AT2G16650,1966,1755,1000,1668,2043,2134
AT2G16660,2779,2887,2007,2019,2576,2568
AT2G16700,419,422,356,2617,2486,1238
AT2G16710,1923,1751,1483,4085,5227,2640
AT2G16720,2600,2439,1782,4570,5432,2740
AT2G16730,0,6,3,3,9,0
AT2G16740,1904,1661,1220,2501,2750,1485
AT2G16750,4768,5019,4532,1612,2262,1406
AT2G16760,1517,1711,1273,2140,2449,1275
AT2G16770,873,777,641,1460,1889,1102
AT2G16780,2782,3058,1993,2046,2222,1921
AT2G16790,1818,1711,1347,2795,3601,1228
AT2G16800,3158,3423,2270,3537,4073,3528
AT2G16850,908,946,853,492,648,477
AT2G16860,5158,4874,3888,4999,6669,3835
AT2G16870,471,410,288,213,341,217
AT2G16880,1293,1185,789,798,1027,765
AT2G16890,18,67,35,372,399,287
AT2G16895,18,22,15,0,18,7
AT2G16900,3364,3164,2358,7059,9641,5233
AT2G16910,130,165,107,248,196,85
AT2G16920,4545,4356,2601,2963,4123,3310
AT2G16930,3906,3564,3100,3990,5386,2908
AT2G16940,8502,8133,5962,7733,8862,6605
AT2G16950,13287,12370,8085,9524,12286,8890
AT2G16960,19,5,0,0,0,8
AT2G16970,1136,1099,1005,257,466,196
AT2G16980,5412,5469,4226,964,1362,685
AT2G16990,925,805,728,2374,2599,1136
AT2G17010,28,20,21,44,47,33
AT2G17020,2744,2589,1823,2733,3454,2838
AT2G17030,1591,1418,1066,1433,2087,1647
AT2G17033,814,739,576,800,1004,686
AT2G17036,62,59,43,128,102,65
AT2G17040,0,0,0,8,7,0
AT2G17050,3,11,4,3,0,3
AT2G17060,48,55,52,30,26,19
AT2G17064,15,5,13,0,17,10
AT2G17070,442,311,231,119,180,151
AT2G17080,1155,995,618,649,829,691
AT2G17090,5,0,0,6,0,0
AT2G17110,1129,991,692,1045,1452,1084
AT2G17120,4576,4435,3476,7705,10495,5420
AT2G17130,10875,10241,6338,6915,10007,7009
AT2G17140,351,344,250,177,196,222
AT2G17150,2203,2062,1566,1314,1868,1205
AT2G17190,10738,10656,7238,11431,14535,9232
AT2G17200,11126,10333,6984,12966,15620,10879
AT2G17210,34,47,10,9,16,48
AT2G17220,680,779,552,2459,3261,1587
AT2G17230,698,739,518,243,352,332
AT2G17240,1942,1733,1203,2108,2521,1704
AT2G17250,4890,4861,3118,3632,3972,3129
AT2G17260,364,274,242,296,362,293
AT2G17265,4982,5438,3665,3697,4561,3985
AT2G17270,894,814,580,1101,1110,707
AT2G17280,4025,3880,2380,3921,5641,4661
AT2G17290,10032,9507,7363,7837,11395,6593
AT2G17295,10,15,12,4,6,4
AT2G17300,2026,1803,1467,986,1241,695
AT2G17320,2190,2056,1829,1937,2576,1446
AT2G17330,852,645,566,90,171,114
AT2G17340,6412,5673,4400,4237,5836,3388
AT2G17350,1478,1413,1068,1628,2166,855
AT2G17360,38946,37780,28435,30339,35510,24029
AT2G17370,4630,4069,3182,3377,4550,3055
AT2G17380,6799,5709,4942,7781,9660,4331
AT2G17390,14929,15086,10275,14313,18755,12056
AT2G17410,4960,4882,3301,5422,5939,4135
AT2G17420,54498,49807,34022,43077,58676,38217
AT2G17430,635,452,432,847,982,457
AT2G17440,9450,7804,7567,16893,21128,12848
AT2G17442,210,211,174,159,205,126
AT2G17450,3525,3323,2595,8773,10021,5450
AT2G17480,3134,2877,2108,3387,4435,2894
AT2G17500,35068,31228,26169,46041,69719,36011
AT2G17510,4304,3996,2804,3559,4122,2919
AT2G17520,3762,3846,2617,5108,6738,4272
AT2G17525,257,281,175,55,106,154
AT2G17530,3562,3047,2262,2486,3228,2186
AT2G17540,1290,1182,777,1381,1751,1084
AT2G17550,3311,2874,2027,1543,2535,1484
AT2G17560,20877,18776,15113,13635,17123,9424
AT2G17570,972,829,670,1528,1986,1100
AT2G17580,1987,1767,1298,1581,2058,1627
AT2G17590,383,366,228,14,29,8
AT2G17600,27,24,19,6,18,15
AT2G17620,472,441,268,189,258,110
AT2G17630,7446,6477,4730,2116,3447,2451
AT2G17640,767,711,627,1150,1543,875
AT2G17650,481,383,309,280,411,331
AT2G17660,32,19,20,360,579,279
AT2G17670,997,885,587,405,445,483
AT2G17680,25,30,15,186,193,110
AT2G17695,132,142,84,137,140,76
AT2G17700,3325,2763,2271,3481,4316,2353
AT2G17705,471,422,384,799,753,536
AT2G17710,3900,3450,2904,2362,3626,1307
AT2G17720,20218,18340,13260,11248,17247,9647
AT2G17723,2,0,0,14,0,0
AT2G17730,636,656,527,734,947,557
AT2G17760,5303,5279,4265,12293,16095,7514
AT2G17770,59,47,51,26,18,8
AT2G17780,12,11,11,39,76,33
AT2G17787,791,680,515,744,925,497
AT2G17790,8074,7496,5121,4761,6563,4141
AT2G17800,5467,4781,3885,3785,4783,2830
AT2G17820,2136,2166,1597,344,496,361
AT2G17830,273,183,147,220,174,139
AT2G17840,8450,8886,5415,17480,21264,13211
AT2G17860,0,0,0,18,8,0
AT2G17870,4496,4321,2871,4277,5422,3959
AT2G17880,243,215,180,250,266,127
AT2G17890,334,379,276,45,78,45
AT2G17900,1215,1225,910,1171,1162,608
AT2G17930,6630,6399,4130,6242,7304,6250
AT2G17940,172,171,125,148,196,101
AT2G17970,1116,991,795,766,864,640
AT2G17972,57,51,37,90,90,74
AT2G17975,1282,1180,1050,1587,1894,1163
AT2G17980,8099,7369,5087,5264,7201,4989
AT2G17990,6615,6531,5055,6124,8712,5293
AT2G18000,370,356,282,360,403,208
AT2G18020,92937,97671,72454,67054,77493,63810
AT2G18030,3533,3380,2277,2244,3027,2281
AT2G18040,17232,16708,12827,12216,16246,9829
AT2G18050,103,48,83,184,229,99
AT2G18060,163,185,129,151,137,120
AT2G18090,6108,5466,3784,8099,9351,7253
AT2G18100,914,762,650,940,1168,665
AT2G18110,8671,7808,6059,11555,14360,11297
AT2G18120,3,0,6,0,7,5
AT2G18150,26,46,15,1105,2544,1161
AT2G18160,30989,30201,25587,18314,21499,12573
AT2G18170,2581,2236,1835,5098,6696,4023
AT2G18190,0,0,0,6,5,4
AT2G18193,4181,4160,2740,7477,7103,4353
AT2G18196,1542,1545,1121,851,1056,555
AT2G18210,723,756,467,574,820,454
AT2G18220,4273,4216,2976,2776,3543,2600
AT2G18230,2379,2552,1792,3336,3502,2205
AT2G18240,1575,1430,1117,1239,1736,1027
AT2G18245,1215,1172,939,863,1123,772
AT2G18250,1505,1506,1190,2000,2671,1283
AT2G18260,4,15,16,8,14,11
AT2G18280,9724,7561,6697,11620,15457,9913
AT2G18290,896,849,677,486,773,415
AT2G18300,103,105,69,22,39,15
AT2G18330,2570,2865,1837,1326,1405,1336
AT2G18340,4,0,0,23,11,7
AT2G18350,456,442,396,515,771,518
AT2G18360,18,6,20,22,23,20
AT2G18370,38,62,85,63,54,42
AT2G18380,434,485,289,217,231,146
AT2G18390,2674,2499,2004,3071,4052,2906
AT2G18400,4881,5031,4131,3446,4462,3099
AT2G18410,1831,1613,1278,1598,2070,1200
AT2G18420,0,5,0,138,300,121
AT2G18440,6942,5433,4689,7381,8396,6017
AT2G18450,1368,1172,827,559,735,621
AT2G18460,3,0,0,5,5,0
AT2G18465,1298,1299,841,967,1275,930
AT2G18470,0,18,8,3,17,3
AT2G18480,0,0,3,65,25,35
AT2G18490,3,8,5,5,8,5
AT2G18500,19,25,28,220,204,125
AT2G18510,4316,4480,3107,4003,4721,3485
AT2G18520,983,809,570,523,573,479
AT2G18550,41,38,10,1042,1015,425
AT2G18560,239,237,222,68,70,31
AT2G18570,486,564,427,316,306,230
AT2G18600,167,142,120,358,344,190
AT2G18620,571,465,380,266,306,168
AT2G18630,2926,2568,1863,2450,3224,1930
AT2G18640,183,154,82,14,58,44
AT2G18650,501,411,325,12,55,42
AT2G18670,346,258,194,556,676,534
AT2G18680,47,46,18,139,156,72
AT2G18690,1052,647,582,4871,6451,3060
AT2G18700,2442,1990,1876,13629,13147,8636
AT2G18710,2248,1861,1614,2744,3504,2354
AT2G18720,60,68,33,142,166,94
AT2G18730,5327,4738,3894,2111,2914,1443
AT2G18735,365,264,207,286,310,197
AT2G18740,5194,4518,3982,4368,5169,2522
AT2G18750,7297,6890,5038,7607,9041,6557
AT2G18760,1420,1534,904,1290,1658,1383
AT2G18770,2005,2034,1469,2307,2597,1477
AT2G18780,207,211,139,211,294,193
AT2G18790,6807,7023,4412,7329,8772,7865
AT2G18800,6723,6578,5007,169,369,189
AT2G18840,5374,5168,3835,4777,6298,4942
AT2G18850,694,652,463,694,797,528
AT2G18860,2516,2102,1841,2776,3186,1709
AT2G18876,2295,2360,1839,1783,2492,1405
AT2G18880,7,7,6,9,8,1
AT2G18890,459,433,350,1297,1410,805
AT2G18900,4214,4131,2271,2892,2486,2727
AT2G18910,1525,1439,1038,614,796,589
AT2G18915,1576,1582,1014,2069,2189,1595
AT2G18917,20,10,3,8,10,29
AT2G18938,13,9,10,3,3,3
AT2G18940,848,949,595,687,800,775
AT2G18950,575,652,509,444,644,335
AT2G18960,60418,62276,43045,56030,77253,55933
AT2G18969,224,179,148,339,490,283
AT2G18970,91,73,61,77,99,56
AT2G18980,27883,24627,16051,9151,13086,7977
AT2G18990,3264,2943,2244,1837,2556,1414
AT2G19050,466,510,375,21,58,22
AT2G19060,3068,2958,2011,227,441,192
AT2G19080,4699,4632,3518,5169,6348,3961
AT2G19090,983,1045,614,507,676,555
AT2G19110,8252,9277,6295,5889,9058,5706
AT2G19120,710,732,480,701,830,673
AT2G19130,848,823,534,242,395,216
AT2G19150,67,86,66,77,106,56
AT2G19160,5322,4784,3371,3348,4386,2826
AT2G19170,2750,2776,1960,696,1059,800
AT2G19180,2303,2053,1722,3814,4414,2137
AT2G19190,380,412,224,536,1101,594
AT2G19200,85,43,84,182,135,99
AT2G19210,5,8,5,0,0,0
AT2G19240,128,163,130,168,161,114
AT2G19250,996,845,789,958,1055,701
AT2G19260,975,920,686,797,899,624
AT2G19270,3399,3033,2220,5359,6252,3970
AT2G19280,671,704,481,659,733,697
AT2G19310,469,397,477,564,628,315
AT2G19330,8,7,2,74,76,44
AT2G19340,1486,1322,1003,1080,1362,962
AT2G19350,1363,1197,968,1635,2317,1049
AT2G19380,521,455,290,496,534,395
AT2G19385,1736,2001,1214,1369,1470,1202
AT2G19390,1859,1996,1321,1430,1869,1464
AT2G19400,57,78,71,32,62,46
AT2G19410,350,300,287,127,196,88
AT2G19430,1914,1953,1397,1968,2130,1810
AT2G19440,237,214,177,149,200,132
AT2G19450,4553,4199,3290,9035,9639,6373
AT2G19460,695,664,508,693,838,427
AT2G19470,3020,2763,2132,3371,3980,2900
AT2G19480,14473,14538,10427,9606,12925,8046
AT2G19490,1313,1383,919,846,994,706
AT2G19520,7530,7397,5267,4566,5133,4205
AT2G19530,560,564,387,428,509,344
AT2G19540,6996,6917,4460,5475,5917,3786
AT2G19550,21,0,10,32,27,9
AT2G19560,1890,1841,1254,2553,2714,1797
AT2G19570,7634,8025,5293,4630,7916,5454
AT2G19572,467,435,413,344,413,289
AT2G19580,1776,1963,1511,1129,1352,789
AT2G19582,12,23,13,3,11,2
AT2G19590,706,624,410,127,195,138
AT2G19600,4386,4164,3122,2975,3967,2983
AT2G19610,11,7,0,22,6,4
AT2G19620,1829,1503,1277,399,576,413
AT2G19640,2226,2232,1373,2076,2173,2160
AT2G19650,6,10,3,10,15,23
AT2G19660,1447,1094,781,858,955,1000
AT2G19670,3084,3038,2229,1180,1171,796
AT2G19680,5655,5819,4316,3939,5262,2696
AT2G19690,908,771,667,254,350,271
AT2G19710,1814,1790,1450,1697,2759,1548
AT2G19720,1442,1377,1115,658,799,432
AT2G19730,52307,54258,43410,42179,52842,42130
AT2G19740,8593,8964,5862,8346,9591,6782
AT2G19750,12643,12652,10621,9011,10785,6342
AT2G19760,38822,38378,28446,16137,22961,11436
AT2G19770,18,13,8,52,73,55
AT2G19780,249,267,155,84,105,86
AT2G19790,6129,5481,4649,6101,8045,3754
AT2G19800,8158,8506,7744,1581,2096,924
AT2G19810,392,332,218,540,580,281
AT2G19830,7887,7373,6277,9243,11651,4659
AT2G19850,0,0,0,4,7,0
AT2G19860,2899,3097,1988,4655,6721,3761
AT2G19870,1120,1009,689,808,813,728
AT2G19880,8133,7346,5725,2639,3486,2073
AT2G19890,0,0,0,14,10,0
AT2G19900,174,207,92,5953,6881,3095
AT2G19910,12,9,6,11,7,15
AT2G19920,9,19,25,27,26,19
AT2G19930,1333,1209,1006,928,1314,810
AT2G19940,3584,3564,2556,3016,3620,2552
AT2G19950,5298,5225,3643,3805,4952,3202
AT2G19960,31,17,12,15,15,3
AT2G19970,76,48,39,44,40,25
AT2G19990,7,8,6,0,0,0
AT2G20000,2989,2854,1914,2232,2700,2193
AT2G20010,4909,4690,3005,3100,4384,2970
AT2G20020,1005,1006,605,655,858,839
AT2G20030,367,390,296,120,243,84
AT2G20050,3791,3732,2571,3401,4435,3137
AT2G20060,8148,7621,5474,7149,8388,6599
AT2G20080,2422,2251,1918,1172,1508,718
AT2G20100,579,564,477,312,357,293
AT2G20110,488,502,391,450,601,435
AT2G20120,5393,4774,4274,6056,7623,5104
AT2G20130,4467,4055,3264,3735,5148,2510
AT2G20140,9351,8987,6226,5047,6545,4535
AT2G20142,159,92,105,186,223,153
AT2G20180,197,153,170,100,203,86
AT2G20190,9794,8730,5926,5247,6708,5651
AT2G20210,555,514,409,862,970,805
AT2G20230,10410,9736,8135,10384,14814,7145
AT2G20240,834,852,526,394,591,515
AT2G20250,17,45,18,16,33,18
AT2G20260,411,403,281,373,462,186
AT2G20270,2662,2827,2113,2604,3095,1819
AT2G20280,6610,6536,4669,6036,8440,5174
AT2G20290,3162,3220,2068,1374,2335,1462
AT2G20300,4212,4466,2907,2889,3670,3365
AT2G20310,887,777,608,912,948,716
AT2G20320,2781,2562,1724,2959,4031,3055
AT2G20330,3888,3723,2663,5537,5885,4266
AT2G20340,315,294,283,292,325,212
AT2G20360,38496,37650,26251,28496,38233,26797
AT2G20362,170,153,142,255,189,113
AT2G20370,5411,5445,3541,5838,6625,5196
AT2G20380,0,0,0,6,0,6
AT2G20390,2101,2233,1763,1992,2517,1374
AT2G20400,542,504,382,942,1021,634
AT2G20410,985,812,602,1270,1603,861
AT2G20420,30017,29713,20242,20039,25701,15565
AT2G20440,1589,1741,1014,897,1240,742
AT2G20450,18805,18788,14045,12496,15183,11849
AT2G20470,56,50,38,111,137,77
AT2G20480,387,372,292,318,351,196
AT2G20490,9167,10095,7728,8764,9424,5105
AT2G20495,1042,960,810,1166,1346,830
AT2G20500,148,130,23,23,177,111
AT2G20510,69,86,66,61,90,36
AT2G20515,4039,3755,3053,3157,4412,2661
AT2G20520,1858,1969,1768,50,168,103
AT2G20530,5378,5536,4072,4852,5333,4069
AT2G20540,152,151,90,81,74,73
AT2G20550,196,227,186,180,191,84
AT2G20555,0,2,4,1,5,0
AT2G20560,937,1023,819,2933,2690,1661
AT2G20562,1020,914,815,172,239,101
AT2G20570,31,25,35,5,6,0
AT2G20580,22662,22985,16153,17836,23829,15578
AT2G20585,3187,2817,2464,2662,2840,1950
AT2G20590,596,584,414,103,130,66
AT2G20610,7206,8462,5702,3361,4643,2787
AT2G20625,6,6,0,0,17,8
AT2G20630,21562,22299,17522,29321,44768,21100
AT2G20635,1068,1021,687,435,489,383
AT2G20650,3255,2913,2149,1860,2504,1719
AT2G20670,3376,3962,3318,1911,2825,1190
AT2G20680,2341,2215,1571,1801,2254,1803
AT2G20690,1423,1346,863,1293,1395,1099
AT2G20700,17,19,11,22,13,0
AT2G20710,1159,1157,755,481,598,467
AT2G20720,72,50,68,120,121,73
AT2G20721,52,45,41,29,30,26
AT2G20722,26,29,20,22,24,16
AT2G20723,22,26,17,17,16,18
AT2G20724,2025,1624,1199,493,576,273
AT2G20725,1253,1157,1125,742,1085,840
AT2G20740,3388,3025,2702,3033,4279,1816
AT2G20750,9833,8233,5925,1541,2406,1730
AT2G20760,25322,24110,16521,12927,17687,11534
AT2G20770,1034,944,743,981,1439,885
AT2G20780,4157,3980,3033,2398,3620,2927
AT2G20790,4210,4100,2595,3016,4015,3141
AT2G20800,10,11,6,11,0,0
AT2G20810,4643,4350,2863,3966,4757,4199
AT2G20815,986,763,831,749,1005,490
AT2G20820,31109,28292,23522,24506,32672,14582
AT2G20825,23,16,15,647,608,214
AT2G20830,3127,3066,2128,2989,3982,2357
AT2G20835,8,12,13,5,3,3
AT2G20840,5576,5191,4145,4641,5950,3781
AT2G20850,1661,1561,1273,567,819,549
AT2G20860,6354,6299,3989,6431,7724,5017
AT2G20880,84,77,34,183,233,190
AT2G20890,3960,3865,2859,3902,5501,3674
AT2G20900,5140,4871,3645,4686,6300,3626
AT2G20920,1453,1325,1025,2327,3021,1490
AT2G20930,2934,2533,2023,2051,2298,1392
AT2G20940,1940,1856,1300,1376,1500,1079
AT2G20950,1074,1047,793,951,1335,796
AT2G20960,3668,3589,2203,3472,5845,3521
AT2G20980,1198,1249,706,360,493,389
AT2G20990,29564,28924,19668,31733,41298,26552
AT2G21010,6,9,3,6,13,6
AT2G21020,1184,946,819,137,352,145
AT2G21030,67,48,65,0,22,20
AT2G21040,16,12,5,4,11,0
AT2G21045,12330,11058,7757,3567,6649,1996
AT2G21050,2869,2444,1986,663,894,749
AT2G21060,5690,5958,3699,3432,3954,2648
AT2G21070,948,889,585,796,972,922
AT2G21080,181,170,145,668,536,398
AT2G21090,1494,1315,891,954,1091,983
AT2G21100,1561,1652,1499,1391,1836,842
AT2G21120,4222,3828,2938,4599,6710,3712
AT2G21130,410,368,255,2275,2001,1375
AT2G21140,201,185,143,235,263,148
AT2G21150,3654,3670,2766,4634,5748,3242
AT2G21160,49231,45290,34999,27879,39762,27133
AT2G21170,18156,18903,12743,12597,15575,10382
AT2G21180,692,611,510,1561,2283,917
AT2G21185,260,260,199,82,129,63
AT2G21187,217,214,156,319,476,280
AT2G21188,12,0,9,25,43,21
AT2G21190,4956,5054,4079,6453,7788,4080
AT2G21195,1090,886,762,1093,1451,707
AT2G21210,4,8,3,0,0,0
AT2G21230,2336,2467,1596,2359,3049,2326
AT2G21237,3,0,0,30,13,11
AT2G21240,3464,3098,2518,4672,6022,3672
AT2G21250,9344,9867,6820,6427,7810,5612
AT2G21260,201,224,134,151,137,113
AT2G21270,7083,7236,5130,7466,9475,4747
AT2G21280,213,246,107,366,363,215
AT2G21290,4353,4353,3455,3713,4683,2660
AT2G21300,6872,6795,4903,5934,7552,5752
AT2G21320,106,109,92,155,154,97
AT2G21340,2119,2028,1455,1662,2115,1798
AT2G21350,170,158,133,98,176,101
AT2G21370,333,345,270,189,208,138
AT2G21380,3817,3592,2462,1884,2815,2041
AT2G21385,945,949,841,1001,989,530
AT2G21390,29982,28723,19171,20802,27766,27223
AT2G21400,16,4,16,26,15,22
AT2G21410,11569,11136,8355,9054,12098,7690
AT2G21430,144,159,115,638,626,311
AT2G21440,4228,4210,2711,2553,2919,2589
AT2G21470,5515,5344,3843,5596,7004,5105
AT2G21490,0,0,0,66,71,23
AT2G21500,982,928,726,1519,1956,1125
AT2G21510,207,208,163,208,460,230
AT2G21520,12970,12505,7992,10181,14014,8094
AT2G21530,16,16,0,15,19,4
AT2G21540,1380,1578,969,524,718,393
AT2G21550,978,932,595,556,964,484
AT2G21560,724,679,552,254,356,192
AT2G21580,29869,30295,22527,27088,32258,23317
AT2G21590,155,130,108,165,265,208
AT2G21600,10541,9156,7871,6965,8991,5290
AT2G21610,380,452,281,779,740,646
AT2G21620,29030,26934,21191,48059,61549,31565
AT2G21630,989,960,758,626,792,669
AT2G21640,127,141,126,99,122,72
AT2G21660,65137,63764,40101,44807,56309,41848
AT2G21710,175,250,181,121,145,140
AT2G21720,0,0,0,6,0,6
AT2G21770,31,22,12,9,21,9
AT2G21780,6,9,9,63,70,25
AT2G21790,5954,5950,4178,2649,3078,2575
AT2G21800,446,453,298,247,250,212
AT2G21820,29,30,22,356,623,269
AT2G21830,1888,1690,1339,541,1139,610
AT2G21840,2340,2233,1533,1263,2220,1170
AT2G21850,3260,2968,2386,1767,3056,2008
AT2G21860,647,517,390,796,804,561
AT2G21870,52469,48452,36078,36799,48654,29706
AT2G21880,2828,2513,2225,137,237,88
AT2G21940,2647,2571,2011,2388,3066,1671
AT2G21950,2710,2635,1776,3181,4333,3121
AT2G21960,401,461,301,424,555,303
AT2G21970,4100,4246,2799,4856,5879,3521
AT2G22000,1078,933,978,906,1137,596
AT2G22010,3663,3432,2356,4479,5172,4130
AT2G22060,6,6,5,7,0,3
AT2G22070,136,134,49,49,42,66
AT2G22080,4746,4791,3758,4473,6221,3016
AT2G22088,5,7,0,2,2,0
AT2G22090,2019,1900,1195,1185,1547,1151
AT2G22100,1444,1518,1002,484,575,504
AT2G22120,2342,2428,1662,2375,3024,2009
AT2G22121,2,0,0,17,24,16
AT2G22122,3000,2863,2452,147,295,113
AT2G22125,24355,22665,14163,8595,12292,12143
AT2G22140,166,214,100,91,161,109
AT2G22170,56673,55496,41096,19383,30596,13074
AT2G22180,5,3,0,0,0,3
AT2G22190,418,345,267,396,424,254
AT2G22200,33,35,28,111,71,47
AT2G22230,7180,7100,6097,2844,3798,2433
AT2G22240,883,877,617,1882,1790,1167
AT2G22250,8883,8535,6413,5131,6698,4131
AT2G22260,388,433,350,415,430,321
AT2G22270,1735,1684,1356,1125,1436,796
AT2G22290,438,384,272,58,129,64
AT2G22300,3983,3735,2335,3213,4108,2983
AT2G22310,933,812,684,632,1004,516
AT2G22330,5670,7174,5655,345,403,326
AT2G22360,1080,1111,671,1714,2175,1275
AT2G22370,1143,1007,836,808,1073,608
AT2G22390,374,375,327,437,518,333
AT2G22400,7061,7059,4388,5104,5905,5296
AT2G22410,281,308,228,191,207,219
AT2G22420,1138,1137,975,527,730,475
AT2G22425,7663,7212,6484,5256,7575,4654
AT2G22430,9504,9024,7177,16188,23652,12714
AT2G22450,1234,1208,785,1472,2071,1481
AT2G22460,370,402,240,27,24,14
AT2G22470,46788,48185,37268,43853,53616,31142
AT2G22475,5316,5254,3983,3729,4853,2835
AT2G22480,9698,9179,6586,5360,7193,4306
AT2G22482,52,32,33,80,36,26
AT2G22490,2966,3157,1774,2165,2680,2494
AT2G22496,25,22,13,4,10,5
AT2G22500,2502,2372,1342,4763,6363,3750
AT2G22510,864,1038,828,3676,3426,2443
AT2G22530,2030,1863,1611,2033,2348,1859
AT2G22540,142,160,124,267,315,166
AT2G22560,2968,2756,1679,2463,3037,2246
AT2G22570,1714,1566,1317,1787,2453,1186
AT2G22590,314,309,104,3337,3006,1744
AT2G22600,371,474,261,259,311,258
AT2G22610,1164,1467,788,208,255,150
AT2G22620,2974,2709,1923,1740,2711,1330
AT2G22630,1686,1335,1158,1853,2423,1236
AT2G22640,1620,1618,1157,1482,1639,1004
AT2G22650,749,638,567,626,911,557
AT2G22660,18891,18754,12974,15710,23622,15823
AT2G22670,10189,9740,6958,11034,12155,7761
AT2G22680,2499,2451,1785,5050,6706,4697
AT2G22690,1186,1179,913,1869,2279,1365
AT2G22720,6097,5567,4106,6589,7921,6060
AT2G22730,381,232,263,272,388,267
AT2G22740,1435,1294,848,1404,1714,1334
AT2G22750,92,48,46,35,73,20
AT2G22760,38,36,37,38,22,7
AT2G22770,3739,3258,2373,1715,2558,1861
AT2G22780,14862,15046,9342,14034,18424,12636
AT2G22790,268,278,225,407,435,244
AT2G22795,9149,8602,6221,4040,5910,3957
AT2G22800,894,868,615,833,1165,422
AT2G22821,31,38,7,42,67,15
AT2G22830,1491,1220,1046,959,1250,785
AT2G22840,5073,5036,3354,3188,4289,4737
AT2G22850,961,913,794,728,667,458
AT2G22860,482,352,285,2043,2510,1574
AT2G22870,686,733,517,823,1128,572
AT2G22880,17,16,6,1068,1668,554
AT2G22890,117,121,60,144,185,140
AT2G22900,3482,3611,2323,3429,3521,2911
AT2G22905,51,61,23,25,33,14
AT2G22910,1745,1853,1188,2112,2519,1699
AT2G22920,2043,2249,2197,346,519,287
AT2G22930,3375,3444,2705,805,1468,914
AT2G22950,14,0,0,3,0,0
AT2G22970,13896,12295,10661,3614,5694,3455
AT2G22980,531,342,364,103,165,34
AT2G22990,324,227,219,1834,2098,787
AT2G23000,675,839,484,812,1139,527
AT2G23010,24,24,11,22,38,14
AT2G23030,137,94,121,905,1136,407
AT2G23040,561,467,456,308,433,268
AT2G23050,3733,3196,2445,2070,2686,2602
AT2G23060,69,59,33,99,117,99
AT2G23070,15811,14412,10604,17964,21220,14268
AT2G23080,3013,2754,2006,2447,3183,1714
AT2G23090,16867,15022,12136,21902,24435,12552
AT2G23093,892,784,637,552,689,567
AT2G23096,25,24,14,6,10,0
AT2G23100,226,218,170,57,54,34
AT2G23110,0,8,0,89,47,48
AT2G23120,20351,20998,16612,103356,119158,64852
AT2G23130,273,250,235,6,14,0
AT2G23140,3434,3056,2141,2458,3183,2147
AT2G23150,2310,1989,1662,3796,4288,2849
AT2G23170,135,136,126,712,662,224
AT2G23180,30,58,33,25,31,29
AT2G23200,298,293,275,123,252,86
AT2G23210,1091,964,844,917,1277,559
AT2G23240,8,2,0,11,18,8
AT2G23250,6,3,8,0,3,0
AT2G23270,0,3,3,33,30,39
AT2G23290,1626,1405,994,671,1245,780
AT2G23300,2134,1922,1630,1437,2038,1820
AT2G23310,11302,9865,8585,12068,16324,10018
AT2G23320,2026,1976,1470,7235,7957,5005
AT2G23321,1,0,2,13,9,3
AT2G23330,316,353,301,369,538,415
AT2G23340,1832,1959,1305,1404,1538,851
AT2G23347,10,9,3,8,11,12
AT2G23348,79,34,51,81,105,33
AT2G23350,30986,29992,19628,21696,24435,20093
AT2G23360,1315,1265,841,838,1176,948
AT2G23370,2035,2004,1570,2236,2684,1687
AT2G23380,4876,4386,2972,4531,5258,3859
AT2G23390,1309,1202,842,1564,1723,1299
AT2G23400,388,407,229,76,144,108
AT2G23410,1408,1447,814,113,150,100
AT2G23420,3010,2766,1993,5028,6563,4221
AT2G23430,265,239,178,471,759,264
AT2G23450,2630,2710,1772,4258,5598,3626
AT2G23460,3554,3249,2011,2494,2813,2283
AT2G23470,242,230,210,244,261,152
AT2G23510,0,3,11,0,0,0
AT2G23520,1591,1317,961,695,1042,753
AT2G23530,379,346,257,104,82,70
AT2G23540,832,720,889,403,308,262
AT2G23550,15,14,14,10,12,0
AT2G23560,1283,1402,922,381,495,298
AT2G23600,1204,1252,914,261,305,121
AT2G23610,1489,1656,1024,3713,3867,2275
AT2G23620,1647,1428,1229,251,526,200
AT2G23630,1566,2282,937,285,396,552
AT2G23670,334,295,192,506,499,277
AT2G23672,41,58,33,55,71,33
AT2G23680,286,273,197,40,71,42
AT2G23690,1127,1028,786,33,41,16
AT2G23700,1897,1748,1304,1234,1563,1022
AT2G23740,2729,2634,1960,2794,3474,2869
AT2G23755,571,465,336,467,694,348
AT2G23760,273,294,220,299,530,271
AT2G23770,1805,1534,1014,908,1645,1147
AT2G23780,5741,5050,4035,6035,8158,4986
AT2G23790,3955,3609,3174,4537,5301,2859
AT2G23810,9634,8880,7422,17355,24760,11798
AT2G23820,2996,2816,2096,2298,3245,1608
AT2G23830,10,9,9,8,18,6
AT2G23840,30,21,13,29,38,18
AT2G23850,3,0,2,7,0,0
AT2G23890,2709,2759,2088,3176,3306,2150
AT2G23910,2677,3172,1141,2140,2725,1418
AT2G23930,10597,10233,8070,7255,9163,6530
AT2G23940,4060,3607,3051,2795,3790,2199
AT2G23945,7,8,4,12,11,3
AT2G23950,3392,3393,2471,1538,2235,1675
AT2G23960,433,398,200,130,155,125
AT2G23970,20,16,22,15,5,21
AT2G23980,6419,5677,4349,4850,6476,4677
AT2G23985,440,380,319,448,569,310
AT2G23987,2,6,7,3,21,0
AT2G24010,4,0,0,5,3,3
AT2G24020,1661,1686,1217,1364,1762,871
AT2G24030,74,61,36,38,82,46
AT2G24040,1902,1636,1315,736,863,407
AT2G24050,4141,4357,2501,3733,3967,3435
AT2G24060,858,860,642,1109,1252,792
AT2G24070,437,456,352,125,243,204
AT2G24090,1313,1159,922,875,1224,694
AT2G24100,2515,2220,1520,5948,6784,4472
AT2G24110,385,327,280,459,425,295
AT2G24120,1275,1317,673,875,1023,792
AT2G24130,3,0,5,22,18,19
AT2G24140,114,128,86,51,64,29
AT2G24150,2951,2690,2292,1891,2750,1698
AT2G24160,3,5,7,0,5,0
AT2G24170,7581,7631,5367,2779,4510,3437
AT2G24180,4131,4183,2728,3469,6392,3573
AT2G24190,558,542,376,517,607,292
AT2G24195,11,7,5,20,19,3
AT2G24200,29648,30693,21835,20005,27033,18509
AT2G24220,86,58,75,41,38,21
AT2G24230,2232,1964,1611,810,1127,725
AT2G24240,1284,1234,973,808,1431,764
AT2G24250,312,239,223,267,348,232
AT2G24260,7773,8059,6026,19739,24183,15008
AT2G24270,19,12,8,8,14,6
AT2G24280,2236,1954,1549,1288,1708,1168
AT2G24285,3,3,4,5,4,3
AT2G24290,2498,2553,1887,1453,2038,1915
AT2G24300,5473,4730,3698,3143,4257,3610
AT2G24310,207,227,146,41,42,58
AT2G24320,10,10,8,40,32,16
AT2G24330,1951,2053,1444,1804,2209,1440
AT2G24350,265,265,182,140,219,123
AT2G24360,5491,4990,3642,5177,6944,4426
AT2G24370,6,5,0,0,0,6
AT2G24390,418,403,313,176,184,140
AT2G24395,258,249,227,307,352,131
AT2G24400,875,761,577,888,1181,893
AT2G24420,5680,5161,3905,5784,7662,4560
AT2G24430,29,26,23,17,8,6
AT2G24440,796,765,610,557,668,401
AT2G24490,3314,3443,2803,14592,10267,4930
AT2G24500,7839,7301,4917,18804,16935,12715
AT2G24520,1194,1034,825,956,1298,948
AT2G24530,511,401,401,358,529,446
AT2G24535,26,15,11,29,45,17
AT2G24540,763,475,317,507,634,297
AT2G24545,162,456,298,425,416,270
AT2G24550,10548,11175,8497,7593,8817,5025
AT2G24560,14,25,5,10,26,20
AT2G24570,7576,6663,5016,4060,6605,3263
AT2G24580,4584,4749,2859,1294,2119,1254
AT2G24590,7554,6873,4865,4841,6674,4345
AT2G24592,1486,1288,998,1549,1925,931
AT2G24600,22,28,14,128,319,165
AT2G24610,4340,3820,2507,3044,3598,3494
AT2G24630,1115,1097,796,507,767,524
AT2G24640,3849,3703,2471,3113,3661,2869
AT2G24650,1806,1707,1363,1322,1881,1108
AT2G24660,23,16,17,11,12,6
AT2G24680,172,232,155,130,115,71
AT2G24681,18,24,17,46,63,26
AT2G24690,1471,1361,1114,1389,1739,1006
AT2G24692,4,7,4,4,5,0
AT2G24693,0,0,0,6,16,11
AT2G24700,97,56,63,0,20,6
AT2G24750,24,28,29,32,48,21
AT2G24755,1584,1613,1258,892,1326,1010
AT2G24760,26,33,25,9,38,35
AT2G24762,1337,2318,1362,1294,1324,717
AT2G24765,10436,9804,7341,7967,10262,6527
AT2G24790,5340,5115,3154,4408,6374,4429
AT2G24800,30,39,16,28,37,44
AT2G24820,332,345,130,463,671,420
AT2G24830,1699,1623,1266,1400,1865,1404
AT2G24840,3,5,11,0,0,0
AT2G24850,488,467,392,85,22,70
AT2G24860,710,750,593,379,611,275
AT2G24940,6000,6511,4870,7668,7760,3046
AT2G24945,428,330,313,276,430,276
AT2G24960,1017,888,671,573,771,672
AT2G24970,209,190,126,128,160,53
AT2G24980,5801,8707,7439,296,1190,789
AT2G24990,2505,2505,1796,2479,3137,2595
AT2G25000,933,1034,696,247,434,226
AT2G25010,1290,1203,838,1216,1472,997
AT2G25050,1226,1157,786,820,1065,881
AT2G25060,3555,3607,2927,224,312,136
AT2G25070,7605,6545,5004,5949,8152,3863
AT2G25080,2659,2058,1730,4182,4800,2577
AT2G25090,318,346,261,247,323,188
AT2G25100,1460,1465,1020,1183,1397,859
AT2G25110,12108,10719,8728,3330,4496,3047
AT2G25125,3,5,2,8,10,2
AT2G25130,193,238,139,194,114,121
AT2G25140,3360,3183,2513,1868,2263,1374
AT2G25150,2292,1979,2014,404,462,310
AT2G25160,15744,15072,11443,3072,4325,2578
AT2G25170,7118,6853,4250,5534,6774,5397
AT2G25180,7130,6394,4630,3516,5127,3894
AT2G25190,1883,1867,1381,1716,2159,1476
AT2G25200,69,41,38,8,11,0
AT2G25210,23415,23206,18669,19518,22706,12069
AT2G25220,947,807,686,450,609,320
AT2G25240,926,826,642,256,485,265
AT2G25250,4730,4169,3739,2872,4339,2715
AT2G25255,17,20,9,18,10,4
AT2G25260,6906,6226,4763,3622,5587,3012
AT2G25270,1245,1117,835,853,934,755
AT2G25280,4942,4726,3363,3342,4458,3072
AT2G25290,737,693,569,433,570,495
AT2G25297,0,0,0,2,18,0
AT2G25300,804,768,576,884,979,794
AT2G25310,4832,4392,3580,3125,3536,2270
AT2G25320,3216,3381,1983,2582,3536,2785
AT2G25330,8,5,0,2,0,0
AT2G25340,0,0,0,24,63,22
AT2G25350,1097,1056,757,986,1183,802
AT2G25355,1128,1212,815,853,789,623
AT2G25410,7,8,8,0,0,0
AT2G25420,970,869,671,414,509,458
AT2G25430,13303,12190,8701,12305,15061,10313
AT2G25440,35,61,27,17,36,33
AT2G25450,24225,23295,13904,84322,107974,52903
AT2G25460,293,275,176,920,1117,591
AT2G25480,2415,2105,1548,846,1328,944
AT2G25490,14953,12647,11971,9469,16259,11759
AT2G25510,63,51,44,15,37,13
AT2G25520,29682,27141,20635,17760,26327,15800
AT2G25530,2050,2375,1264,2249,2850,1807
AT2G25540,34,28,31,8,13,8
AT2G25560,934,966,700,960,1201,878
AT2G25570,994,966,703,972,1168,936
AT2G25580,1394,1219,871,1313,1594,1262
AT2G25590,1305,1147,917,1224,1608,933
AT2G25605,496,472,375,806,960,601
AT2G25610,6887,6683,5362,5586,8162,4216
AT2G25620,3184,3395,2001,3909,5010,2809
AT2G25625,48,68,73,440,564,254
AT2G25640,2489,2560,1691,2299,2567,2180
AT2G25650,1345,1273,1072,1138,1676,1017
AT2G25660,3691,3515,2530,3614,4381,3687
AT2G25670,12355,12409,9380,12941,15496,10576
AT2G25680,1037,1103,682,442,575,422
AT2G25690,703,658,438,1795,2006,1586
AT2G25710,4155,3921,3159,5772,6809,3839
AT2G25720,890,857,611,699,892,614
AT2G25730,5332,4954,3364,3792,5206,4348
AT2G25735,68,71,87,18,50,13
AT2G25737,1751,1668,1191,2360,2683,1681
AT2G25740,1673,1724,1235,1768,2059,1651
AT2G25760,6177,5963,4288,5597,7554,5726
AT2G25770,218,153,116,76,91,82
AT2G25790,1726,1622,1268,1785,2128,1814
AT2G25800,5004,4599,3308,2398,3371,2916
AT2G25810,24142,22729,15316,10220,16201,12813
AT2G25820,32,18,8,3,0,3
AT2G25830,1698,1673,1163,1241,1502,1136
AT2G25840,1315,1360,963,1256,1443,1173
AT2G25850,1939,1980,1521,1572,2160,1308
AT2G25870,4904,5171,2927,3985,4694,4417
AT2G25880,1933,1788,1492,928,1099,569
AT2G25890,2,1,0,2,3,2
AT2G25900,3547,3976,3484,7054,6974,5421
AT2G25910,10088,10508,7390,9071,11874,8552
AT2G25920,1086,1037,942,991,1395,857
AT2G25930,4198,3937,3085,5551,7144,4724
AT2G25940,262,235,168,638,913,444
AT2G25950,1965,1938,1528,2685,2958,1726
AT2G25964,1179,1004,884,1661,2194,1324
AT2G25970,15673,14412,10520,15259,18143,13363
AT2G25980,18254,16937,9652,8786,9901,8890
AT2G25990,4,2,4,3,3,2
AT2G26000,949,914,670,1429,1498,972
AT2G26030,1059,899,821,896,1101,655
AT2G26040,172,244,84,23,34,37
AT2G26060,4340,4156,3139,4859,5624,3414
AT2G26070,996,742,551,1409,2053,1628
AT2G26080,33732,33116,22268,14204,17792,14370
AT2G26100,1813,1789,1221,1301,1480,1060
AT2G26110,3830,3776,2718,1480,2457,1566
AT2G26140,13143,12411,8311,10775,14016,9469
AT2G26150,849,590,683,327,441,426
AT2G26170,3270,4032,2848,3416,4277,2720
AT2G26180,847,860,700,422,350,310
AT2G26190,3745,3371,2823,2552,4003,2119
AT2G26200,2678,2605,1909,1915,2459,1620
AT2G26210,3267,3030,2433,4052,4763,2910
AT2G26230,8445,8681,6390,7667,10521,6320
AT2G26240,5456,5101,4019,5047,7044,4302
AT2G26250,615,809,633,1989,2065,1304
AT2G26260,4049,3914,2996,2014,2423,1685
AT2G26270,968,836,568,601,662,637
AT2G26280,7333,6843,4930,7751,10212,6450
AT2G26290,2005,2190,1510,2302,3297,1645
AT2G26300,8347,7670,5577,8761,12154,8847
AT2G26310,901,842,734,945,1236,591
AT2G26330,258,260,182,199,239,194
AT2G26340,775,670,545,933,1206,710
AT2G26350,1347,1199,956,1726,2052,1325
AT2G26355,1871,1500,1113,1724,2407,1618
AT2G26360,1596,1327,1042,178,348,258
AT2G26370,695,448,562,178,293,87
AT2G26380,29,35,31,291,270,170
AT2G26390,379,348,371,430,625,285
AT2G26400,12,12,12,13,16,3
AT2G26410,252,303,184,134,124,80
AT2G26420,1309,1235,789,440,774,580
AT2G26430,3935,3867,2712,6579,8123,5716
AT2G26440,214,166,134,14,13,16
AT2G26455,1,1,3,2,2,4
AT2G26460,2107,2204,1335,2064,2534,1572
AT2G26470,911,985,651,644,793,628
AT2G26480,817,760,681,364,519,275
AT2G26500,92,184,94,59,124,71
AT2G26510,8190,7949,5912,6613,9341,5703
AT2G26515,59,41,46,66,92,42
AT2G26520,157,167,100,3,8,15
AT2G26530,630,558,372,3460,4280,2470
AT2G26540,745,749,584,966,1086,663
AT2G26550,1129,1093,751,1137,1494,925
AT2G26560,32,44,50,223,193,252
AT2G26570,3924,4115,2777,4288,5722,2989
AT2G26590,6069,5620,4594,6387,7796,4252
AT2G26600,4177,4154,2616,3500,4905,3147
AT2G26610,7,4,0,43,33,15
AT2G26620,12,15,0,0,5,0
AT2G26640,4002,3458,2698,932,1485,999
AT2G26650,7911,7860,5595,3950,6376,4095
AT2G26660,1963,1951,1471,3202,3285,1711
AT2G26670,5748,5166,4152,9110,13521,5752
AT2G26680,3701,3228,2223,1297,1822,1368
AT2G26690,3558,3446,2323,15032,21253,10074
AT2G26692,17,0,0,29,55,26
AT2G26695,11,10,7,0,0,0
AT2G26700,618,468,339,284,310,293
AT2G26710,1374,1396,925,415,706,580
AT2G26730,10131,9519,7072,3874,5278,3529
AT2G26740,8,14,8,50,32,17
AT2G26750,73,104,67,95,98,52
AT2G26760,2320,2490,1702,688,675,605
AT2G26770,3760,3880,2681,3853,4921,2353
AT2G26780,5702,5785,3351,4209,5628,4083
AT2G26790,303,297,193,108,214,124
AT2G26800,4406,4229,2943,6707,8129,4667
AT2G26810,1353,1345,991,1334,1572,927
AT2G26820,828,892,700,50,125,44
AT2G26830,2494,2494,1752,2242,2896,1289
AT2G26840,707,660,541,433,559,455
AT2G26860,1514,1482,1282,1286,1531,1090
AT2G26870,229,194,191,890,1547,704
AT2G26890,9578,9708,6519,6786,9568,6932
AT2G26900,6720,6639,4385,3894,4854,3492
AT2G26910,724,779,506,329,293,250
AT2G26920,2257,2304,1537,3509,4041,2594
AT2G26930,1048,1101,663,773,1021,682
AT2G26940,2,1,0,2,6,2
AT2G26960,7,0,0,3,0,0
AT2G26970,1109,1036,867,1089,1197,664
AT2G26975,39,58,24,87,75,48
AT2G26980,10888,10164,8757,6895,9702,5395
AT2G26990,8585,7928,6079,7568,8981,5292
AT2G27000,6263,6175,4247,2330,4250,2681
AT2G27010,3682,3274,2398,1738,2816,1704
AT2G27020,22474,21819,16484,15777,20256,10413
AT2G27030,12714,11408,8980,6962,8711,4418
AT2G27035,466,566,400,425,468,272
AT2G27040,4882,4932,3526,5009,5252,4345
AT2G27050,6065,5363,3333,5287,6969,6213
AT2G27060,1343,1179,831,593,905,590
AT2G27080,2355,2195,1785,3206,4418,2673
AT2G27090,1951,2063,1470,2006,2520,1703
AT2G27100,8634,8734,6195,10773,12982,9313
AT2G27110,2328,2251,1501,1784,2083,1754
AT2G27120,12,17,5,8,0,6
AT2G27130,990,883,647,605,907,655
AT2G27140,949,865,723,1341,1187,819
AT2G27150,1781,1986,1209,2870,3835,2230
AT2G27170,4635,4435,2879,3702,4425,2685
AT2G27180,46,45,18,27,47,32
AT2G27190,7822,7327,5485,5238,7380,5704
AT2G27200,1161,1075,787,1483,1756,1194
AT2G27210,5137,4791,3447,3986,5165,4103
AT2G27230,6615,6348,4355,3845,4813,4059
AT2G27250,0,0,0,23,13,16
AT2G27260,1040,975,826,1591,2507,1278
AT2G27280,10,7,0,8,28,11
AT2G27285,2209,2022,1567,2461,3402,2125
AT2G27290,357,374,355,612,710,518
AT2G27300,82,110,57,132,127,73
AT2G27310,2124,1903,1485,2016,2995,1620
AT2G27330,2194,1829,1729,1734,2195,1248
AT2G27340,981,766,781,901,1126,634
AT2G27350,6532,6463,4458,6481,8291,5911
AT2G27360,3043,2949,2266,821,1495,808
AT2G27370,12524,11779,10143,7867,14627,7205
AT2G27389,503,524,382,324,707,246
AT2G27390,51,44,46,41,67,28
AT2G27400,1704,1618,1164,747,977,603
AT2G27402,46,57,23,38,37,23
AT2G27430,1077,1054,730,1055,1186,882
AT2G27440,269,309,176,43,41,55
AT2G27450,6202,6246,4522,4440,5962,3461
AT2G27460,3488,3200,2162,2710,3427,2777
AT2G27470,1377,1526,1071,937,1312,985
AT2G27480,731,612,608,809,1086,403
AT2G27490,1724,1640,1331,3208,3557,1813
AT2G27500,3019,2649,1892,3630,4630,2684
AT2G27505,0,26,8,26,17,11
AT2G27510,33205,34619,24600,21142,29087,17205
AT2G27530,52103,48805,38503,39603,48036,31040
AT2G27535,14,8,17,8,11,0
AT2G27550,1044,991,628,5314,4270,2619
AT2G27580,4225,3791,3058,2986,3822,2103
AT2G27590,1951,1611,1326,1220,1545,1172
AT2G27600,15293,14010,10843,15362,19578,9974
AT2G27610,160,129,129,37,88,61
AT2G27630,48,47,23,14,15,14
AT2G27650,0,6,15,0,0,0
AT2G27660,2545,2554,1201,794,1510,931
AT2G27680,722,802,553,888,1072,653
AT2G27690,168,195,166,307,318,200
AT2G27710,50535,43473,34312,28293,37594,20321
AT2G27720,34819,30007,22763,23936,29447,16861
AT2G27730,28600,29454,24231,24604,33501,15863
AT2G27740,1079,926,612,899,1168,556
AT2G27760,976,1015,713,1264,1464,854
AT2G27770,492,478,347,197,295,193
AT2G27775,2373,2215,1868,1367,1463,958
AT2G27790,431,373,265,487,632,324
AT2G27800,252,244,196,199,230,159
AT2G27810,3175,2951,2085,1680,2219,1904
AT2G27820,5989,6005,3663,6205,8037,4908
AT2G27830,787,852,632,2610,2949,1591
AT2G27840,10652,10899,7760,4068,4827,3314
AT2G27860,33109,30884,23775,30624,35902,21447
AT2G27880,4,0,9,0,0,0
AT2G27900,8084,7504,5507,5853,7692,5955
AT2G27920,1878,2205,1500,808,1249,543
AT2G27930,432,427,350,164,211,140
AT2G27950,3587,3772,2483,5287,6422,5448
AT2G27960,2904,2960,2509,1916,2432,1142
AT2G27970,4953,5154,3992,2528,2871,1504
AT2G27980,2866,2619,1826,2601,3364,2273
AT2G27990,5,0,6,3,3,0
AT2G28000,16311,18029,10995,7485,8288,7293
AT2G28040,57,41,40,114,113,118
AT2G28050,361,300,265,123,182,171
AT2G28060,1710,1640,1315,1748,2205,1147
AT2G28070,3374,2987,2341,1880,2394,1990
AT2G28080,3858,3902,2650,2268,3029,1824
AT2G28100,1172,1091,830,482,678,580
AT2G28105,159,164,139,136,185,106
AT2G28110,5042,5309,3936,5129,7520,3872
AT2G28120,704,713,500,361,572,263
AT2G28130,1220,1115,805,1758,2114,1149
AT2G28140,23,26,18,93,100,79
AT2G28150,1338,1294,929,970,1346,1054
AT2G28160,8239,6938,4538,1226,2207,1148
AT2G28190,13403,12580,9531,8716,9890,7048
AT2G28200,1806,1719,1184,731,1345,685
AT2G28210,322,359,316,954,1249,596
AT2G28230,1951,1630,1305,1718,2270,1529
AT2G28240,803,952,744,860,1156,743
AT2G28250,3728,4056,2989,1142,1463,1049
AT2G28260,491,523,355,456,680,540
AT2G28270,102,97,133,0,0,0
AT2G28290,8407,7705,5274,7301,8967,6983
AT2G28305,88,121,105,1431,1620,639
AT2G28310,4188,4151,3179,2419,3223,2051
AT2G28315,3184,3105,2210,3085,4313,2492
AT2G28320,4916,4937,3483,6297,7732,4671
AT2G28330,588,516,412,371,452,300
AT2G28340,7,6,0,0,0,0
AT2G28350,3005,2799,2314,2264,3341,2619
AT2G28360,4553,4543,3161,3036,4309,2843
AT2G28370,6703,6010,5090,7309,9385,5876
AT2G28380,3543,3394,2447,2635,2981,2433
AT2G28390,5889,5368,3845,5048,5841,4080
AT2G28400,1315,1326,948,2200,2589,1143
AT2G28410,1932,1820,1470,264,385,238
AT2G28420,13,5,16,41,44,22
AT2G28426,24,40,35,53,58,43
AT2G28430,2880,3086,2392,1942,2730,1323
AT2G28440,1027,1197,886,311,544,302
AT2G28450,3807,3609,2321,3114,3739,4134
AT2G28460,339,358,211,27,56,38
AT2G28470,15045,17633,12538,6501,9263,4765
AT2G28480,865,896,594,1240,1537,1303
AT2G28490,6,6,6,5,5,8
AT2G28500,6,3,0,51,60,70
AT2G28510,3256,3332,2343,3611,4265,3277
AT2G28520,9109,8653,6480,6179,8406,6466
AT2G28540,2705,2600,1975,3071,3553,2446
AT2G28550,7428,7359,5119,6763,8325,5342
AT2G28560,96,63,58,84,59,28
AT2G28570,1310,1145,970,1914,2890,1682
AT2G28590,503,454,346,500,618,349
AT2G28600,4390,4379,2717,3975,4268,3886
AT2G28605,11,23,3,21,31,12
AT2G28620,2030,2354,1475,283,378,261
AT2G28650,380,397,301,862,1389,892
AT2G28660,1553,1474,1337,2054,2588,1409
AT2G28670,43884,41763,31395,32998,57312,28604
AT2G28671,3501,3503,2905,3224,5532,2032
AT2G28680,8,0,10,15,45,38
AT2G28690,97,107,85,134,316,195
AT2G28700,41,25,24,83,160,102
AT2G28710,254,267,167,228,420,140
AT2G28720,1087,951,757,1105,1457,564
AT2G28740,5123,4876,2941,3507,3916,2241
AT2G28755,12,2,21,0,4,0
AT2G28760,5629,5307,3289,4637,5176,3104
AT2G28780,5448,5611,4060,1901,2063,1311
AT2G28790,7646,7463,5441,2332,2867,2536
AT2G28800,3925,3622,2613,4847,6431,4383
AT2G28810,3073,2745,2057,1894,2317,1637
AT2G28815,92,78,45,79,115,69
AT2G28830,498,424,289,452,508,376
AT2G28840,17476,16270,13093,15761,22333,18127
AT2G28850,18,6,14,0,0,3
AT2G28860,158,131,183,11,6,0
AT2G28870,253,247,157,274,293,206
AT2G28880,1327,1263,790,1045,1187,874
AT2G28890,8910,7963,5323,4798,7694,4394
AT2G28900,1009,1004,714,1012,1248,445
AT2G28910,16004,13546,11045,17614,23451,13488
AT2G28920,10,3,0,0,5,4
AT2G28930,217,213,152,215,209,147
AT2G28940,2039,1817,1768,955,1429,777
AT2G28950,435,522,414,149,159,140
AT2G28960,2206,1902,1418,121,273,118
AT2G28970,2042,1739,1351,82,194,115
AT2G28990,828,833,525,134,388,151
AT2G29000,47,57,41,0,3,0
AT2G29010,1019,896,733,114,244,169
AT2G29020,9187,8753,6890,7699,10818,7907
AT2G29050,4523,4197,3090,2349,2846,2325
AT2G29060,1706,1535,1250,1163,1672,970
AT2G29065,983,814,598,939,1260,868
AT2G29070,1497,1593,1205,1330,1995,1000
AT2G29080,10399,10156,6788,8234,10581,7862
AT2G29090,6,0,0,16,32,25
AT2G29100,0,3,0,0,8,0
AT2G29110,6,0,3,0,12,8
AT2G29120,36,27,30,10,12,18
AT2G29125,683,616,515,462,626,375
AT2G29130,977,1017,733,1081,1149,676
AT2G29140,6665,6894,4812,8313,10169,7385
AT2G29150,0,0,0,5,9,0
AT2G29180,166,144,88,181,283,187
AT2G29190,6205,6374,4234,6206,7714,6434
AT2G29200,6184,6617,4036,4330,4711,4669
AT2G29210,6104,5944,4272,5023,6399,4622
AT2G29260,142,185,111,63,89,77
AT2G29270,0,14,3,7,0,0
AT2G29310,3,0,0,7,0,0
AT2G29320,79,33,45,18,16,0
AT2G29330,1291,943,1176,707,896,542
AT2G29340,171,136,151,746,789,515
AT2G29350,0,0,0,10,23,8
AT2G29360,32,35,41,9,23,3
AT2G29380,59,58,51,8181,8405,3608
AT2G29390,7425,6947,5677,7668,10376,7119
AT2G29400,10195,8725,7126,9572,12103,9219
AT2G29410,137,172,103,60,116,52
AT2G29420,27001,23633,16937,30948,37615,18725
AT2G29430,4,5,1,8,7,1
AT2G29440,5502,5036,4148,7447,10079,6241
AT2G29450,3304,2641,2158,10497,13567,6515
AT2G29460,548,536,336,5057,6882,4508
AT2G29470,16,13,8,255,383,194
AT2G29480,2122,1897,1466,5489,5506,3218
AT2G29485,30,29,38,130,115,69
AT2G29490,12304,10199,7030,11454,14496,9088
AT2G29500,1358,1558,1243,2159,2800,1724
AT2G29510,3989,3659,2760,2428,3129,2379
AT2G29525,856,824,676,998,1411,830
AT2G29530,8800,8959,6689,6429,7961,4655
AT2G29540,2023,1889,1602,1530,1670,977
AT2G29550,21767,20672,14145,8069,9026,7273
AT2G29560,6006,5822,4259,3459,4445,2663
AT2G29570,3729,3442,2491,2003,2104,1535
AT2G29580,1857,1793,1421,1457,1869,1390
AT2G29590,1107,1188,888,1207,1688,831
AT2G29620,1510,1517,1074,746,1672,1175
AT2G29630,38,53,21,13,29,8
AT2G29640,479,370,417,601,827,422
AT2G29650,508,477,362,484,669,355
AT2G29660,3476,3276,2602,1137,1568,982
AT2G29670,412,357,243,2357,1887,1660
AT2G29680,858,779,614,350,467,346
AT2G29690,3365,3371,2315,2229,2756,1738
AT2G29700,3207,3065,2326,2486,3270,1666
AT2G29710,279,288,268,119,109,67
AT2G29720,137,130,123,150,252,172
AT2G29730,3115,2893,2152,1439,2001,1141
AT2G29740,1773,1814,1342,1006,1323,746
AT2G29750,13804,14180,9626,2425,3992,2696
AT2G29760,321,346,233,133,193,146
AT2G29890,2245,2403,1816,1142,1521,1143
AT2G29900,2096,1661,1468,1204,2012,997
AT2G29910,1243,991,913,1091,1350,844
AT2G29940,0,6,0,32,12,18
AT2G29950,44,23,48,90,96,33
AT2G29960,13046,13067,10469,9762,13312,6371
AT2G29970,1503,1502,1122,2307,2967,2093
AT2G29980,27529,24964,18795,22267,31343,26474
AT2G29990,2868,2658,2121,3849,5412,3743
AT2G29995,2192,1862,1675,1000,1411,586
AT2G30000,1104,1147,889,972,1293,734
AT2G30010,531,631,439,214,270,177
AT2G30020,1172,1084,782,1525,1954,1088
AT2G30040,1245,1324,918,2449,2742,1384
AT2G30050,14224,13780,11170,11389,14389,8447
AT2G30060,10406,10225,6514,6970,9382,6838
AT2G30070,1442,1185,1023,2725,3899,2269
AT2G30080,646,609,419,515,766,402
AT2G30100,615,664,463,358,682,249
AT2G30105,3370,3216,2375,2668,3009,2067
AT2G30110,25061,24581,15450,23616,29873,21945
AT2G30115,4,6,0,0,0,0
AT2G30120,1390,1323,992,1027,1483,895
AT2G30130,1080,986,823,2396,2637,1947
AT2G30140,1638,1721,1064,7797,10488,6532
AT2G30150,953,1006,701,521,868,678
AT2G30160,2183,2103,1584,3279,4111,3333
AT2G30170,431,362,334,361,512,330
AT2G30200,9854,9912,6439,4991,6342,4556
AT2G30210,25870,26873,17863,14650,26939,13060
AT2G30220,55,100,35,5,36,38
AT2G30230,1079,1001,632,394,601,317
AT2G30250,1908,1675,1148,2078,3522,1729
AT2G30260,4556,4303,3671,5163,6699,4421
AT2G30270,1230,1136,966,1182,1618,850
AT2G30280,824,700,533,683,906,479
AT2G30320,921,932,578,660,750,599
AT2G30330,1139,1012,800,980,1273,745
AT2G30340,5032,4794,3812,3907,5605,3914
AT2G30350,366,400,247,283,307,198
AT2G30360,3218,3169,1906,4484,6870,3775
AT2G30362,353,341,304,316,279,172
AT2G30370,163,311,170,94,161,143
AT2G30380,127,145,106,24,34,19
AT2G30390,955,1041,616,1100,1471,902
AT2G30395,1071,1090,813,1538,2007,1025
AT2G30400,614,484,391,1493,1539,880
AT2G30410,4415,4067,3269,2532,3611,1988
AT2G30440,12973,11957,8467,11033,16890,10323
AT2G30460,2380,2473,1647,1710,2202,1749
AT2G30470,2821,2848,2020,2545,3526,2485
AT2G30480,735,733,514,525,748,596
AT2G30490,71110,71371,41584,58244,76597,49231
AT2G30500,4716,3868,3154,7785,12496,8273
AT2G30505,208,221,154,250,203,185
AT2G30520,29052,24545,18170,27049,31527,19823
AT2G30530,2235,1910,1491,2957,3667,2392
AT2G30540,5,2,5,6,0,0
AT2G30550,1559,1669,1247,6857,7877,4534
AT2G30570,265,399,187,204,323,120
AT2G30575,1657,1582,1259,880,1150,686
AT2G30580,1372,1312,883,1265,1469,1135
AT2G30590,1701,1547,1288,1795,2434,1905
AT2G30600,9953,8524,8474,5011,6273,4021
AT2G30615,48,58,89,56,45,10
AT2G30620,16479,15729,9714,26326,33670,24043
AT2G30630,66,64,58,68,106,58
AT2G30640,245,163,95,358,417,256
AT2G30660,0,23,14,9,9,8
AT2G30680,0,0,0,3,0,8
AT2G30695,336,325,226,296,283,188
AT2G30700,3566,3213,2387,3387,4571,2955
AT2G30710,5165,4695,3554,2844,4406,2712
AT2G30720,1384,1156,884,945,1243,742
AT2G30740,9642,9102,6987,7247,10132,5032
AT2G30750,28,50,10,110,251,181
AT2G30780,1887,1801,1151,2183,2681,2398
AT2G30790,0,0,6,13,20,0
AT2G30800,3081,2753,2045,3410,4470,3293
AT2G30820,106,64,40,21,34,21
AT2G30840,857,931,789,299,702,222
AT2G30860,73516,75925,55642,20416,27341,12714
AT2G30870,113825,110583,86749,50038,75868,38603
AT2G30880,3246,2843,1920,2474,3378,2496
AT2G30890,354,409,315,112,144,122
AT2G30910,2503,2123,1650,2010,2508,1725
AT2G30920,2297,1922,1521,1774,2167,1455
AT2G30930,11731,10320,9435,1187,1423,541
AT2G30933,323,239,278,111,168,78
AT2G30942,239,261,188,183,229,145
AT2G30945,230,236,184,371,493,257
AT2G30950,6871,7239,4037,16016,17457,11222
AT2G30960,246,258,201,201,229,188
AT2G30970,13929,13561,8094,8478,11346,8600
AT2G30980,11376,10127,8119,7193,8737,6658
AT2G30984,3,4,3,0,0,0
AT2G30990,4068,3735,2830,1503,2123,1354
AT2G31010,2109,1740,1164,1626,1590,1301
AT2G31020,4986,4706,3565,3118,4793,3434
AT2G31030,4,0,0,0,4,6
AT2G31040,1362,1253,978,1515,2038,1033
AT2G31060,5947,6278,3376,3491,3774,3462
AT2G31070,176,173,115,334,271,158
AT2G31081,263,342,164,67,103,66
AT2G31082,469,377,278,50,129,39
AT2G31083,5606,4590,4382,6646,10444,4729
AT2G31085,2184,1874,1745,1679,2406,1088
AT2G31090,5511,4708,4302,4012,6366,3142
AT2G31110,1819,1633,1525,467,667,327
AT2G31130,850,728,684,1118,1448,746
AT2G31140,3152,3431,2576,2790,3392,1897
AT2G31141,91,78,66,128,134,42
AT2G31150,584,564,439,381,552,331
AT2G31160,54,56,42,82,103,69
AT2G31170,1160,1191,870,1020,1170,819
AT2G31180,330,240,242,1297,1780,776
AT2G31190,776,793,542,743,818,638
AT2G31200,1836,1807,1199,2378,2529,1200
AT2G31210,8,14,0,12,18,0
AT2G31220,57,78,69,5,0,11
AT2G31230,217,210,216,127,194,58
AT2G31240,1684,1929,1029,924,1080,946
AT2G31250,110,93,82,55,83,41
AT2G31260,3933,3864,2471,3789,4878,3767
AT2G31270,2693,2527,1735,733,887,669
AT2G31280,2088,1846,1320,2408,2770,1699
AT2G31290,394,384,289,317,376,275
AT2G31300,2159,2066,1656,1222,1630,1267
AT2G31305,1084,890,908,1125,1478,675
AT2G31310,540,656,579,32,59,29
AT2G31320,1360,1193,763,896,986,702
AT2G31335,3,6,3,0,3,0
AT2G31340,1234,1478,993,953,1074,854
AT2G31345,1,0,1,7,5,3
AT2G31350,4772,4128,3361,4976,6032,2803
AT2G31360,23020,21612,17296,14914,18500,14074
AT2G31370,4597,4394,2899,2976,3840,2562
AT2G31380,389,378,201,1210,1699,775
AT2G31390,55270,53388,39365,33477,41361,25835
AT2G31400,8739,8989,5801,11342,14458,10451
AT2G31410,8112,7704,5319,6157,7369,5365
AT2G31420,0,0,0,3,6,2
AT2G31425,3,4,0,6,15,6
AT2G31440,3426,2837,2669,2647,3351,2192
AT2G31450,739,802,526,824,1076,566
AT2G31480,33,25,22,3,9,3
AT2G31490,14670,13390,8929,10943,13759,5985
AT2G31510,5516,5097,3611,5284,7049,4859
AT2G31530,1265,1123,934,1204,1338,821
AT2G31540,1035,751,631,300,369,200
AT2G31550,86,67,47,24,30,22
AT2G31560,616,473,426,705,1020,577
AT2G31570,19926,21152,15512,22733,37555,15373
AT2G31580,1328,1186,979,1469,1846,1103
AT2G31585,1480,1112,1231,1632,2280,1157
AT2G31590,0,5,0,7,5,6
AT2G31600,338,294,218,452,510,316
AT2G31610,48806,48013,37783,36478,43146,25192
AT2G31625,1,0,1,7,4,9
AT2G31650,1910,1851,1338,1494,1593,1201
AT2G31660,9264,9599,6000,6655,8062,7358
AT2G31670,8816,8775,6457,3680,5010,3669
AT2G31680,3861,4105,2967,2834,3765,2475
AT2G31710,1995,1864,1454,1835,2281,1082
AT2G31725,1339,1290,1086,560,718,572
AT2G31730,777,690,696,380,674,354
AT2G31740,2797,2587,1979,2666,2589,2134
AT2G31750,17346,14505,10130,7001,11320,6772
AT2G31751,262,265,706,829,874,443
AT2G31790,288,526,232,20,30,29
AT2G31800,3803,3476,2604,3291,4524,2677
AT2G31810,7191,6688,5753,9660,11481,8200
AT2G31820,2893,2683,2076,3617,4926,3198
AT2G31830,145,133,97,56,81,71
AT2G31840,364,396,274,331,394,244
AT2G31860,1652,1414,1102,75,165,64
AT2G31865,225,196,189,250,244,167
AT2G31870,752,720,595,486,715,490
AT2G31880,1871,1919,1164,1402,1906,1501
AT2G31890,600,556,392,389,550,363
AT2G31900,6856,5878,4920,759,1021,721
AT2G31902,392,338,331,575,785,402
AT2G31910,45,37,36,66,73,18
AT2G31920,330,263,209,191,279,215
AT2G31930,44,44,24,2,29,5
AT2G31940,483,422,459,1032,883,371
AT2G31945,51,42,47,371,353,121
AT2G31955,3254,2811,2250,5719,7206,3756
AT2G31960,12183,11680,8306,10474,13613,10191
AT2G31970,2402,2370,1701,1790,2285,1764
AT2G31980,71,72,59,363,317,153
AT2G31985,14,15,11,0,16,6
AT2G31990,486,515,257,718,1027,537
AT2G32000,2223,2237,1382,2465,2916,2522
AT2G32010,565,558,413,317,374,300
AT2G32020,493,506,333,895,1199,578
AT2G32030,285,309,186,322,489,256
AT2G32040,3118,2798,2233,2791,3435,2576
AT2G32050,3,6,8,10,10,1
AT2G32060,36401,35473,30205,26700,30830,17454
AT2G32070,3883,3932,2682,4617,5134,3889
AT2G32080,12351,12123,9031,10263,15163,8960
AT2G32090,998,1022,799,1602,1954,1014
AT2G32100,30,20,30,32,52,38
AT2G32120,555,545,483,1184,1174,680
AT2G32130,0,3,0,11,10,6
AT2G32140,92,81,63,270,332,124
AT2G32150,9711,8666,8550,19322,22817,8273
AT2G32160,22,15,17,11,22,16
AT2G32170,4407,4289,2956,4267,4643,3382
AT2G32179,0,5,9,3,2,0
AT2G32180,59,68,42,16,48,9
AT2G32190,348,313,202,2186,2216,865
AT2G32200,0,0,0,27,22,9
AT2G32210,353,257,225,536,559,281
AT2G32220,931,890,641,529,614,370
AT2G32230,1661,1608,953,770,918,880
AT2G32235,549,539,415,348,398,305
AT2G32240,18206,18049,11389,7911,12330,10000
AT2G32250,1967,1963,1537,1804,2286,1734
AT2G32260,6297,6304,4499,5544,7371,4768
AT2G32270,6643,6981,4626,1417,2666,1212
AT2G32275,26,20,10,5,9,6
AT2G32280,1962,1623,1564,714,852,481
AT2G32295,3125,2987,2384,1803,2770,1463
AT2G32300,16828,16061,15583,8721,16798,6541
AT2G32310,10,5,0,6,0,0
AT2G32320,2519,2356,1860,2590,3121,1857
AT2G32340,243,173,149,232,268,134
AT2G32380,6367,5670,4884,2633,3832,2338
AT2G32390,1903,1729,1229,783,1304,764
AT2G32400,1247,1365,855,489,627,600
AT2G32410,1084,1164,810,1076,1351,924
AT2G32415,1560,1287,920,2067,2307,1809
AT2G32430,2264,2594,1726,2264,3333,1928
AT2G32440,1018,897,612,805,1113,760
AT2G32450,1524,1391,888,697,1048,783
AT2G32460,6,3,6,4,13,0
AT2G32470,4,2,2,7,11,2
AT2G32480,1527,1497,943,1520,2088,1509
AT2G32487,9,23,15,14,18,12
AT2G32490,4,4,0,9,8,0
AT2G32500,385,321,252,292,347,203
AT2G32510,465,367,356,2233,2176,780
AT2G32520,8516,8077,6322,7257,9880,5585
AT2G32530,381,478,275,1161,1822,798
AT2G32540,0,6,0,0,15,10
AT2G32550,6,0,0,5,0,3
AT2G32560,1759,1569,1161,2651,3467,2413
AT2G32580,4374,4600,3221,3476,4917,2948
AT2G32590,1082,1091,776,679,727,587
AT2G32600,4004,4197,3244,5538,6606,4478
AT2G32610,466,428,243,177,248,202
AT2G32620,578,537,295,118,148,154
AT2G32630,163,168,93,57,90,98
AT2G32640,128,104,100,124,128,91
AT2G32645,2,0,6,5,6,2
AT2G32650,292,226,213,192,215,130
AT2G32660,3,0,6,0,7,0
AT2G32670,18,29,17,39,33,24
AT2G32690,3,0,0,8,3,3
AT2G32700,13442,13422,8992,10253,13950,10339
AT2G32710,1648,1596,1288,2810,3620,2473
AT2G32720,8453,9126,6561,4207,6772,3503
AT2G32730,24315,22789,15902,16006,21003,15392
AT2G32740,11,6,9,5,0,0
AT2G32750,61,41,40,46,66,32
AT2G32760,1787,1742,1350,2006,2411,1535
AT2G32765,62,57,87,47,65,32
AT2G32770,15,6,0,0,6,5
AT2G32790,7,3,0,19,13,3
AT2G32795,12,26,21,40,49,44
AT2G32800,814,964,543,1017,1542,1194
AT2G32810,4061,3902,2810,3000,3724,2452
AT2G32830,10,14,16,37,32,19
AT2G32840,1045,1084,910,1054,1447,803
AT2G32850,6037,6088,3789,5467,7284,4572
AT2G32860,7,16,8,19,6,9
AT2G32900,3166,2934,2148,3759,4497,3626
AT2G32910,3739,3469,2279,3215,4118,2802
AT2G32920,12613,11621,8671,5716,7837,4823
AT2G32930,882,904,630,1358,1936,1276
AT2G32940,451,526,277,338,321,277
AT2G32950,3482,3216,2273,3484,4861,2980
AT2G32960,377,470,232,223,447,156
AT2G32970,2730,2512,1990,2124,3107,1848
AT2G32980,3275,2939,2297,2515,3869,2184
AT2G32990,2232,2677,1765,960,843,690
AT2G33000,55,103,92,117,62,60
AT2G33010,14,9,6,11,0,0
AT2G33040,73920,70986,54623,58381,78455,43705
AT2G33050,69,206,57,37,40,19
AT2G33051,636,500,487,262,438,280
AT2G33060,44,45,31,29,32,22
AT2G33100,26,36,18,43,38,18
AT2G33110,697,546,472,693,852,435
AT2G33120,10606,9780,7249,9555,12539,6686
AT2G33130,6,3,3,9,15,0
AT2G33150,27070,25824,16855,36106,51119,28441
AT2G33170,2972,2846,2007,1646,2386,1797
AT2G33180,332,295,167,186,255,189
AT2G33205,71,70,31,89,49,24
AT2G33210,11099,11093,6418,4351,4534,4375
AT2G33220,12676,13007,10077,11398,15413,7361
AT2G33230,83,88,42,130,183,242
AT2G33240,427,317,261,208,214,188
AT2G33250,919,915,563,913,1427,856
AT2G33255,2306,2367,1699,1954,2514,1279
AT2G33260,197,142,79,32,40,35
AT2G33280,0,0,3,23,22,7
AT2G33290,975,974,618,1122,1289,1062
AT2G33310,4071,3698,2855,8414,8864,4729
AT2G33320,32,36,28,42,30,23
AT2G33330,801,782,675,705,813,598
AT2G33340,16180,14815,10529,19173,20847,16027
AT2G33350,0,8,0,0,9,0
AT2G33360,1447,1345,1037,710,997,680
AT2G33370,22993,22751,17526,20322,21228,13788
AT2G33380,0,0,3,822,1039,361
AT2G33385,178,181,94,163,189,86
AT2G33390,2877,2201,2059,2262,2772,1884
AT2G33400,533,478,353,188,169,72
AT2G33410,9790,9663,5945,6369,7842,8018
AT2G33435,2828,2821,1873,2792,3471,2549
AT2G33450,1661,1750,1390,1830,2421,1309
AT2G33460,424,444,465,118,231,141
AT2G33470,14195,12907,11178,11121,15656,8555
AT2G33480,1170,958,870,866,1348,474
AT2G33490,2620,2561,2104,2215,3217,2038
AT2G33500,500,432,342,306,426,438
AT2G33510,1572,1433,1066,1199,1793,1116
AT2G33520,8,6,3,3,11,0
AT2G33530,1007,946,815,430,551,317
AT2G33540,1910,1850,1174,663,786,592
AT2G33550,826,847,726,591,717,568
AT2G33560,888,913,641,217,291,190
AT2G33570,2004,2022,1282,1461,1327,932
AT2G33580,240,233,212,670,829,477
AT2G33585,1430,1438,1146,2128,2681,1328
AT2G33590,5869,5092,3758,9786,12799,6036
AT2G33600,1993,1981,1442,1477,2021,1339
AT2G33610,2782,2509,1696,3016,3642,3281
AT2G33620,810,828,671,678,791,573
AT2G33630,8354,7742,5539,7533,10072,6698
AT2G33640,521,456,353,430,521,446
AT2G33680,585,528,388,251,258,267
AT2G33685,0,0,0,0,8,8
AT2G33690,0,0,0,20,29,0
AT2G33700,3608,3470,2319,4422,5609,3098
AT2G33710,2453,2166,1435,2248,3597,1999
AT2G33720,101,70,56,111,196,71
AT2G33730,7234,7172,4490,6318,6915,5759
AT2G33735,154,177,158,172,134,99
AT2G33740,2032,1880,1598,1964,2569,1425
AT2G33750,5,3,19,16,19,11
AT2G33760,88,72,41,54,40,30
AT2G33770,10525,11233,7152,4566,5748,3589
AT2G33790,12860,16948,8014,3951,6759,5224
AT2G33793,453,441,278,323,392,207
AT2G33800,2077,1894,1363,1684,2236,1274
AT2G33810,4,8,9,9,0,0
AT2G33815,33,29,37,51,50,26
AT2G33820,692,473,453,757,835,649
AT2G33830,10101,5363,6435,20715,27249,11521
AT2G33835,823,796,465,735,880,762
AT2G33840,5787,5384,4081,6143,6966,5450
AT2G33845,3937,3688,2491,2617,3270,2157
AT2G33847,430,353,310,139,122,102
AT2G33855,137,129,97,185,183,145
AT2G33860,1224,1405,1058,581,827,529
AT2G33880,11,16,8,44,78,55
AT2G33980,434,426,352,524,577,342
AT2G33990,5352,5343,4038,1968,3007,1348
AT2G34000,68,53,46,21,11,15
AT2G34010,295,144,159,18,22,11
AT2G34020,6676,6188,4557,1269,1679,1080
AT2G34030,10,8,8,24,20,16
AT2G34040,7253,6937,5024,6176,7883,5744
AT2G34050,2263,2361,1480,1223,1723,1270
AT2G34060,1076,886,885,213,319,301
AT2G34070,7054,5962,4908,5473,7791,4901
AT2G34080,682,644,462,398,671,403
AT2G34090,896,875,744,878,1043,711
AT2G34100,13,7,5,11,16,7
AT2G34140,653,722,496,1584,1868,1412
AT2G34150,2728,2373,1880,774,1496,995
AT2G34160,2701,2491,1920,2115,2752,1258
AT2G34170,1308,1158,879,478,694,775
AT2G34180,356,564,349,40,61,31
AT2G34185,119,124,111,63,74,37
AT2G34190,2348,2467,1852,682,782,632
AT2G34200,358,289,181,389,422,245
AT2G34220,71,61,33,6,36,17
AT2G34224,10,15,18,6,6,6
AT2G34230,30,40,28,21,31,27
AT2G34238,11,12,5,0,0,7
AT2G34240,78,70,36,33,44,30
AT2G34250,81620,76431,56225,43017,60695,46232
AT2G34260,2196,2238,1433,919,1060,640
AT2G34300,14885,13914,9670,7746,10833,8207
AT2G34310,2787,2525,1773,2218,2608,1416
AT2G34325,326,230,208,146,138,108
AT2G34330,21,12,22,0,2,1
AT2G34340,328,417,204,508,541,434
AT2G34350,1032,830,638,274,327,195
AT2G34355,1818,1688,1301,1265,1438,997
AT2G34357,5718,6057,3610,3194,4024,3614
AT2G34360,40,37,36,62,58,30
AT2G34370,6,12,7,6,3,3
AT2G34380,1063,1004,707,793,1154,849
AT2G34390,107,81,116,22,23,0
AT2G34400,167,189,112,142,159,115
AT2G34410,4976,4623,3064,3980,4831,3643
AT2G34420,8397,9257,5841,4478,6516,2328
AT2G34430,23,37,10,43,79,29
AT2G34450,401,405,331,359,496,292
AT2G34460,535,518,402,1255,1701,750
AT2G34470,10050,8979,6297,6794,8368,5407
AT2G34480,71112,76603,55010,48437,58934,41091
AT2G34490,477,494,492,73,145,77
AT2G34500,3197,3163,1879,5875,6836,5027
AT2G34510,149,155,117,289,319,127
AT2G34520,4413,4236,3202,4217,5293,3276
AT2G34530,122,155,93,176,207,100
AT2G34540,116,134,48,168,143,84
AT2G34560,18930,17067,12835,12322,17253,12404
AT2G34570,1896,1853,1275,1657,1908,1373
AT2G34580,22,38,21,42,32,36
AT2G34585,5604,5098,4269,3916,5649,2654
AT2G34590,15221,15301,12358,16673,20378,13498
AT2G34600,34,40,39,143,175,52
AT2G34610,107,173,103,1944,2914,1294
AT2G34620,8,18,5,0,0,3
AT2G34630,7927,7593,5563,10452,12641,7082
AT2G34640,1100,1116,732,743,964,739
AT2G34650,400,371,220,442,431,302
AT2G34655,31,35,30,5,12,4
AT2G34660,29146,27456,17155,19351,25939,21000
AT2G34670,990,915,798,989,1083,629
AT2G34680,12540,11967,8413,5772,7289,5681
AT2G34690,5502,5007,3857,5965,6876,4386
AT2G34710,4591,4452,3198,2886,3620,3238
AT2G34720,1663,1586,1343,3285,4153,1770
AT2G34730,2150,2190,1431,2439,3200,2082
AT2G34750,7912,7333,4754,9287,11052,11101
AT2G34760,20,9,8,4,9,0
AT2G34770,8469,7322,6174,7660,8297,5355
AT2G34780,1990,1812,1237,1422,1575,1331
AT2G34790,2689,2459,1559,5699,5695,3847
AT2G34810,2425,2928,1408,9773,12305,5483
AT2G34830,2079,1880,1486,1205,1967,1197
AT2G34840,2098,1985,1434,1247,1578,903
AT2G34850,33,25,45,1381,1124,600
AT2G34860,459,443,370,565,607,324
AT2G34880,0,5,0,6,15,6
AT2G34900,2104,2222,1359,2822,3311,2993
AT2G34910,4828,3955,2663,2846,5178,3038
AT2G34920,590,507,393,311,547,509
AT2G34925,8,20,13,0,7,3
AT2G34930,486,589,499,1150,1742,1077
AT2G34940,847,784,596,499,799,426
AT2G34960,1,6,0,2,1,0
AT2G34970,3273,3104,1858,2284,2765,2130
AT2G34980,175,189,131,202,274,189
AT2G34990,13,6,2,10,17,6
AT2G35000,2084,2082,1772,867,1705,744
AT2G35010,3736,3826,2780,2617,3649,2368
AT2G35020,3781,3571,2596,2322,3205,2223
AT2G35030,360,396,251,257,238,347
AT2G35035,746,733,519,551,722,518
AT2G35040,6160,6212,3740,4496,5143,4434
AT2G35050,14124,13517,9215,6751,9090,6019
AT2G35060,4267,3942,2950,3753,5270,3577
AT2G35070,9,0,0,12,14,6
AT2G35100,3039,2803,2011,2238,2837,2135
AT2G35110,6661,6747,4656,4310,5617,4379
AT2G35120,35466,35302,25528,20001,27227,15344
AT2G35130,15,18,3,6,15,7
AT2G35140,294,286,194,169,220,212
AT2G35150,109,168,78,32,32,3
AT2G35155,593,607,416,172,239,143
AT2G35160,656,612,384,377,435,352
AT2G35170,1174,1305,874,922,1220,863
AT2G35190,8565,7631,6088,3135,5048,3557
AT2G35200,195,159,121,324,400,287
AT2G35210,753,817,675,325,370,283
AT2G35230,1846,1892,1320,1085,1454,1016
AT2G35240,4841,5030,3724,5154,5471,4009
AT2G35260,455,646,335,103,246,135
AT2G35270,2106,2259,1493,610,914,608
AT2G35290,69,104,96,346,349,178
AT2G35300,30,35,16,1039,1063,505
AT2G35310,60,48,47,53,39,26
AT2G35320,1945,1901,1317,2679,2686,1677
AT2G35330,5142,5163,3443,3590,5173,3999
AT2G35340,485,507,367,326,368,225
AT2G35343,0,35,33,81,66,0
AT2G35345,61,73,53,135,150,85
AT2G35350,861,931,531,894,1310,1241
AT2G35360,933,826,634,977,1324,737
AT2G35370,24,38,37,11,9,12
AT2G35380,385,362,482,199,172,137
AT2G35382,5,4,2,2,0,2
AT2G35387,3,2,0,1,2,2
AT2G35390,2096,2018,1392,2607,3037,2117
AT2G35410,530,629,428,847,1061,589
AT2G35420,23,23,14,43,32,12
AT2G35430,279,417,272,392,354,237
AT2G35450,962,1010,761,651,778,553
AT2G35470,2425,2455,2065,922,1058,607
AT2G35480,926,800,548,517,820,454
AT2G35490,1986,1912,1525,2477,2861,1677
AT2G35500,431,451,249,379,443,296
AT2G35510,4202,4258,2606,6569,6736,4645
AT2G35520,3117,3061,2367,2664,3447,2089
AT2G35530,2736,2531,1832,1773,2591,1855
AT2G35540,538,518,424,737,861,618
AT2G35550,31,13,7,56,28,23
AT2G35585,651,756,570,1080,1507,668
AT2G35590,3,6,5,3,3,0
AT2G35600,160,205,191,157,185,122
AT2G35605,4882,4893,4303,3162,3599,2004
AT2G35610,23135,22722,17525,10487,16846,13750
AT2G35612,112,78,93,44,29,44
AT2G35620,6083,5950,4315,2285,3145,2271
AT2G35630,13154,12533,8927,11906,15022,11563
AT2G35635,5939,6298,4780,5277,6401,3908
AT2G35637,3,5,4,3,0,6
AT2G35640,5,0,4,0,6,0
AT2G35650,2022,1899,1213,1153,1329,1205
AT2G35658,216,197,156,240,311,291
AT2G35660,150,146,104,171,249,141
AT2G35680,14313,13909,10572,13891,18695,10878
AT2G35690,1793,1718,1176,2641,3115,1876
AT2G35700,39,44,24,158,129,67
AT2G35710,1185,1041,893,1313,1522,828
AT2G35720,1986,1964,1342,1683,2154,1386
AT2G35730,387,359,298,618,681,360
AT2G35733,33,14,27,47,41,17
AT2G35736,848,851,727,1084,1460,731
AT2G35738,569,473,395,532,710,554
AT2G35740,20,29,18,39,16,21
AT2G35742,109,109,80,50,45,29
AT2G35743,79,75,52,41,36,45
AT2G35744,254,209,166,101,107,90
AT2G35750,1093,1006,761,535,609,517
AT2G35760,520,556,413,3238,3535,1704
AT2G35765,3,5,2,6,0,0
AT2G35770,2684,3096,2386,5342,6108,4253
AT2G35780,3578,3647,2833,2064,2924,1697
AT2G35790,4804,4902,3652,4105,4732,3098
AT2G35795,1636,1695,1116,1445,1513,954
AT2G35800,2925,2721,1867,4153,4636,3431
AT2G35810,6367,6024,4409,3921,5642,2764
AT2G35820,0,0,5,7,0,6
AT2G35830,70,29,24,32,29,14
AT2G35840,4629,5253,3884,7363,9216,4805
AT2G35850,1,29,18,2,1,8
AT2G35859,257,296,195,165,150,113
AT2G35860,8428,9052,6042,3595,5005,3059
AT2G35880,8392,7620,6065,2617,4021,2650
AT2G35890,367,363,296,78,112,101
AT2G35900,1566,1494,1216,3510,3641,1892
AT2G35910,1202,1052,908,544,1097,565
AT2G35920,4077,4031,2963,3489,4922,4167
AT2G35930,2088,1826,1186,2262,3382,2155
AT2G35935,9,10,5,19,18,10
AT2G35940,1883,1989,1422,4048,5348,2927
AT2G35945,85,76,67,42,30,26
AT2G35950,16,6,10,214,146,121
AT2G35960,213,202,133,510,481,387
AT2G35970,3,6,0,0,6,4
AT2G35980,754,612,866,641,975,544
AT2G35990,84,73,170,42,35,27
AT2G36000,359,324,244,368,498,313
AT2G36010,1239,1301,841,758,775,600
AT2G36020,10,8,0,0,5,0
AT2G36026,267,141,136,271,325,252
AT2G36030,6,4,4,3,5,4
AT2G36050,294,309,298,143,203,110
AT2G36060,7243,7295,5934,6965,9109,4645
AT2G36070,4925,5193,3607,3856,4512,3377
AT2G36080,4480,3656,2963,4428,6388,4531
AT2G36090,2532,2181,1907,1053,1612,941
AT2G36100,58837,52093,45544,39065,68081,31214
AT2G36110,3,6,8,4,5,3
AT2G36120,23657,20900,14500,6914,10227,3501
AT2G36130,4996,4354,3422,4566,5904,3806
AT2G36145,40,91,41,82,78,45
AT2G36160,42321,39484,33496,36525,42737,28473
AT2G36170,18595,18050,14197,12458,17374,13061
AT2G36180,5,15,9,6,18,13
AT2G36190,0,0,3,0,16,5
AT2G36200,2794,2831,1976,1902,1793,1276
AT2G36210,479,530,367,213,400,217
AT2G36220,1164,1156,914,2553,3306,1732
AT2G36230,1196,1373,980,781,966,760
AT2G36240,1785,1621,1192,1360,1647,1200
AT2G36250,2589,2522,1885,2751,3325,2559
AT2G36255,36,29,25,13,12,0
AT2G36270,125,126,70,695,905,814
AT2G36290,15928,16373,10987,11906,15548,9599
AT2G36295,71,103,89,446,445,342
AT2G36300,3654,3142,2505,1882,2679,1536
AT2G36305,1430,1462,1059,1512,1747,1194
AT2G36307,522,549,547,251,362,206
AT2G36310,15008,14180,10263,8611,11990,5418
AT2G36320,12618,11498,9143,13838,16381,8768
AT2G36330,1796,1640,1444,1420,2320,1174
AT2G36340,1134,1093,824,1094,1534,1057
AT2G36350,1974,1832,1382,2364,3040,2704
AT2G36355,352,257,246,219,270,131
AT2G36360,3175,2936,2223,2873,3896,3018
AT2G36370,1031,948,816,864,1096,823
AT2G36380,57356,54045,37166,30130,40560,33472
AT2G36390,4967,4618,3521,5903,7040,4658
AT2G36400,5799,4814,3639,5499,5669,5113
AT2G36410,9051,8740,6676,2375,4088,2082
AT2G36420,2931,3157,2303,3087,4140,2351
AT2G36430,473,401,270,137,237,104
AT2G36440,2,0,4,1,8,5
AT2G36460,8189,7642,6353,4274,6282,2714
AT2G36470,289,265,254,225,386,263
AT2G36480,2905,2740,1777,2798,3068,2374
AT2G36490,1317,1230,823,1154,1702,1335
AT2G36500,195,166,134,195,250,162
AT2G36530,169367,170413,115571,87682,109138,75354
AT2G36540,4,4,7,7,21,5
AT2G36560,14,19,8,46,85,46
AT2G36570,691,783,536,390,455,452
AT2G36580,21413,21367,14260,15945,19512,12848
AT2G36590,6,7,6,9,0,0
AT2G36620,28159,26374,18710,13041,18432,12811
AT2G36630,174,214,152,918,1030,434
AT2G36640,0,7,0,861,598,372
AT2G36650,559,579,429,1214,1556,687
AT2G36660,54,71,42,48,49,39
AT2G36670,1684,1557,1431,2109,2453,1345
AT2G36680,2548,2435,2128,2999,4159,2039
AT2G36690,710,477,406,198,425,140
AT2G36695,49,45,28,32,29,29
AT2G36710,26,15,17,110,115,89
AT2G36720,3862,3674,2730,3288,4035,3671
AT2G36730,514,566,364,250,296,301
AT2G36740,1248,1146,895,1773,2239,1329
AT2G36770,0,0,0,94,71,37
AT2G36780,10,11,3,1789,1255,842
AT2G36790,0,1,0,9,4,5
AT2G36792,0,1,1,4,3,3
AT2G36800,14,11,9,228,160,64
AT2G36810,7507,6740,5085,6732,9213,6304
AT2G36830,303585,307888,237736,217763,318839,138244
AT2G36835,1579,1609,1352,3542,4117,1906
AT2G36840,843,717,639,1044,1366,900
AT2G36850,14542,13417,9622,12456,16379,12274
AT2G36870,113,162,84,117,143,75
AT2G36880,131535,133409,82647,47003,64130,46811
AT2G36885,3022,3269,2494,2715,3301,1865
AT2G36890,3619,3583,2881,2733,4159,2237
AT2G36895,3711,3434,2899,5393,6822,3566
AT2G36900,3285,3024,2521,4921,6473,4837
AT2G36910,12395,12674,8148,14808,17925,16891
AT2G36920,8,0,0,0,6,4
AT2G36930,7672,7178,5761,13201,13846,10936
AT2G36950,6023,6600,4751,5336,5335,3150
AT2G36960,1650,1505,1118,2120,2254,1669
AT2G36980,189,175,103,88,132,114
AT2G36985,0,4,0,0,0,6
AT2G36990,501,758,496,623,741,492
AT2G37000,25,39,28,20,29,11
AT2G37020,1662,1717,1373,1570,1609,1150
AT2G37025,52,45,24,14,10,7
AT2G37035,2346,2152,1529,2606,3189,2072
AT2G37040,97322,106377,60424,82977,107125,67665
AT2G37050,9655,8316,6667,4144,5031,3634
AT2G37060,1753,1539,1196,3120,3825,2120
AT2G37070,193,172,149,338,337,221
AT2G37080,4463,4205,2961,1986,2563,1841
AT2G37090,2265,2149,1426,2362,2543,1528
AT2G37100,369,309,283,170,298,232
AT2G37110,15270,13998,10685,23851,28886,16183
AT2G37120,5781,4827,4408,4711,6502,3545
AT2G37130,67956,74817,41246,37644,75365,41584
AT2G37150,2344,2144,1768,2926,3935,1982
AT2G37160,3098,3071,2127,2200,2926,2220
AT2G37170,149097,138185,104805,70531,99319,39988
AT2G37180,32893,33463,21171,9663,13613,5943
AT2G37190,27328,27632,19574,20126,23426,17073
AT2G37195,728,596,477,555,782,469
AT2G37200,894,888,758,1187,1394,1022
AT2G37210,210,204,172,190,185,93
AT2G37220,7867,9098,5398,9811,11968,9219
AT2G37230,4286,4784,2512,2301,2399,2377
AT2G37240,390,388,265,1364,1518,769
AT2G37250,17373,16882,10739,13451,17750,12186
AT2G37260,387,405,169,404,369,405
AT2G37270,31095,29561,22879,23615,27644,19585
AT2G37280,425,408,363,175,294,190
AT2G37290,716,661,488,256,643,497
AT2G37300,546,533,393,114,238,136
AT2G37310,359,502,269,142,231,210
AT2G37320,190,212,131,89,117,124
AT2G37330,1029,1021,759,314,426,246
AT2G37340,8463,7883,6248,11204,12835,8720
AT2G37360,246,274,268,547,414,385
AT2G37362,342,367,254,365,347,261
AT2G37370,204,208,167,25,31,18
AT2G37380,525,474,371,76,101,85
AT2G37390,948,941,665,133,177,176
AT2G37400,2077,2027,1345,905,1120,777
AT2G37410,11420,11135,7941,13292,15564,12223
AT2G37420,916,882,723,384,428,296
AT2G37430,682,592,344,573,968,472
AT2G37440,2931,2353,2163,2939,3120,1701
AT2G37450,938,786,884,786,1002,609
AT2G37460,1963,2646,1580,435,673,389
AT2G37470,5249,5538,4255,6960,6680,3725
AT2G37480,9047,8181,6270,8053,10280,6977
AT2G37500,3287,3187,2176,2146,2405,1729
AT2G37510,765,711,625,324,333,229
AT2G37520,2908,2849,1960,4396,4354,2747
AT2G37530,546,641,501,848,1017,634
AT2G37540,1760,1702,1124,760,1085,597
AT2G37550,11187,11565,7847,9490,11457,9505
AT2G37555,125,91,63,54,74,83
AT2G37560,453,396,278,157,172,92
AT2G37570,3926,3600,2540,3192,4096,2861
AT2G37580,475,462,372,329,490,250
AT2G37585,2234,1943,1445,1174,1529,1098
AT2G37590,285,208,248,151,182,173
AT2G37600,5936,5758,4410,4518,5736,3430
AT2G37610,73,56,48,48,31,37
AT2G37620,3280,3367,2503,2379,2840,1918
AT2G37630,1584,1658,1180,1238,1665,1225
AT2G37640,260,191,148,2083,2183,1825
AT2G37650,527,501,395,600,816,539
AT2G37660,918,1071,670,307,502,418
AT2G37670,710,853,549,347,514,409
AT2G37678,1701,1542,1347,1442,1965,870
AT2G37680,1324,1318,969,1500,1712,890
AT2G37690,3546,3686,1955,2802,3180,3250
AT2G37700,373,490,243,139,138,208
AT2G37710,947,990,661,363,492,344
AT2G37750,6057,5129,3678,8029,12483,4715
AT2G37760,3274,3789,2382,6899,8049,4241
AT2G37770,75,123,67,1528,1427,962
AT2G37790,2427,2369,1679,3408,3639,2837
AT2G37805,3,6,0,6,6,0
AT2G37820,478,454,303,20,74,21
AT2G37830,0,8,3,3,17,3
AT2G37840,4151,3967,3336,3764,4970,2624
AT2G37860,5234,5001,3013,2995,3789,3694
AT2G37870,1183,1386,863,16464,16061,10132
AT2G37880,17,21,13,66,86,44
AT2G37890,819,852,528,806,882,622
AT2G37900,7,0,9,11,18,9
AT2G37920,0,246,0,236,338,213
AT2G37925,364,368,286,248,309,151
AT2G37930,358,317,265,128,195,108
AT2G37940,14361,12601,10336,8073,10952,6147
AT2G37950,1243,1224,982,719,1211,437
AT2G37960,336,364,258,67,83,98
AT2G37970,4327,4581,2540,14152,19368,8948
AT2G37975,2715,2598,2385,2147,2875,1275
AT2G37980,1734,1723,974,1182,1673,1433
AT2G37990,8404,8830,6406,6616,7856,5557
AT2G38000,1600,1365,1054,2655,3209,1881
AT2G38010,2504,2544,1543,3738,4574,3021
AT2G38020,4856,4704,3624,4811,6516,4084
AT2G38025,1163,1052,773,826,1188,739
AT2G38040,15743,16002,9980,13502,16372,12963
AT2G38050,2264,2470,2112,1769,2582,1293
AT2G38060,1218,1356,1104,829,935,570
AT2G38070,95,102,63,91,95,63
AT2G38080,8940,8766,5663,11369,13650,8863
AT2G38090,2552,2557,1941,1329,1629,1366
AT2G38100,239,240,152,25,19,25
AT2G38110,135,114,100,246,307,95
AT2G38120,14251,14562,9356,4473,7112,7984
AT2G38130,3617,3471,2639,3973,4631,2540
AT2G38140,2806,2659,2363,2501,3176,1908
AT2G38152,254,247,240,80,100,101
AT2G38160,521,624,339,84,136,76
AT2G38170,5698,5070,4145,1695,2195,1202
AT2G38180,6180,5468,4528,5860,7332,3520
AT2G38185,607,459,411,620,780,456
AT2G38210,271,214,167,863,943,575
AT2G38220,11,13,12,17,15,0
AT2G38230,998,860,761,3552,4076,2492
AT2G38240,102,26,38,1686,1646,659
AT2G38250,129,141,90,1457,1514,831
AT2G38255,12,14,4,24,29,0
AT2G38260,2541,2332,1931,2575,3180,1740
AT2G38270,1685,1724,1180,2223,2817,1713
AT2G38280,11600,12197,8503,10259,12836,9822
AT2G38290,3980,3483,2709,5195,7778,4667
AT2G38300,1225,1072,835,157,310,158
AT2G38310,17124,15366,12487,2757,3853,2395
AT2G38320,2165,2181,1625,854,1069,514
AT2G38330,537,584,481,878,1127,782
AT2G38340,9,11,8,172,161,91
AT2G38360,6447,6078,4718,3567,4753,3405
AT2G38370,732,714,540,672,862,554
AT2G38380,11693,16958,13751,7364,8303,3873
AT2G38390,1264,1230,1225,1142,1476,724
AT2G38400,11365,9965,8749,8182,9574,4444
AT2G38410,4635,4101,3462,7517,9822,5420
AT2G38420,723,582,452,778,849,595
AT2G38430,167,154,126,120,128,136
AT2G38440,5821,5259,3669,3607,4860,4093
AT2G38450,1388,1387,963,1378,1890,1216
AT2G38460,225,200,151,52,51,23
AT2G38465,62,57,42,193,205,75
AT2G38470,2962,2780,1980,8198,11318,6263
AT2G38480,977,945,753,793,908,460
AT2G38490,87,54,49,24,29,14
AT2G38500,1055,1030,781,570,1152,631
AT2G38510,54,44,33,8,8,5
AT2G38520,7,5,6,0,0,0
AT2G38530,35,43,36,891,1026,556
AT2G38540,31,28,26,161,187,77
AT2G38550,5912,5931,4224,4036,5009,3865
AT2G38560,2812,2644,1810,3543,4070,3446
AT2G38570,494,468,357,425,447,256
AT2G38580,3830,3779,2544,1903,2640,1564
AT2G38600,445,573,314,46,86,34
AT2G38610,3264,3452,2356,2025,2447,1586
AT2G38620,1441,1205,1054,454,499,321
AT2G38630,1396,1294,971,885,1192,787
AT2G38640,1395,1430,916,2139,3245,1140
AT2G38646,0,1,0,4,3,2
AT2G38650,9013,7936,5940,3771,5366,3777
AT2G38660,1319,1271,936,1395,1666,1156
AT2G38670,8308,8171,5490,6466,7992,5743
AT2G38680,1109,1030,891,1190,1466,886
AT2G38690,0,6,3,10,0,0
AT2G38695,454,410,363,306,398,318
AT2G38700,25286,24052,19583,20361,28752,16109
AT2G38710,5918,5858,4083,4872,6028,3328
AT2G38720,157,226,116,129,74,64
AT2G38730,2100,1819,1247,1776,1867,972
AT2G38740,4511,4493,2980,4226,5505,2752
AT2G38750,9967,8605,7886,6822,10262,4618
AT2G38760,2980,2536,2313,2657,3663,1525
AT2G38770,4557,4208,2824,5686,6766,6054
AT2G38780,1105,998,829,1139,1532,827
AT2G38790,64,102,96,93,145,58
AT2G38800,9399,8634,6225,6094,7993,4187
AT2G38810,2920,2657,2139,1631,1828,1011
AT2G38820,587,664,499,848,901,528
AT2G38823,168,133,121,57,35,17
AT2G38830,56,63,45,99,134,74
AT2G38840,5811,5186,4040,5021,6594,4143
AT2G38860,6865,7588,5136,4144,6443,3972
AT2G38870,5478,7069,4260,2886,6032,2179
AT2G38880,1968,1661,1513,2771,3337,1626
AT2G38890,3,6,0,14,8,0
AT2G38905,3,0,2,92,94,32
AT2G38920,47,30,32,126,75,82
AT2G38940,4212,4760,2741,3443,6542,3648
AT2G38950,3313,2983,2243,3468,4886,3374
AT2G38960,2940,2580,1883,2045,2638,1967
AT2G38970,1893,1840,1270,1915,2299,1857
AT2G38980,840,752,619,1675,1977,1389
AT2G39000,870,884,751,1137,1553,811
AT2G39010,803,1069,594,138,290,163
AT2G39020,4266,4149,3269,4584,4516,3808
AT2G39040,4832,6166,3671,528,1082,725
AT2G39050,4961,5190,4116,13009,16064,7088
AT2G39080,2732,2786,2058,2499,3231,1922
AT2G39090,1901,1863,1366,1732,2306,1347
AT2G39100,710,587,581,1979,2185,1509
AT2G39110,4789,4680,3170,11500,11748,7566
AT2G39120,404,311,242,285,287,212
AT2G39130,9871,8793,7065,7331,10793,8627
AT2G39140,863,859,624,1084,1019,687
AT2G39170,1567,1452,1246,2039,2365,1277
AT2G39180,1754,1544,946,265,350,419
AT2G39190,2102,2353,1599,2081,2672,2123
AT2G39200,6531,5698,3892,11941,21996,11241
AT2G39210,3525,2956,1880,2588,4416,3666
AT2G39220,173,160,131,75,76,76
AT2G39230,155,197,134,21,30,40
AT2G39240,0,4,0,19,0,7
AT2G39250,0,0,0,14,3,0
AT2G39260,5416,5455,3695,4771,6753,4865
AT2G39270,3180,3115,2333,4443,5491,3062
AT2G39280,3232,3000,2600,1895,2632,1750
AT2G39290,2116,1878,1502,1481,1739,1202
AT2G39300,3215,2947,2102,3672,4988,3403
AT2G39310,1388,1990,1161,317,737,232
AT2G39340,4676,4456,3347,4087,5482,3555
AT2G39350,892,1000,535,10770,10941,7063
AT2G39360,1926,1973,1556,921,1642,767
AT2G39370,509,640,316,845,908,485
AT2G39375,244,182,183,294,327,281
AT2G39380,1091,1080,654,733,1379,607
AT2G39390,16756,17359,13934,13893,14781,8690
AT2G39400,311,255,206,2921,4189,2028
AT2G39410,1928,1794,1369,1021,1936,841
AT2G39420,7766,7953,5785,3120,4555,2010
AT2G39430,25003,23201,18777,19542,33932,14518
AT2G39435,777,631,502,650,919,418
AT2G39440,1036,1068,710,659,671,484
AT2G39445,645,572,506,617,799,459
AT2G39450,3443,3307,2268,4959,5889,4694
AT2G39460,40513,41005,31508,28073,31688,23381
AT2G39470,10,6,23,19,58,23
AT2G39480,3540,3387,2225,1878,2465,1786
AT2G39500,1400,1536,934,1045,1218,764
AT2G39510,4526,6596,3670,21874,24194,11676
AT2G39518,1177,1007,946,800,1597,577
AT2G39530,14617,13597,9998,1376,3745,1614
AT2G39540,0,0,0,0,10,0
AT2G39550,3656,3473,2959,3902,5327,3284
AT2G39560,385,264,251,154,178,146
AT2G39570,8115,7624,6380,3991,4551,3016
AT2G39580,4771,4276,3326,4607,6473,4100
AT2G39620,104,110,99,39,44,52
AT2G39630,3511,3219,2565,3361,4562,2505
AT2G39650,548,556,301,1514,1775,913
AT2G39660,1586,1577,1130,1968,2774,1817
AT2G39670,1639,1754,1087,1259,1408,1223
AT2G39675,1027,1052,701,475,612,403
AT2G39681,1392,1295,1055,1294,1495,997
AT2G39690,539,537,499,192,467,272
AT2G39700,1480,1793,1073,436,439,503
AT2G39705,1525,1306,1203,1695,2418,1246
AT2G39710,451,473,292,1014,1314,921
AT2G39720,3608,3462,2175,3130,4427,3035
AT2G39725,1045,926,758,1940,2463,1245
AT2G39730,1946,2888,1198,1752,2750,1423
AT2G39740,1625,1666,1417,1358,1769,1143
AT2G39750,5058,4745,3397,3106,3847,3084
AT2G39760,4556,4314,2946,5270,6713,4129
AT2G39770,20542,20104,13529,17612,25450,17460
AT2G39780,11398,10320,7402,7008,10897,6420
AT2G39795,1942,1915,1265,747,934,557
AT2G39800,13030,12194,7826,69372,88681,65266
AT2G39805,2462,2122,1647,2713,3683,1979
AT2G39810,3385,3183,2262,3279,4218,3130
AT2G39820,0,6,0,0,6,0
AT2G39830,1168,1093,767,842,1040,692
AT2G39840,2071,1954,1535,2491,3153,1712
AT2G39870,3062,2722,2043,978,1419,1170
AT2G39880,243,266,185,96,82,57
AT2G39890,2218,2264,1668,1270,2175,1261
AT2G39900,9850,8462,6772,2695,3975,2358
AT2G39910,823,778,580,954,921,695
AT2G39920,22,20,34,60,106,83
AT2G39930,1886,1848,1256,1204,1275,1326
AT2G39940,4756,4718,3476,5537,6880,4328
AT2G39950,2634,2691,1946,1869,2442,1595
AT2G39960,9267,9013,6434,6137,8523,5137
AT2G39970,8127,8005,5256,6346,9001,6113
AT2G39980,709,789,527,1393,2959,1942
AT2G39990,13858,12493,9381,13871,16069,12363
AT2G40000,3106,3506,2711,13941,17704,10006
AT2G40008,9,9,12,12,4,2
AT2G40010,1974,2112,1375,1223,1546,1223
AT2G40020,90,54,57,40,35,23
AT2G40030,1176,1214,780,738,1002,974
AT2G40050,8,8,3,6,7,0
AT2G40060,15233,15142,13029,15306,19164,9654
AT2G40070,3971,4109,2669,3182,3919,2878
AT2G40080,2410,2379,1429,6463,7305,3982
AT2G40085,277,183,166,406,477,288
AT2G40090,1537,1402,823,1788,2089,1859
AT2G40095,1078,994,937,1239,1807,805
AT2G40100,127,164,54,275,377,158
AT2G40110,5305,4705,3865,4235,7149,2376
AT2G40113,7021,7083,5714,6090,9542,4432
AT2G40116,17,8,0,13,15,6
AT2G40120,1352,1412,932,578,811,518
AT2G40130,23,28,16,65,48,61
AT2G40140,8208,8649,5766,17504,19286,11871
AT2G40150,1679,1777,1153,474,751,434
AT2G40160,1686,1792,1409,523,798,495
AT2G40165,75,78,51,78,77,58
AT2G40170,5,8,4,304,383,167
AT2G40180,26,46,14,11,27,14
AT2G40190,2485,2230,1673,2416,2811,1712
AT2G40200,206,163,165,200,208,125
AT2G40205,8081,7814,6074,5502,6675,2144
AT2G40230,1215,1229,655,419,705,484
AT2G40240,308,265,189,114,161,143
AT2G40250,236,274,212,8,11,0
AT2G40260,1501,1346,1012,403,703,376
AT2G40270,1436,1541,1094,1513,2347,1167
AT2G40280,2644,2345,1574,1563,2023,1582
AT2G40290,11261,11160,8288,8879,10202,7683
AT2G40300,1704,2049,1357,2402,2324,1551
AT2G40316,4813,4568,3859,3864,4914,3140
AT2G40320,2875,2736,2098,1806,2000,1075
AT2G40330,1493,1326,975,57,98,37
AT2G40340,228,189,136,872,567,318
AT2G40360,14915,15043,9896,10107,11125,9750
AT2G40370,315,323,346,3256,3309,2367
AT2G40380,4618,4219,3261,3510,4608,3249
AT2G40390,25,17,25,24,27,18
AT2G40400,2934,2694,1936,3667,4775,3312
AT2G40410,3293,2847,2381,2585,3380,2047
AT2G40420,2500,2050,1743,2115,2619,1569
AT2G40430,7803,7280,4776,7068,8231,5937
AT2G40450,63,47,69,25,41,17
AT2G40460,329,399,163,1433,2090,1079
AT2G40470,850,838,655,457,573,447
AT2G40475,1415,1188,724,693,992,906
AT2G40480,1910,1778,1433,522,659,496
AT2G40490,2560,2327,1805,1502,2061,1441
AT2G40510,24131,23966,19281,16264,20241,12590
AT2G40520,48,13,31,92,67,49
AT2G40530,195,166,113,216,196,100
AT2G40540,3450,3377,2538,2924,4427,3856
AT2G40550,1638,1480,1198,947,1008,750
AT2G40570,726,843,529,488,552,443
AT2G40590,16591,16270,13401,12388,14863,8470
AT2G40600,3497,3325,2741,2816,3630,2120
AT2G40610,1692,991,1675,1585,3556,1880
AT2G40620,8618,7786,6265,6973,9196,6355
AT2G40630,1520,1409,1169,1219,1707,1192
AT2G40640,1148,1007,775,664,833,522
AT2G40650,3719,3668,2476,3973,4866,3137
AT2G40660,6907,6354,4513,4281,5417,3107
AT2G40670,103,61,58,223,219,118
AT2G40680,0,0,0,10,2,2
AT2G40690,556,500,337,454,448,481
AT2G40700,2986,3079,1975,2367,2557,1761
AT2G40710,82,104,75,83,87,56
AT2G40711,118,98,65,32,53,35
AT2G40715,17,13,0,0,12,6
AT2G40720,270,257,145,115,153,143
AT2G40730,10375,10311,6605,5679,7776,5943
AT2G40750,289,347,176,13,19,12
AT2G40760,998,1025,699,1408,1564,1473
AT2G40765,17352,18639,15228,12932,17471,10351
AT2G40770,1162,1050,763,1465,1693,1294
AT2G40780,621,604,368,634,596,434
AT2G40790,51,53,61,11,42,23
AT2G40800,6423,6131,4141,3660,5308,4019
AT2G40810,804,641,492,701,985,427
AT2G40815,852,847,615,849,901,821
AT2G40820,5247,4571,3736,2580,3825,2095
AT2G40830,2514,2542,1674,3379,4125,3167
AT2G40840,7974,7505,4682,5282,7694,6031
AT2G40850,19,32,26,27,43,11
AT2G40860,1227,1195,895,777,1247,723
AT2G40880,330,325,186,1101,1435,435
AT2G40890,36165,37774,23648,26754,33997,20622
AT2G40900,5374,6230,3531,13205,14619,6886
AT2G40910,0,3,0,12,12,8
AT2G40920,111,177,82,197,161,88
AT2G40925,0,0,4,47,27,11
AT2G40930,2592,2626,1728,2708,2987,2470
AT2G40935,574,498,376,543,587,390
AT2G40940,13394,12416,9960,12594,18341,11937
AT2G40950,3694,3468,2647,3649,4923,3649
AT2G40955,17,6,7,6,10,11
AT2G40960,681,601,493,601,784,513
AT2G40970,5911,5331,3801,2479,3693,2508
AT2G40980,3144,2801,2151,1096,1495,1244
AT2G41000,1055,1059,752,1086,1396,831
AT2G41010,286,405,250,1186,1442,724
AT2G41020,1499,1405,977,1737,1993,1346
AT2G41040,768,727,524,969,1334,753
AT2G41050,1808,1999,1407,1723,2490,1289
AT2G41060,2731,2558,1838,1790,2251,1751
AT2G41070,1241,1168,1088,1804,2267,1652
AT2G41080,517,360,187,329,351,522
AT2G41082,59,51,30,103,81,51
AT2G41090,54,70,47,34,46,17
AT2G41100,744,689,526,5597,6501,4751
AT2G41105,3,4,0,17,29,14
AT2G41110,21833,20786,14869,13478,18351,10573
AT2G41120,100,85,56,91,99,59
AT2G41130,577,573,473,442,495,308
AT2G41140,3401,3280,2366,2758,3746,2133
AT2G41150,2702,2228,1805,2131,2916,1925
AT2G41160,8627,7595,7075,8188,10930,6400
AT2G41170,388,521,286,4181,3841,2219
AT2G41178,39,16,17,16,46,19
AT2G41180,88,102,71,64,91,55
AT2G41190,1152,1073,851,18233,23300,10642
AT2G41200,659,664,472,1269,1314,801
AT2G41210,180,168,101,570,687,256
AT2G41220,48207,50593,30581,30120,45017,34972
AT2G41230,41,14,28,95,112,106
AT2G41240,0,6,6,0,6,0
AT2G41250,2173,1906,1613,5147,6557,3459
AT2G41290,894,791,557,578,861,694
AT2G41300,1136,1364,1092,1001,1052,693
AT2G41310,10970,9425,8297,4966,7576,4422
AT2G41312,296,224,267,78,137,44
AT2G41330,977,836,634,405,467,318
AT2G41340,36,27,39,6,41,5
AT2G41342,74,74,93,116,126,52
AT2G41350,1881,1825,1407,1344,1783,1086
AT2G41370,321,392,205,161,201,75
AT2G41380,9148,8746,6544,7670,12093,5255
AT2G41410,9192,8194,5342,11635,14792,8476
AT2G41420,5068,4408,4242,5355,7066,3529
AT2G41430,30326,28282,24589,42693,55489,27656
AT2G41440,1632,1566,1131,914,972,605
AT2G41445,12,13,0,11,7,8
AT2G41450,326,364,223,112,124,88
AT2G41451,15,10,19,17,10,7
AT2G41460,703,688,482,646,663,459
AT2G41470,0,4,4,6,14,0
AT2G41475,8237,7487,6311,8167,10897,4166
AT2G41480,397,482,371,840,716,424
AT2G41490,3436,2839,2469,2243,2727,1536
AT2G41500,2558,2459,1531,5308,5402,4184
AT2G41505,106,132,97,204,250,119
AT2G41510,52,59,22,5,34,12
AT2G41515,29,30,0,29,15,43
AT2G41520,2142,2274,1401,2534,2731,2123
AT2G41530,8122,8572,6419,7875,9776,5650
AT2G41540,3624,3882,2908,7330,8040,4862
AT2G41550,434,393,318,797,799,621
AT2G41560,6777,6136,4865,3000,4029,3482
AT2G41590,0,0,7,0,6,0
AT2G41600,3002,2773,2215,2715,3095,2159
AT2G41610,108,84,62,86,122,36
AT2G41620,4084,4008,2544,3207,3737,3625
AT2G41630,7739,7611,5154,16792,17901,11375
AT2G41640,1180,1001,746,1525,2056,1071
AT2G41650,5667,5195,3477,4191,5073,2679
AT2G41660,11376,11011,6720,22603,25138,14409
AT2G41670,1099,1004,776,1113,1253,853
AT2G41680,1871,2039,1319,2406,3152,2075
AT2G41690,42,44,37,104,141,82
AT2G41700,3238,3163,2342,5883,6825,4569
AT2G41705,2539,2417,1896,2839,3631,2403
AT2G41710,1142,1138,810,980,1277,940
AT2G41720,626,574,375,576,503,418
AT2G41730,742,710,432,574,769,431
AT2G41740,22565,21135,16037,11244,16214,10472
AT2G41750,136,135,86,125,147,169
AT2G41760,2423,2469,2018,1822,2346,1510
AT2G41770,4567,4250,2708,1579,2108,1797
AT2G41780,2048,2075,1552,1552,2395,1645
AT2G41790,10291,9698,6511,8420,11605,7235
AT2G41800,12716,13020,7884,8378,12758,10104
AT2G41810,2939,2689,2273,8027,13996,9235
AT2G41820,3503,3534,2478,1063,1826,1330
AT2G41830,2907,2788,1894,774,1035,767
AT2G41835,612,576,465,715,839,528
AT2G41840,95510,93108,69181,75253,89746,75572
AT2G41850,5,0,3,3,0,5
AT2G41870,402,384,342,1423,1731,785
AT2G41880,1139,1110,831,2682,3408,1685
AT2G41890,1035,986,783,700,1068,709
AT2G41900,8435,8198,5456,6257,8503,6751
AT2G41905,12,3,7,25,33,4
AT2G41945,1646,1811,1377,2420,2878,2010
AT2G41950,496,462,283,213,277,203
AT2G41960,5786,5523,3464,4439,5515,4506
AT2G41970,4418,4369,2878,1141,2182,1300
AT2G41980,1459,1572,982,1272,1512,1251
AT2G41990,54,67,59,7,13,0
AT2G42005,45,37,12,14,13,6
AT2G42010,4990,5344,3740,4645,6319,4073
AT2G42030,3685,3253,2395,3845,4703,3115
AT2G42040,1395,1402,1024,418,541,422
AT2G42050,23,26,14,0,11,4
AT2G42060,2235,1991,1511,248,555,245
AT2G42065,0,0,0,10,4,11
AT2G42070,2172,2097,1435,1280,1642,1172
AT2G42080,1324,1240,906,1170,1675,912
AT2G42090,5,0,3,3,0,0
AT2G42110,679,790,539,72,57,50
AT2G42120,1539,1441,1216,1484,1565,1034
AT2G42130,700,593,465,670,740,376
AT2G42140,91,92,90,11,8,0
AT2G42150,97,158,85,205,333,154
AT2G42160,2381,2343,1821,2663,3365,2086
AT2G42170,105,110,64,30,23,19
AT2G42190,1920,1944,1424,1275,2168,1240
AT2G42200,27,14,11,16,19,11
AT2G42210,18608,17350,13249,14239,18532,9244
AT2G42220,13,22,6,18,24,11
AT2G42230,6928,7079,5030,4366,5653,4621
AT2G42240,1220,1062,893,1136,1318,836
AT2G42247,1030,1015,923,1305,1585,1057
AT2G42250,45,49,41,53,39,45
AT2G42260,402,437,273,127,178,136
AT2G42270,4535,4164,3126,3869,5267,2556
AT2G42280,856,826,713,627,983,648
AT2G42290,612,522,412,655,829,817
AT2G42300,1250,1211,970,912,973,690
AT2G42310,18501,18250,14717,15855,20620,11439
AT2G42320,2080,2314,1661,533,804,499
AT2G42330,1339,1155,863,929,1320,791
AT2G42340,40,29,31,43,34,17
AT2G42350,1433,1276,892,823,1557,589
AT2G42360,74,70,89,121,225,69
AT2G42365,474,478,399,384,541,419
AT2G42370,150,128,68,42,155,72
AT2G42380,734,649,607,56,65,39
AT2G42390,2741,2202,2117,2032,2931,1468
AT2G42395,169,168,110,79,101,66
AT2G42400,2271,2238,1709,3891,4757,3001
AT2G42430,508,435,333,1456,1687,922
AT2G42440,83,53,54,196,323,223
AT2G42450,680,597,406,968,1198,862
AT2G42470,0,0,0,5,0,6
AT2G42475,5,5,0,6,10,14
AT2G42480,0,3,0,0,14,0
AT2G42485,418,364,251,218,305,174
AT2G42490,31639,31105,20443,18152,23865,16483
AT2G42500,15370,14676,10920,12506,15943,11803
AT2G42510,66,83,59,24,38,25
AT2G42520,5334,5245,3581,4997,6883,4571
AT2G42530,1,1,5,1354,1432,649
AT2G42540,0,0,3,4526,4105,1877
AT2G42560,4,3,0,100,121,68
AT2G42570,14193,12042,10028,9305,13135,9665
AT2G42580,4706,4512,3220,1730,2632,2163
AT2G42590,10407,9710,7928,11142,14300,7886
AT2G42600,3421,3519,2654,3507,4080,2793
AT2G42610,13,0,13,11,6,3
AT2G42620,1687,1505,1123,2776,3053,2313
AT2G42640,671,640,508,558,611,417
AT2G42650,867,830,555,878,815,637
AT2G42660,454,489,338,178,387,266
AT2G42670,2241,2043,1699,2893,3294,2322
AT2G42680,12739,12792,11041,14650,18680,9530
AT2G42690,92,111,85,43,79,27
AT2G42700,2950,2633,1796,3370,4022,3049
AT2G42710,4502,4514,2898,1931,2012,1598
AT2G42720,287,357,191,285,284,278
AT2G42730,117,121,77,59,96,58
AT2G42740,4642,4558,3717,3142,3774,2419
AT2G42750,1570,1654,1146,2633,3892,1950
AT2G42760,788,820,607,644,902,409
AT2G42770,2074,1932,1159,1364,1528,1159
AT2G42780,4072,3557,3134,5472,6977,3975
AT2G42790,8473,8959,6459,18495,24392,13539
AT2G42800,8,9,8,10,13,6
AT2G42810,8130,8268,5738,8529,10194,7842
AT2G42820,340,312,261,494,438,281
AT2G42830,8,11,0,8,15,0
AT2G42840,13,20,31,15,20,15
AT2G42850,3083,2948,2374,1525,2888,1846
AT2G42860,6,2,6,4,5,6
AT2G42865,78,72,60,98,124,68
AT2G42870,815,685,521,431,695,423
AT2G42880,15203,14200,10622,8025,10746,8302
AT2G42890,3076,2884,1945,3830,5972,3183
AT2G42900,294,330,185,100,173,117
AT2G42910,8163,8563,6095,6872,7539,4933
AT2G42920,636,544,472,448,531,393
AT2G42940,4,22,12,27,10,2
AT2G42950,686,589,486,545,709,511
AT2G42955,44,51,34,11,7,10
AT2G42960,835,919,633,371,610,445
AT2G42975,219,202,152,606,705,423
AT2G42980,132,154,113,22,19,24
AT2G43000,72,90,48,25,45,22
AT2G43010,0,0,0,0,3,7
AT2G43020,5464,5434,3765,4801,5609,3787
AT2G43030,1632,1603,1025,1472,1909,1203
AT2G43040,3384,3419,2186,1910,2503,2308
AT2G43050,3144,3428,2375,645,1482,601
AT2G43060,1681,1746,1074,1463,2182,1189
AT2G43070,9180,8855,5991,6474,9207,6069
AT2G43080,4892,4509,3777,5971,7398,4106
AT2G43090,16860,15876,11316,11391,13798,10259
AT2G43100,366,707,409,44,52,16
AT2G43110,3106,3038,2019,1870,1978,1267
AT2G43120,2317,2197,1626,1253,1853,692
AT2G43130,3199,2823,2061,1709,2451,1679
AT2G43137,15,14,14,12,9,6
AT2G43138,16,4,6,4,4,7
AT2G43139,17,9,7,5,5,5
AT2G43140,1076,986,839,14,42,19
AT2G43150,175946,178694,161383,101220,179208,74452
AT2G43160,26292,24943,18380,18136,24543,19819
AT2G43180,510,454,393,644,776,471
AT2G43190,811,737,589,891,1000,711
AT2G43200,950,843,694,444,743,434
AT2G43210,3858,3768,2732,4612,5841,3809
AT2G43220,9,1,8,1,1,1
AT2G43230,197,145,143,133,182,111
AT2G43235,865,718,537,770,963,789
AT2G43240,2688,2645,1949,4278,4197,2693
AT2G43250,729,675,446,684,950,680
AT2G43260,1183,1117,785,1075,1268,992
AT2G43270,3,6,3,6,0,5
AT2G43280,579,491,460,630,830,583
AT2G43290,2232,2221,1477,6831,7455,3854
AT2G43310,135,99,64,112,127,120
AT2G43320,2419,2328,1643,4246,4603,2470
AT2G43330,3029,2785,2112,3040,3985,2126
AT2G43340,8430,7457,5679,8957,11199,5505
AT2G43350,4755,4344,3630,3663,4912,2341
AT2G43360,7876,7374,5132,3076,4231,3230
AT2G43370,915,997,729,1403,1679,1413
AT2G43375,496,533,379,269,301,248
AT2G43390,63,63,62,199,183,123
AT2G43400,1887,1580,1244,1996,2381,1529
AT2G43410,4243,3996,2685,5050,5625,4308
AT2G43420,3748,3702,2684,3064,3538,2486
AT2G43430,2841,2591,1892,2721,3432,1772
AT2G43440,0,0,6,20,5,3
AT2G43445,81,82,61,59,75,46
AT2G43460,43719,42103,33004,31427,39357,22070
AT2G43465,295,240,211,239,308,165
AT2G43470,311,262,286,485,433,288
AT2G43480,1026,1077,627,316,377,332
AT2G43490,5119,4933,3259,4033,5517,4106
AT2G43500,2226,1784,1422,7349,8454,4881
AT2G43510,23,14,19,104,220,74
AT2G43530,54,34,35,10,27,7
AT2G43535,23042,18058,21105,4975,8235,3784
AT2G43540,943,993,767,1637,2305,1419
AT2G43550,162,143,153,34,35,17
AT2G43560,217,184,174,193,224,102
AT2G43570,262,333,202,1150,1984,941
AT2G43580,10,27,16,104,96,82
AT2G43590,15182,14290,8250,6512,14120,6771
AT2G43600,440,519,278,102,176,178
AT2G43610,39601,34304,22428,15773,23305,22210
AT2G43620,251,172,153,136,290,160
AT2G43630,3048,2854,2182,2702,3095,2171
AT2G43640,4177,3753,3032,4102,5280,3060
AT2G43650,6172,6260,4516,4478,5082,4033
AT2G43660,35,46,38,68,58,42
AT2G43670,87,105,89,94,124,72
AT2G43680,17855,16613,13558,15067,19430,12540
AT2G43690,145,133,86,129,190,166
AT2G43700,210,173,139,230,267,192
AT2G43710,10177,9785,6907,5901,8546,6325
AT2G43720,423,368,310,522,558,272
AT2G43745,46,68,38,129,109,43
AT2G43750,12472,11988,8648,11990,15150,9432
AT2G43760,4530,4482,3395,4274,6054,3213
AT2G43770,3164,2950,2092,2597,2979,2101
AT2G43780,3276,3207,2709,2324,2640,1454
AT2G43790,9361,8570,6643,9129,12446,7340
AT2G43800,763,904,616,617,603,504
AT2G43810,4295,4114,3247,2849,3633,1802
AT2G43820,7532,7207,4869,25368,29713,15603
AT2G43830,17,23,20,34,39,37
AT2G43840,644,630,590,459,591,490
AT2G43850,1892,1843,1435,1100,1834,947
AT2G43870,1324,1282,726,2375,3763,3210
AT2G43880,2967,2815,1535,1774,2983,2864
AT2G43890,1130,989,669,3463,6775,4241
AT2G43900,1159,1418,761,951,1281,1298
AT2G43910,23929,23542,15959,15589,20044,11116
AT2G43920,26,23,17,68,79,28
AT2G43930,67,38,37,167,206,156
AT2G43932,21,17,17,10,18,6
AT2G43940,3738,3469,2298,2756,3861,2095
AT2G43945,1512,1482,1021,1500,1895,1049
AT2G43950,3490,3376,2286,3236,3826,2595
AT2G43970,36670,35975,27262,32491,43897,30328
AT2G43980,2552,2637,1722,1952,2437,1679
AT2G43990,467,437,321,316,365,254
AT2G44000,45,62,32,84,117,32
AT2G44010,898,722,684,544,739,374
AT2G44020,788,766,479,850,955,768
AT2G44040,1728,1590,1078,1038,1175,1113
AT2G44050,6294,5843,4137,3739,4349,3302
AT2G44060,27088,26220,18444,28046,34247,19985
AT2G44065,5374,4726,3663,3708,5090,3538
AT2G44080,867,589,814,2290,3496,2287
AT2G44090,5091,4482,3473,3508,4853,3699
AT2G44100,24846,23338,16080,21012,26986,17123
AT2G44110,5917,5812,4450,1370,2905,1438
AT2G44120,29121,28229,20484,24194,26960,18736
AT2G44130,193,145,75,455,443,199
AT2G44140,4534,3885,3154,4947,6406,3861
AT2G44150,2995,2650,2055,3126,3421,2349
AT2G44160,36900,35722,23665,17259,23963,15987
AT2G44170,6,1,0,5,3,1
AT2G44180,3858,3826,2827,3119,4295,3562
AT2G44190,426,452,291,77,80,84
AT2G44195,26,27,34,42,10,9
AT2G44198,3,7,4,0,0,0
AT2G44200,1866,1914,1293,1951,2895,1608
AT2G44210,257,184,154,189,298,175
AT2G44220,0,0,0,5,7,5
AT2G44230,637,704,580,816,1010,625
AT2G44250,15,7,20,3,10,5
AT2G44255,713,556,424,794,892,728
AT2G44260,236,381,165,407,465,364
AT2G44270,1924,2030,1436,2603,2670,1685
AT2G44280,919,779,666,1737,2392,1405
AT2G44290,118,76,54,913,1322,599
AT2G44300,6769,6291,4499,5624,6858,3468
AT2G44310,3515,3187,2659,5042,6238,2710
AT2G44340,119,100,81,43,49,35
AT2G44350,39962,39429,25820,27604,38273,21328
AT2G44360,2283,2185,1847,2286,3241,1702
AT2G44370,1234,1054,804,174,513,234
AT2G44380,2933,2391,1713,1408,2687,1295
AT2G44383,3,0,4,6,0,2
AT2G44390,105,65,48,3,3,5
AT2G44410,3385,3269,2413,5945,7561,5442
AT2G44420,1526,1504,1179,1376,2045,1155
AT2G44430,1572,1563,1166,1543,2109,1323
AT2G44440,1072,1004,855,886,1180,882
AT2G44450,4726,4452,3550,4993,6043,3041
AT2G44460,98,54,104,6376,7010,4597
AT2G44480,420,503,356,914,1527,655
AT2G44490,9230,8846,5985,8052,13954,7855
AT2G44500,7754,8253,5957,4906,6715,4457
AT2G44510,1270,1304,1017,801,959,539
AT2G44520,6602,6463,4465,5231,7263,5289
AT2G44525,2788,2542,1980,3386,4388,2126
AT2G44530,4712,4438,3499,4597,6048,3524
AT2G44578,154,146,81,670,1252,616
AT2G44580,583,565,371,189,264,151
AT2G44581,11,12,16,0,13,7
AT2G44590,0,10,0,0,5,0
AT2G44600,326,292,197,276,374,295
AT2G44610,17262,15453,12992,14091,17527,10743
AT2G44620,12945,11880,9586,10964,14005,7017
AT2G44630,146,147,101,118,121,117
AT2G44640,1410,1371,877,1460,1531,1329
AT2G44650,2976,3286,2473,2581,3256,1972
AT2G44660,3360,2732,2274,1891,2380,2364
AT2G44670,6103,6749,5110,5846,5477,2364
AT2G44680,3945,3650,2836,2740,3536,2158
AT2G44690,273,289,237,90,65,56
AT2G44700,114,103,97,144,102,70
AT2G44710,4368,4314,2857,5196,6483,4883
AT2G44730,2530,2326,1639,2325,3148,2158
AT2G44735,14,20,12,15,21,17
AT2G44740,2805,2249,2177,966,1670,924
AT2G44750,827,743,615,985,1210,825
AT2G44760,1554,1543,1058,1065,1620,927
AT2G44770,6576,6139,4655,5086,6340,4481
AT2G44780,12,6,13,11,15,6
AT2G44790,126700,116428,104210,70352,114197,49143
AT2G44798,144,129,166,199,206,123
AT2G44800,3,0,0,10,0,2
AT2G44820,1936,1832,1305,2591,3233,2040
AT2G44830,1072,1110,692,602,718,679
AT2G44840,39,49,38,148,87,65
AT2G44850,429,424,277,484,619,435
AT2G44860,8097,8026,5775,6266,7109,5442
AT2G44870,1557,1630,1164,2123,2519,1468
AT2G44880,143,157,114,62,93,61
AT2G44890,0,0,0,8,8,3
AT2G44900,1619,1441,1061,1837,2410,1673
AT2G44910,109,77,56,196,264,159
AT2G44920,0,5,4,10,0,0
AT2G44930,3,10,0,15,8,10
AT2G44940,1568,1338,952,2222,2108,1213
AT2G44950,2984,2732,2077,3292,3966,2593
AT2G44970,4011,3727,2534,6165,7193,4296
AT2G44980,1246,1199,837,1252,1593,1126
AT2G44993,2,7,2,3,3,6
AT2G44995,83,67,60,120,114,67
AT2G45000,3351,3335,2315,3871,4089,3902
AT2G45010,5920,5385,4211,5052,6612,3436
AT2G45023,291,281,218,536,616,392
AT2G45030,6316,6656,4142,4386,5003,4710
AT2G45040,636,716,468,351,544,299
AT2G45050,5259,4774,3155,13880,15065,11872
AT2G45060,3451,3512,2317,2541,3485,2165
AT2G45070,25459,24432,20476,14121,19182,10649
AT2G45080,443,327,232,18,30,40
AT2G45100,429,404,293,324,349,253
AT2G45120,174,186,123,65,130,66
AT2G45130,19,24,0,5,14,7
AT2G45140,11283,10729,8569,9919,12938,7454
AT2G45150,708,611,455,515,681,551
AT2G45160,5837,6023,3934,3781,4824,4162
AT2G45170,8936,8545,7438,10977,15706,5740
AT2G45180,10780,6623,7150,96,143,61
AT2G45200,4964,4839,3788,5550,6564,4666
AT2G45210,806,756,717,1007,1163,516
AT2G45220,22501,27956,11847,11577,25342,12987
AT2G45240,5460,5360,4042,5512,6946,3790
AT2G45243,2,3,2,2,4,0
AT2G45245,1010,916,793,1012,1245,605
AT2G45250,2270,2136,1579,2316,3190,2055
AT2G45260,3517,3497,2253,2700,3430,2657
AT2G45270,672,645,513,702,829,527
AT2G45280,734,779,531,543,639,464
AT2G45290,22801,22339,14212,7179,9874,7043
AT2G45300,15367,15768,10400,10646,14377,8899
AT2G45310,1796,1585,1279,536,725,500
AT2G45315,461,386,341,609,735,441
AT2G45320,830,657,541,1173,1291,824
AT2G45330,4800,4567,2973,4129,5675,3454
AT2G45340,1835,1576,1265,1488,1679,1681
AT2G45350,11,0,6,1,4,3
AT2G45360,182,193,137,96,178,79
AT2G45380,4734,4356,3859,4246,5770,2828
AT2G45400,5270,5255,2972,2545,3714,2693
AT2G45420,306,285,215,453,505,354
AT2G45430,8814,8287,6743,5783,7487,6060
AT2G45440,3942,3852,2395,4253,4877,4301
AT2G45450,425,389,313,1793,1437,643
AT2G45460,487,529,291,382,532,367
AT2G45470,28091,26242,20682,5906,6671,4362
AT2G45480,716,694,507,563,560,406
AT2G45490,710,611,420,846,964,634
AT2G45500,1868,1657,1311,2508,2897,1613
AT2G45510,3167,2846,2461,1727,3079,1711
AT2G45520,3172,3162,2478,3649,4363,2146
AT2G45530,849,725,545,622,855,395
AT2G45540,16194,15881,10080,8388,11482,9280
AT2G45560,32,33,29,73,40,40
AT2G45570,3,0,0,13,10,0
AT2G45590,1023,973,722,418,458,473
AT2G45600,17,20,14,39,25,11
AT2G45620,4731,4455,3147,5564,6529,5554
AT2G45630,391,342,270,473,680,317
AT2G45640,6374,5943,5076,6288,7066,4584
AT2G45660,378,371,321,734,925,490
AT2G45670,13720,12838,9865,12712,17026,11427
AT2G45680,886,800,644,1205,1073,917
AT2G45685,61,42,59,78,83,42
AT2G45690,1161,1106,905,1438,1644,1227
AT2G45695,1607,1636,1330,2127,2464,1108
AT2G45700,3186,2866,1927,2614,3048,2072
AT2G45710,3368,3555,2783,4518,4583,2805
AT2G45720,3389,3408,2342,1792,2612,1399
AT2G45730,4790,4976,3537,5294,5499,4159
AT2G45740,52,61,73,97,156,47
AT2G45750,11882,12016,7817,4114,7365,5119
AT2G45760,37,29,17,58,94,31
AT2G45770,1108,1017,815,1058,1366,747
AT2G45780,3,11,13,0,2,0
AT2G45790,16793,15778,10992,12441,15267,10556
AT2G45810,7733,7423,5362,5019,6926,4214
AT2G45820,21340,17455,14829,34853,50538,21961
AT2G45830,1873,1626,1399,2345,2944,1708
AT2G45850,19,26,17,0,14,22
AT2G45860,2262,1951,1605,1799,2334,1115
AT2G45870,600,524,469,237,310,227
AT2G45880,1646,1601,1165,1742,2336,2035
AT2G45890,2242,2216,1322,455,862,481
AT2G45900,218,200,125,204,211,112
AT2G45910,2266,2100,1430,1895,2564,1767
AT2G45920,1709,1724,1404,1996,2854,1464
AT2G45930,31,17,15,15,7,13
AT2G45940,7,0,9,0,10,3
AT2G45950,1341,1295,1078,2695,2984,1715
AT2G45960,249981,215415,177568,294105,415759,198391
AT2G45970,618,670,503,4549,4497,2636
AT2G45980,3917,3527,2497,6456,7847,4573
AT2G45990,3051,2886,2145,3966,4798,2669
AT2G46000,4633,4291,3013,2516,3605,2330
AT2G46020,7177,6563,4460,6254,8089,7584
AT2G46030,4979,4350,3498,9840,11799,4398
AT2G46040,1094,1245,682,793,1062,874
AT2G46050,32,16,11,10,15,12
AT2G46060,1652,1796,1308,1224,1584,1061
AT2G46070,145,109,65,238,279,129
AT2G46080,1933,1842,1254,2757,3513,1909
AT2G46090,1717,1457,1098,1734,1968,1231
AT2G46100,1869,1545,1272,1765,2859,1136
AT2G46110,332,294,219,191,254,186
AT2G46130,24,17,13,133,138,65
AT2G46140,14263,14232,11002,9088,12248,5697
AT2G46150,1334,1307,883,132,272,201
AT2G46160,260,278,265,159,220,117
AT2G46170,8778,8604,6353,7414,9834,5332
AT2G46180,2556,2638,1767,1758,2313,1641
AT2G46192,82,85,66,102,106,78
AT2G46200,1702,1408,1095,1670,1958,1520
AT2G46210,162,267,302,32,49,81
AT2G46220,866,730,545,758,1033,486
AT2G46225,5530,4887,3998,3276,4250,2653
AT2G46230,5208,5421,3662,5703,6002,4597
AT2G46240,904,832,636,856,1077,916
AT2G46250,14,16,5,16,17,17
AT2G46260,6469,6017,4457,9396,11648,7426
AT2G46270,2241,2415,1660,7266,8414,5099
AT2G46280,19081,17068,12595,17657,19892,12910
AT2G46290,1501,1599,1037,1084,1155,804
AT2G46300,27,26,21,38,48,17
AT2G46310,217,173,158,109,120,73
AT2G46320,966,844,664,1151,1360,852
AT2G46330,19985,19895,16655,7394,11560,6706
AT2G46340,6677,6321,3817,8445,9818,7906
AT2G46360,3,3,5,3,3,0
AT2G46370,12670,11480,8642,12974,18118,11388
AT2G46380,314,274,233,190,164,188
AT2G46390,9152,8889,7424,5500,9454,5488
AT2G46400,26,27,23,739,830,455
AT2G46410,1096,1109,887,1606,1915,1077
AT2G46420,1288,1619,899,1728,2864,2034
AT2G46430,1191,1219,773,582,1138,580
AT2G46440,253,254,166,148,284,254
AT2G46450,3851,3256,2836,3595,5552,3936
AT2G46455,43,25,30,8,13,4
AT2G46470,4983,4497,3268,4061,4750,3712
AT2G46480,54,64,47,14,17,11
AT2G46490,8504,7721,5396,6241,7871,7876
AT2G46494,5,0,0,28,20,16
AT2G46495,884,921,492,241,550,290
AT2G46500,7265,6902,4395,7470,9569,6144
AT2G46505,10811,11351,8307,7410,10021,6960
AT2G46510,215,217,151,288,336,225
AT2G46520,5170,5210,3230,4541,5369,4481
AT2G46530,149,166,122,69,126,100
AT2G46535,1374,1591,1356,416,438,296
AT2G46540,10232,10466,8511,8535,10924,5295
AT2G46550,2828,2906,2057,2567,3772,2223
AT2G46560,7097,6681,4566,4673,6014,4582
AT2G46570,593,721,539,53,32,26
AT2G46572,337,260,216,388,406,226
AT2G46580,1079,1114,880,1662,2023,1010
AT2G46590,1130,1012,801,2166,2421,1373
AT2G46600,1596,1548,1162,3103,3475,1617
AT2G46610,349,350,254,437,420,251
AT2G46620,2691,2659,1828,1158,1831,1293
AT2G46630,1156,1748,1052,824,972,609
AT2G46640,0,0,0,3,16,6
AT2G46650,768,1423,668,200,216,130
AT2G46660,18,34,13,11,13,8
AT2G46670,111,64,103,324,344,132
AT2G46680,730,683,470,14537,19017,8943
AT2G46685,11,11,7,7,14,6
AT2G46690,2238,2252,1651,3736,4294,2312
AT2G46700,2571,2480,1784,3096,3676,2383
AT2G46710,2859,2561,1778,1932,2204,1396
AT2G46720,5,4,3,62,68,31
AT2G46730,199,177,155,283,402,221
AT2G46735,274,293,254,398,460,334
AT2G46740,11449,9327,6226,8547,14255,8078
AT2G46750,703,587,517,1275,2228,1219
AT2G46760,797,760,477,1130,1173,679
AT2G46770,11,26,8,0,4,8
AT2G46780,4381,3724,3154,512,902,662
AT2G46790,591,588,342,1011,1243,646
AT2G46800,14184,13786,9846,15394,20313,12444
AT2G46810,311,256,242,244,424,251
AT2G46820,702,810,502,738,1110,512
AT2G46830,1391,1416,1030,5990,7055,3387
AT2G46840,8,11,8,12,10,13
AT2G46850,564,513,373,278,306,305
AT2G46860,863,1093,576,122,230,167
AT2G46890,6594,6015,5367,1283,2023,1156
AT2G46900,4670,4506,3418,6375,8177,5947
AT2G46910,877,791,729,1342,1642,917
AT2G46915,2384,2123,1508,2377,3007,2160
AT2G46920,3054,3170,2176,2156,3486,2605
AT2G46930,4035,4042,3133,3596,5032,3026
AT2G46940,363,336,303,353,728,275
AT2G46950,372,484,276,1958,2073,1526
AT2G46970,104,85,71,110,178,103
AT2G46980,882,889,676,436,530,348
AT2G46990,73,59,52,42,67,70
AT2G46995,7,9,12,17,9,7
AT2G47000,37056,35606,22810,19879,29519,22184
AT2G47010,377,322,236,49,60,50
AT2G47015,48,58,51,20,36,29
AT2G47020,1552,1496,1067,2518,2632,2041
AT2G47060,4962,4793,3811,6050,8635,4438
AT2G47070,7691,7473,4949,7060,8532,6966
AT2G47090,1339,1383,1013,1327,1493,1175
AT2G47110,49597,50137,41710,34859,46084,26967
AT2G47115,0,11,0,0,0,0
AT2G47130,2230,2107,1704,1485,2279,1170
AT2G47140,4514,3931,2401,2070,3951,3269
AT2G47150,6,6,0,8,4,6
AT2G47160,8148,7133,6409,9506,11634,8025
AT2G47170,45110,45390,33809,29977,36269,21719
AT2G47180,117,114,82,520,521,261
AT2G47190,8,0,12,178,165,148
AT2G47200,88,63,80,28,21,6
AT2G47210,3464,3246,2295,2960,3915,2172
AT2G47220,279,222,175,209,239,172
AT2G47230,529,471,333,347,445,335
AT2G47240,1045,1048,704,2015,3176,2402
AT2G47245,16,20,5,5,18,12
AT2G47250,5143,5008,3239,5155,5723,6074
AT2G47260,171,170,116,1793,2428,1523
AT2G47270,4154,3664,3040,5270,7481,3235
AT2G47275,37,48,29,125,192,101
AT2G47300,458,453,310,296,301,328
AT2G47310,1097,1157,792,1285,1472,992
AT2G47320,12890,11490,9606,6515,9167,5034
AT2G47330,2589,2466,1558,2520,3052,2251
AT2G47350,1822,1801,1404,2761,3159,1987
AT2G47360,4982,5137,3519,1551,2618,1793
AT2G47370,601,603,446,308,318,182
AT2G47380,11987,10445,8543,7194,12154,5903
AT2G47390,11529,12330,7821,10233,12905,9755
AT2G47400,1259,1630,899,2368,3647,2210
AT2G47410,4203,4041,2763,3954,5235,3741
AT2G47420,2529,2609,1611,3917,4175,3920
AT2G47440,3581,3117,2324,978,1579,1365
AT2G47450,569,620,349,649,1125,777
AT2G47460,1399,1304,742,6386,6957,4112
AT2G47470,42627,39616,31170,21360,29459,16200
AT2G47480,117,93,83,82,95,75
AT2G47485,2935,3003,2217,3893,5445,3447
AT2G47490,5163,4860,3491,3144,4703,2652
AT2G47500,8068,8786,6170,3246,4338,3062
AT2G47510,31045,29335,20556,22770,30769,19428
AT2G47520,118,81,51,67,137,77
AT2G47530,2024,1890,1436,709,1333,747
AT2G47540,8151,7611,5976,3467,6645,2872
AT2G47550,3931,3423,2134,250,466,347
AT2G47560,277,292,211,11,8,6
AT2G47580,4783,4472,3475,4111,4830,3099
AT2G47590,2774,2807,1827,1361,1815,1578
AT2G47600,4279,4261,3004,7608,10909,8161
AT2G47610,63826,63807,46666,49788,59547,49404
AT2G47620,1631,1566,1202,1619,1967,1239
AT2G47630,2197,2671,2162,5568,7648,3437
AT2G47640,4361,4291,3908,3539,4296,2578
AT2G47650,26472,26189,18011,22518,35911,20891
AT2G47670,91,94,57,36,57,50
AT2G47680,693,792,510,393,441,358
AT2G47690,12782,12294,9694,9764,13372,7313
AT2G47700,6646,6066,5058,7507,9562,6024
AT2G47710,4245,4240,2898,8429,11187,5856
AT2G47730,256704,224949,182653,243554,324299,171337
AT2G47750,18,1,6,31,19,42
AT2G47760,3371,3265,2669,3262,3867,2794
AT2G47770,42,62,25,17495,18477,7951
AT2G47780,0,4,4,192,150,97
AT2G47790,2620,2713,1916,2771,3125,2455
AT2G47800,6813,6702,4104,10765,13536,12407
AT2G47810,239,277,203,104,145,42
AT2G47820,360,303,219,507,671,472
AT2G47830,2662,2383,1813,2008,2463,1720
AT2G47840,2062,2348,1641,2143,2217,1606
AT2G47844,4,23,5,9,7,8
AT2G47850,2600,2678,1948,3560,4101,2846
AT2G47860,1678,1462,1300,851,1010,628
AT2G47870,0,0,0,59,53,23
AT2G47890,6924,6830,4578,10489,12070,7346
AT2G47895,79,85,83,157,168,66
AT2G47900,6216,5789,4361,5843,7021,5073
AT2G47910,73,57,56,71,86,35
AT2G47920,72,90,57,28,22,6
AT2G47930,2077,2052,2133,490,697,457
AT2G47935,31,32,39,28,37,12
AT2G47940,3079,3063,1999,2143,2400,2031
AT2G47950,0,3,3,58,47,21
AT2G47960,8774,7949,5866,9278,10929,8101
AT2G47970,5985,6454,4006,6718,8611,6228
AT2G47980,8030,7658,5109,5330,7194,5541
AT2G47990,3154,3455,1958,2524,2931,2818
AT2G48000,865,820,584,813,1210,882
AT2G48010,1293,1092,819,1345,1708,1404
AT2G48020,11702,10279,8410,10339,13513,9282
AT2G48030,4651,4526,3761,961,1329,772
AT2G48060,5712,5652,3876,4619,6281,4558
AT2G48070,894,875,603,642,784,564
AT2G48075,60,47,29,76,53,38
AT2G48080,3480,3692,3393,165,264,152
AT2G48090,22,46,24,185,108,67
AT2G48100,7563,7079,5671,9650,10748,8600
AT2G48110,3178,3439,2297,2752,3352,2837
AT2G48120,828,729,628,712,916,618
AT2G48121,31,35,58,129,119,29
AT2G48130,8883,11101,8478,12282,14558,8223
AT2G48140,2732,3066,2728,7337,7974,3804
AT2G48150,72,73,45,129,139,65
AT2G48160,5521,5374,3616,5602,7264,6161
AT3G00170,201,151,192,3,22,13
AT3G00200,0,6,0,4,6,0
AT3G00210,2,4,4,12,7,27
AT3G00260,1295,1581,1149,198,239,184
AT3G00300,13,59,57,49,69,40
AT3G00330,3,0,0,41,33,11
AT3G00340,13,18,17,23,23,9
AT3G00350,5,6,0,0,3,0
AT3G00400,100,71,41,19,54,16
AT3G00410,3,3,2,3,4,2
AT3G00440,3,0,0,8,5,3
AT3G00460,0,7,5,3,3,0
AT3G00480,4,5,2,0,4,4
AT3G00490,117,85,95,200,276,124
AT3G00510,25,7,12,28,29,13
AT3G00550,1,5,1,3,1,0
AT3G00560,9,5,0,3,7,1
AT3G00580,125,137,91,66,83,71
AT3G00590,318,301,298,186,231,119
AT3G00650,189,247,179,237,178,86
AT3G00660,115,93,71,78,74,71
AT3G00680,76,41,31,15,24,21
AT3G00700,3,7,0,0,0,2
AT3G00720,251,180,142,204,233,125
AT3G00740,117,69,111,66,154,51
AT3G00750,8,14,0,0,0,0
AT3G00770,9,0,21,0,0,8
AT3G00780,17,19,14,17,13,16
AT3G00790,45,25,34,6,29,5
AT3G00800,0,3,2,8,3,3
AT3G00810,110,84,60,166,227,95
AT3G00830,5,10,4,9,7,6
AT3G00880,319,301,314,606,581,447
AT3G00890,0,0,0,11,17,8
AT3G00900,14,0,0,6,9,15
AT3G00910,336,232,218,59,65,42
AT3G00940,2,0,0,10,8,2
AT3G00950,7,6,0,0,0,0
AT3G00970,0,0,0,7,0,3
AT3G00980,6,5,0,4,6,1
AT3G00985,2,2,5,1,2,1
AT3G01005,3,1,2,2,2,1
AT3G01015,19,24,12,0,6,0
AT3G01035,57,56,60,65,94,50
AT3G01040,3848,3641,2487,2365,3312,2683
AT3G01045,63,40,38,103,94,42
AT3G01050,3041,2929,2288,2616,3476,2438
AT3G01060,127,100,53,238,255,171
AT3G01065,22,17,13,101,117,108
AT3G01070,561,548,472,258,335,242
AT3G01080,31,33,10,15,5,0
AT3G01090,6984,6693,5256,5317,6994,4468
AT3G01100,4715,4525,3414,7062,8733,5347
AT3G01105,30,0,24,24,18,12
AT3G01115,18,14,10,6,0,3
AT3G01120,49325,47069,30747,16002,20015,15610
AT3G01130,10359,9833,8151,6081,8697,4839
AT3G01140,7,9,0,5,0,0
AT3G01142,288,311,197,144,224,173
AT3G01145,1,1,1,4,3,1
AT3G01150,3906,3779,3058,3457,4523,2834
AT3G01160,3001,2943,1818,2051,2626,2104
AT3G01170,1635,1544,1160,2047,2915,1780
AT3G01175,140,120,75,19,64,15
AT3G01180,2110,2109,1094,1276,1664,1579
AT3G01190,83347,69421,53659,22009,40094,21370
AT3G01200,2469,2509,1696,2634,3520,2318
AT3G01202,155,133,103,89,169,83
AT3G01205,446,401,449,532,591,203
AT3G01210,343,404,336,558,599,312
AT3G01220,5527,5001,3636,1542,2778,1745
AT3G01235,2,6,3,0,2,4
AT3G01260,3339,3760,2787,71,102,37
AT3G01280,51318,49717,35267,31775,43007,28679
AT3G01290,15444,12016,10585,8151,11328,5315
AT3G01295,3,6,9,2,0,0
AT3G01300,2947,2700,2242,2428,3109,2346
AT3G01310,3778,3613,2806,3025,3620,2660
AT3G01311,10,5,0,8,9,6
AT3G01316,3,5,1,2,2,1
AT3G01320,3212,3113,2159,2894,3887,2557
AT3G01330,1036,1161,822,877,950,500
AT3G01335,14,14,11,17,9,7
AT3G01340,6503,6200,4884,6092,7175,4678
AT3G01350,666,727,460,540,900,429
AT3G01360,3711,3451,2501,2398,3452,2312
AT3G01370,1722,1485,1147,2149,2622,1936
AT3G01375,19,11,6,0,10,7
AT3G01380,4705,4500,3535,3069,4184,3125
AT3G01385,3,2,6,4,11,0
AT3G01390,10460,9743,8242,11054,13960,6526
AT3G01400,2056,2169,1587,1751,2397,1490
AT3G01405,21,24,13,23,31,9
AT3G01410,1411,1168,885,700,725,417
AT3G01420,28268,33079,19154,78387,129962,48869
AT3G01430,435,453,285,693,811,545
AT3G01435,1590,1363,1069,1410,1733,810
AT3G01450,868,794,687,694,842,496
AT3G01455,0,0,6,24,26,12
AT3G01460,3197,3009,2144,2862,3532,2913
AT3G01470,21489,20521,15310,16413,22555,13184
AT3G01475,19,21,17,19,33,16
AT3G01480,712,863,542,832,1138,713
AT3G01490,124,140,86,620,858,497
AT3G01500,0,0,2,16,13,15
AT3G01505,17,20,20,13,13,5
AT3G01510,855,718,565,888,957,627
AT3G01513,2510,2264,1760,1194,1850,831
AT3G01515,122,127,131,269,331,86
AT3G01516,1325,1285,1080,1108,1684,1010
AT3G01520,7048,6655,5521,6115,7220,3540
AT3G01540,30556,30331,23397,36186,47178,35659
AT3G01545,4,5,1,2,4,5
AT3G01560,2839,2653,2303,2833,3731,2593
AT3G01570,125,144,105,117,135,98
AT3G01572,17,4,9,7,8,5
AT3G01580,150,144,42,35,67,92
AT3G01590,3889,4109,2697,7853,9758,5999
AT3G01600,56,94,36,80,88,67
AT3G01605,5,6,0,5,6,2
AT3G01610,2151,1811,1312,2173,2378,1899
AT3G01620,0,0,10,0,16,10
AT3G01630,11,11,5,24,0,4
AT3G01635,19,0,7,0,10,0
AT3G01640,4092,3761,2761,4116,4922,3348
AT3G01650,3622,3542,2556,4514,4723,2611
AT3G01660,6,5,0,3,0,3
AT3G01670,2906,2960,2001,3148,3392,2260
AT3G01680,2760,3072,1904,2726,2796,1783
AT3G01690,5847,5637,4926,2497,3407,2039
AT3G01695,2,2,1,3,4,1
AT3G01700,18,3,6,20,25,9
AT3G01710,512,467,359,101,122,100
AT3G01715,6,4,5,6,6,1
AT3G01720,14927,15003,9817,6261,10047,7778
AT3G01730,445,461,428,21,60,47
AT3G01740,4587,4757,3553,4050,4869,3176
AT3G01745,0,0,0,0,17,7
AT3G01750,790,765,599,1022,1342,832
AT3G01760,330,284,211,14,13,0
AT3G01770,3070,2701,1944,2842,3525,2921
AT3G01780,10921,9797,6699,7328,9292,7240
AT3G01790,5801,5271,4074,4620,5170,3733
AT3G01795,36,42,26,79,103,52
AT3G01800,2395,2522,1712,1418,1482,901
AT3G01810,3427,3798,2471,1554,2270,1760
AT3G01820,3019,3161,2127,6245,7124,4761
AT3G01830,12,21,14,189,271,191
AT3G01835,3,0,3,3,1,0
AT3G01840,421,374,283,92,108,147
AT3G01850,907,880,679,891,1127,568
AT3G01860,551,594,521,356,497,287
AT3G01865,18,4,8,15,20,4
AT3G01870,0,3,0,4,0,3
AT3G01890,680,577,417,623,707,471
AT3G01895,3,10,12,6,8,12
AT3G01900,246,231,151,233,312,280
AT3G01910,12529,13238,9166,10139,13180,8131
AT3G01920,402,287,227,350,513,369
AT3G01930,4264,4484,3142,1699,2214,1578
AT3G01935,8,18,7,22,10,11
AT3G01940,251,246,166,268,248,145
AT3G01945,4,3,0,5,3,0
AT3G01950,3889,4419,3404,2403,3513,2038
AT3G01960,236,313,166,235,225,113
AT3G01970,336,264,299,1248,1978,1210
AT3G01980,1890,1692,1310,1433,2100,1321
AT3G01990,173,195,176,303,499,306
AT3G01995,25,50,33,15,28,14
AT3G02000,81,63,60,66,46,74
AT3G02010,222,105,110,129,121,126
AT3G02015,4,5,2,7,4,3
AT3G02020,188,493,205,27,29,0
AT3G02025,6,8,12,9,13,4
AT3G02030,817,830,731,360,640,267
AT3G02035,3,4,2,0,1,1
AT3G02040,1604,1561,1138,2927,2784,1673
AT3G02050,1465,1576,912,702,922,891
AT3G02060,666,706,437,520,565,518
AT3G02065,1204,1208,873,1131,1441,1233
AT3G02070,2221,1939,1718,2723,3430,1668
AT3G02075,3,4,4,3,7,2
AT3G02080,42376,40644,30649,38570,43317,30170
AT3G02085,1,6,4,8,5,4
AT3G02090,66174,67266,43089,48577,62883,45337
AT3G02095,3,3,2,1,3,2
AT3G02110,150,181,119,124,151,157
AT3G02115,1,2,3,2,3,1
AT3G02120,1645,1567,1349,146,198,125
AT3G02125,4,3,6,0,0,0
AT3G02130,1687,1408,1199,1434,1791,1263
AT3G02140,1947,1922,1365,1311,1354,732
AT3G02150,16,19,14,112,128,54
AT3G02160,330,257,233,381,379,279
AT3G02165,6,6,4,3,2,1
AT3G02170,4148,3459,2629,3352,4347,3611
AT3G02180,6903,6370,5181,5190,6902,4173
AT3G02190,4707,5049,3611,4806,6007,2744
AT3G02200,11775,10688,8319,14148,16169,10879
AT3G02205,5,4,3,3,2,3
AT3G02210,349,289,298,322,394,292
AT3G02215,8,11,3,3,5,4
AT3G02220,5150,4838,3700,6470,7376,4757
AT3G02225,6,3,3,3,2,1
AT3G02230,99723,90774,67110,37415,55476,36581
AT3G02240,1329,1245,731,351,883,432
AT3G02242,321,263,234,74,157,62
AT3G02245,519,523,439,504,597,375
AT3G02250,3063,3049,2252,1297,2022,1339
AT3G02260,18096,17353,12148,23883,29494,24066
AT3G02270,3,5,5,0,0,0
AT3G02275,5,3,6,10,6,3
AT3G02280,2173,2125,1507,2623,2882,1942
AT3G02290,2284,2188,1474,1400,2020,989
AT3G02295,5,0,8,2,0,0
AT3G02300,5604,4850,3949,6965,8891,5073
AT3G02305,6,5,2,2,3,4
AT3G02310,0,0,0,8,0,3
AT3G02320,2324,2318,1517,2081,2637,1846
AT3G02330,192,197,88,64,95,78
AT3G02340,1694,1591,981,1803,2088,1392
AT3G02350,10290,10179,7015,5447,6603,5314
AT3G02360,37315,38556,24848,35515,47202,27493
AT3G02365,1,2,2,2,1,2
AT3G02370,191,128,135,171,225,225
AT3G02380,118,115,100,166,164,140
AT3G02390,60,48,73,200,184,69
AT3G02400,541,524,389,235,492,315
AT3G02410,220,161,151,368,460,317
AT3G02420,9431,8658,7222,7533,9523,5923
AT3G02430,16,26,21,9,11,0
AT3G02435,18,11,10,10,8,11
AT3G02445,28,31,21,27,38,17
AT3G02450,1773,1750,1161,1697,2261,1591
AT3G02455,6,19,19,27,32,8
AT3G02460,5610,5388,4166,2033,2940,1638
AT3G02465,26,24,12,50,42,26
AT3G02470,149487,136661,98165,140596,177587,115605
AT3G02480,87,129,99,47386,44281,21821
AT3G02485,3,1,0,5,9,2
AT3G02490,1149,1095,711,588,714,601
AT3G02493,117,104,91,39,98,22
AT3G02495,6,7,4,12,9,3
AT3G02500,6,0,9,49,32,14
AT3G02505,10,5,16,29,25,9
AT3G02510,920,1094,717,883,1166,864
AT3G02515,16,21,18,41,59,33
AT3G02520,10975,10290,7528,9127,11784,8612
AT3G02525,13,21,16,36,41,22
AT3G02530,13258,12697,9011,7220,8235,5467
AT3G02535,38,53,26,818,359,180
AT3G02540,7748,6733,4999,5092,6960,4913
AT3G02550,333,239,187,166,165,152
AT3G02555,893,933,788,1482,1433,627
AT3G02560,27657,25229,20545,24777,30460,21065
AT3G02565,7,5,7,14,23,8
AT3G02570,6336,5898,4320,3823,4798,3397
AT3G02575,41,44,26,31,50,45
AT3G02580,8545,7596,6728,5004,7312,4265
AT3G02590,37,25,18,5,15,15
AT3G02600,4465,4029,3435,2801,3816,2249
AT3G02610,130,114,121,91,148,66
AT3G02620,631,503,564,80,87,59
AT3G02630,10293,9510,6932,4877,6581,4370
AT3G02640,2572,2720,2365,448,481,251
AT3G02650,3926,4248,2234,1092,1133,1277
AT3G02660,1227,1064,733,910,982,714
AT3G02677,122,113,77,49,66,34
AT3G02680,593,558,446,650,813,559
AT3G02690,530,544,390,758,957,827
AT3G02695,9,14,12,3,0,0
AT3G02700,3960,3434,2932,4719,6340,3664
AT3G02710,3310,3206,2223,2721,3042,2205
AT3G02720,5622,5309,4024,6026,7755,4968
AT3G02725,5,4,4,3,12,3
AT3G02730,580,556,372,506,644,323
AT3G02740,5969,6003,4471,11340,13384,8317
AT3G02750,6102,5373,3817,6464,8240,6044
AT3G02760,7407,7246,4818,5179,6971,5385
AT3G02765,15,19,14,25,20,7
AT3G02770,4172,3982,2935,3959,5454,3375
AT3G02780,44608,40857,33814,44447,61992,33227
AT3G02790,210,194,154,145,143,81
AT3G02800,963,878,617,1987,2226,1466
AT3G02820,948,830,547,435,516,468
AT3G02830,2113,2527,1521,1858,2392,1559
AT3G02832,194,224,156,138,157,93
AT3G02840,15,12,10,168,138,157
AT3G02850,2211,2699,1582,130,195,107
AT3G02860,1417,1479,953,2006,2662,1515
AT3G02865,6,4,4,5,7,5
AT3G02870,2252,2432,1929,1499,1850,1322
AT3G02875,1975,1909,1519,2397,3176,1875
AT3G02880,14755,13725,9972,7673,11353,7378
AT3G02885,28,32,20,18,54,45
AT3G02890,1328,1185,875,1323,1617,1116
AT3G02895,0,5,0,5,7,4
AT3G02900,4256,3718,3194,3205,4488,2410
AT3G02910,10592,9312,8432,8753,11886,6112
AT3G02920,1394,1253,1146,678,773,412
AT3G02925,3,6,3,4,3,4
AT3G02930,708,683,404,289,374,282
AT3G02940,74,76,71,705,792,350
AT3G02945,8,8,7,0,0,0
AT3G02950,1865,1684,1180,1349,1734,1303
AT3G02970,0,0,0,12,0,0
AT3G02980,687,588,553,485,697,385
AT3G02990,672,659,494,2428,2389,1618
AT3G03000,1382,1266,921,658,1017,540
AT3G03010,1682,1588,1368,1498,2113,1294
AT3G03020,152,98,75,348,414,279
AT3G03025,11,15,3,13,20,16
AT3G03030,1067,967,657,749,970,709
AT3G03035,0,0,0,6,8,2
AT3G03040,2053,1912,1530,765,1041,838
AT3G03050,17278,17540,10657,11711,15298,13277
AT3G03060,2239,2455,1472,846,868,834
AT3G03070,16584,15266,13576,11839,16891,8639
AT3G03090,509,466,368,238,317,299
AT3G03095,4,8,1,4,2,2
AT3G03100,20106,21053,16974,19198,23901,12751
AT3G03105,0,0,7,12,13,4
AT3G03110,2275,2156,1305,1325,1438,1335
AT3G03120,1700,1666,1263,2061,2540,1494
AT3G03125,35,17,30,81,105,39
AT3G03130,2901,3317,2012,283,329,256
AT3G03140,1553,1388,988,1328,1774,1389
AT3G03150,5265,4650,3953,15119,17069,7413
AT3G03155,0,3,1,3,3,2
AT3G03160,10206,8695,7447,8847,11886,6366
AT3G03165,18,17,20,44,35,37
AT3G03170,779,670,679,3706,4504,1754
AT3G03180,1170,996,944,549,708,376
AT3G03190,7,51,38,1,0,1
AT3G03200,202,245,116,252,195,218
AT3G03205,0,0,0,6,14,1
AT3G03210,1220,1007,846,816,1119,787
AT3G03215,11,8,6,6,3,3
AT3G03220,2559,2663,2078,2619,2872,1901
AT3G03230,0,0,0,25,18,11
AT3G03235,4,4,3,8,3,0
AT3G03240,5,0,6,207,261,68
AT3G03250,31143,28854,18794,20963,26891,18253
AT3G03260,8,12,9,7,7,0
AT3G03265,66,49,45,10,15,8
AT3G03270,3869,3914,2446,5812,6983,3900
AT3G03272,2,5,6,8,7,9
AT3G03280,379,443,234,417,770,521
AT3G03290,173,208,130,110,152,62
AT3G03300,3759,3239,2451,2296,3025,2206
AT3G03305,2958,3318,2218,2743,3613,3049
AT3G03310,1784,1565,1168,4448,4827,3690
AT3G03315,63,79,41,92,141,65
AT3G03320,2238,2014,1439,1976,2401,1717
AT3G03330,2617,2529,1955,2610,3299,2421
AT3G03340,2944,2754,2352,3867,4923,2643
AT3G03341,21,17,25,7426,6048,2691
AT3G03350,380,357,194,202,272,299
AT3G03360,1382,1332,1085,1328,1827,1085
AT3G03370,187,134,141,66,106,48
AT3G03380,11587,11086,7754,11138,13246,10998
AT3G03420,3111,3120,2165,2623,2803,1837
AT3G03430,10,5,3,0,2,3
AT3G03435,22,17,13,27,22,11
AT3G03440,1319,1471,919,3383,4039,2338
AT3G03445,5,3,1,1,1,2
AT3G03450,949,862,679,1213,1559,1549
AT3G03460,411,449,338,361,325,306
AT3G03470,561,464,480,532,544,434
AT3G03475,139,120,103,78,74,51
AT3G03490,1382,1462,979,1738,2152,1344
AT3G03495,20,17,21,36,40,19
AT3G03500,3322,3117,2033,2261,2824,1941
AT3G03505,268,239,160,282,357,100
AT3G03520,4995,5218,3457,3846,4932,2684
AT3G03530,70,79,62,144,153,131
AT3G03535,36,41,36,76,78,32
AT3G03550,2056,1820,1375,1072,1529,892
AT3G03555,5,6,10,15,5,2
AT3G03560,3856,4120,2598,2323,3436,2280
AT3G03565,5,0,5,1,1,0
AT3G03570,4133,3789,2562,3361,4224,3223
AT3G03580,422,329,257,230,299,299
AT3G03590,627,632,507,736,862,499
AT3G03600,4125,4143,2943,2784,3211,2321
AT3G03605,0,0,2,3,3,4
AT3G03610,2349,2433,1710,3110,3964,2214
AT3G03620,16,10,19,73,83,76
AT3G03630,547,549,391,866,787,641
AT3G03640,5204,4867,3825,14007,14328,8837
AT3G03650,117,156,85,133,192,153
AT3G03660,81,89,44,79,108,64
AT3G03680,2717,3366,1845,415,534,485
AT3G03690,2390,2182,1565,1727,2449,1649
AT3G03700,1866,1752,1395,2247,3189,1865
AT3G03702,164,143,125,245,269,138
AT3G03710,1247,1241,954,1400,1650,1180
AT3G03720,4520,4418,2899,5793,7905,5526
AT3G03740,4193,4250,2875,3802,5166,3478
AT3G03750,104,112,85,121,120,102
AT3G03770,1157,1159,867,1400,1521,968
AT3G03773,1632,1609,1295,1474,1772,1325
AT3G03776,7,9,8,12,17,0
AT3G03780,39998,44925,24253,8899,12961,8916
AT3G03790,4004,3814,2604,3001,3940,2887
AT3G03800,15,18,20,16,15,6
AT3G03805,18,6,6,8,13,5
AT3G03810,3434,2988,2331,1670,2471,1646
AT3G03815,38,25,37,58,76,17
AT3G03820,41,45,28,8,4,5
AT3G03830,4,8,3,0,0,0
AT3G03840,5,2,3,0,0,0
AT3G03850,11,14,0,0,0,0
AT3G03855,1211,1139,936,311,624,396
AT3G03860,5033,4647,3495,4113,5302,2916
AT3G03870,1179,947,749,1545,2012,764
AT3G03880,980,876,623,1219,1383,770
AT3G03890,3057,3411,2205,3718,5357,2996
AT3G03900,708,630,559,1447,1597,660
AT3G03910,6,10,10,4,5,22
AT3G03920,11384,11264,7984,7303,8503,7371
AT3G03940,8081,7835,5205,6226,7251,6146
AT3G03950,2572,2749,1945,2864,3249,2102
AT3G03960,26461,25038,17945,16336,18821,13708
AT3G03965,33,23,24,10,23,16
AT3G03970,1183,1249,883,1392,1344,1092
AT3G03980,1349,1349,931,1706,2056,1137
AT3G03990,4311,4469,2800,10933,12409,7202
AT3G04000,16,20,9,337,290,202
AT3G04010,3057,3226,1876,7047,8351,3775
AT3G04020,848,843,670,832,748,477
AT3G04030,276,415,238,209,232,164
AT3G04040,182,172,114,651,654,378
AT3G04050,42,25,14,103,73,34
AT3G04060,2294,2148,1595,814,1395,619
AT3G04070,256,339,309,2585,3628,1504
AT3G04080,8356,8180,5175,5157,6780,5170
AT3G04090,14091,13680,10193,10189,13972,7661
AT3G04105,127,97,96,118,105,43
AT3G04110,212,198,98,80,136,52
AT3G04120,227561,230757,139756,130942,175175,123182
AT3G04130,571,501,306,447,519,414
AT3G04140,616,642,380,345,499,324
AT3G04155,27,24,20,15,18,28
AT3G04160,905,768,763,701,1100,597
AT3G04165,26,38,29,16,27,31
AT3G04175,60,60,42,18,27,34
AT3G04181,55,50,54,51,72,55
AT3G04184,8,5,8,16,24,10
AT3G04185,2,2,5,2,4,1
AT3G04220,19,13,14,146,163,169
AT3G04230,2302,2471,1910,1654,1895,1069
AT3G04240,7383,7086,5297,12833,14606,9713
AT3G04255,29,35,20,106,123,34
AT3G04260,894,887,572,768,997,691
AT3G04285,11,12,11,5,14,9
AT3G04300,89,130,86,104,98,67
AT3G04310,361,339,232,376,471,364
AT3G04320,1883,1709,941,753,1602,1239
AT3G04330,293,326,94,248,384,314
AT3G04340,3416,3579,2056,2414,2774,2542
AT3G04350,2312,2179,1424,2846,3715,2908
AT3G04355,12,5,10,12,10,8
AT3G04360,73,64,59,123,174,131
AT3G04370,44,31,75,25,17,8
AT3G04380,545,473,359,362,521,309
AT3G04400,87207,83783,64027,59849,73695,47519
AT3G04410,0,0,3,13,7,7
AT3G04420,248,242,121,593,923,509
AT3G04440,1569,1469,1259,2049,3357,1536
AT3G04443,211,243,167,338,417,238
AT3G04445,19,20,14,14,17,8
AT3G04450,145,157,113,128,171,112
AT3G04460,1437,1289,917,1601,2028,1459
AT3G04470,6626,6202,4000,4793,6356,5675
AT3G04475,15,14,4,40,54,19
AT3G04480,4998,4676,2912,2610,3268,2563
AT3G04485,289,235,209,221,278,206
AT3G04490,4359,4076,2921,4671,5449,4837
AT3G04495,8,5,2,13,11,3
AT3G04500,4635,4259,3306,4245,5333,2747
AT3G04520,2819,2643,1911,3687,5092,2805
AT3G04530,514,565,383,418,630,261
AT3G04550,182,248,113,132,227,118
AT3G04560,2618,2482,1976,3277,4207,3755
AT3G04570,5891,5928,3983,5694,7830,5413
AT3G04580,3862,3783,2768,2422,3220,2562
AT3G04590,2324,2509,1615,2174,2591,1923
AT3G04600,6473,6142,4545,6651,7258,5799
AT3G04605,2744,2434,1768,2829,3580,2741
AT3G04610,6974,6628,4629,7963,9711,6762
AT3G04615,570,603,682,909,1065,476
AT3G04620,348,393,265,524,539,349
AT3G04630,787,749,666,1374,1250,801
AT3G04640,810,652,568,3310,3554,1398
AT3G04650,551,519,311,481,517,394
AT3G04660,0,0,0,11,3,0
AT3G04670,10180,9304,7023,9940,12401,8205
AT3G04680,2748,2607,1787,3110,3679,2820
AT3G04685,10,8,17,15,15,7
AT3G04690,31,22,19,32,34,19
AT3G04695,4,1,3,1,0,1
AT3G04700,136,136,139,221,208,119
AT3G04710,3638,3292,2509,2709,2782,1719
AT3G04720,1911,1803,1273,5117,8929,3874
AT3G04730,29290,26795,18326,17504,21347,11424
AT3G04740,3980,3816,2785,4726,5462,4133
AT3G04745,4,0,3,3,0,2
AT3G04750,685,698,535,829,874,724
AT3G04755,8,9,14,10,13,6
AT3G04760,153,166,121,106,173,79
AT3G04770,2890,2939,1891,1442,1538,1057
AT3G04775,15,7,10,0,7,3
AT3G04780,7614,7475,5653,6672,8310,4246
AT3G04785,63,49,45,22,42,34
AT3G04790,4478,4817,2954,1648,2372,1493
AT3G04800,111,84,55,36,26,20
AT3G04810,7941,7717,5791,9920,13310,7332
AT3G04820,2881,3053,2080,2477,2719,2232
AT3G04825,18,21,22,21,34,19
AT3G04830,9329,8606,6679,6265,7677,4553
AT3G04840,73405,74855,57902,59937,67076,50042
AT3G04850,766,916,640,679,722,484
AT3G04854,15,22,13,13,9,3
AT3G04860,247,214,167,172,179,111
AT3G04865,7,9,6,18,27,10
AT3G04870,3237,3322,2110,7490,9328,4663
AT3G04880,4032,4445,2697,2935,4084,3282
AT3G04890,637,565,433,321,369,175
AT3G04900,4,3,2,2,2,0
AT3G04903,0,5,0,7,0,0
AT3G04910,9499,8682,7293,4287,6210,3923
AT3G04920,35617,33621,27317,26684,35966,25201
AT3G04930,2762,2644,1810,1892,3089,2410
AT3G04940,4503,4063,3202,1828,2610,1589
AT3G04950,672,587,529,541,618,533
AT3G04960,36,12,13,16,14,11
AT3G04965,0,5,3,4,6,0
AT3G04970,1871,1756,1471,1812,2246,1392
AT3G04975,18,22,15,13,14,8
AT3G04980,463,504,389,416,367,270
AT3G05000,3866,3839,2842,3271,4065,2747
AT3G05010,2327,2216,1552,1898,2632,1515
AT3G05015,7,7,6,5,6,2
AT3G05020,16738,16120,13632,9052,11860,6825
AT3G05030,2190,2075,1684,2819,3224,2288
AT3G05040,3172,3196,2023,2722,3215,2870
AT3G05050,8048,7863,5877,5753,8316,5755
AT3G05055,13,15,5,9,7,0
AT3G05060,11885,10933,7261,7361,7987,6874
AT3G05070,2636,2723,2198,3100,3719,2305
AT3G05075,0,1,1,4,3,1
AT3G05080,2,0,2,4,3,1
AT3G05090,5703,5428,3646,5544,6533,4715
AT3G05100,3102,2698,2222,1537,2313,1426
AT3G05120,2216,2246,1539,1756,2303,1581
AT3G05130,1096,1146,722,849,987,825
AT3G05140,115,85,50,52,48,24
AT3G05150,5505,4851,4501,156,176,100
AT3G05152,9,16,12,0,0,0
AT3G05155,2557,2165,1832,528,984,516
AT3G05160,877,939,690,738,955,435
AT3G05165,12156,12105,8560,10619,17470,8293
AT3G05170,1655,1615,900,2168,2835,1796
AT3G05180,89,86,51,128,116,47
AT3G05190,516,589,327,391,505,401
AT3G05200,3705,3363,2552,4534,6362,2585
AT3G05210,2152,1918,1481,2171,3117,1930
AT3G05220,6426,5638,3654,7775,10083,7375
AT3G05230,4733,4385,3785,2981,4063,2125
AT3G05240,2,2,2,1,2,2
AT3G05245,0,0,7,0,0,5
AT3G05250,765,787,661,1408,1745,1003
AT3G05255,6,5,15,6,0,0
AT3G05260,7,0,0,13,0,0
AT3G05265,2,3,1,1,3,0
AT3G05270,2667,2306,1513,1851,2763,1968
AT3G05280,6958,6361,5027,4990,6295,4492
AT3G05285,17,10,8,26,35,25
AT3G05290,2470,2518,2006,3094,4419,3357
AT3G05320,1005,907,800,809,1079,556
AT3G05325,35,18,19,8,11,11
AT3G05327,40,28,31,40,48,22
AT3G05330,486,610,364,120,96,68
AT3G05335,67,83,59,12,23,21
AT3G05340,195,244,120,76,77,82
AT3G05345,176,160,119,210,256,114
AT3G05350,1750,1433,1162,2334,2701,1738
AT3G05355,146,131,97,21,31,28
AT3G05360,809,755,648,1070,1625,1015
AT3G05365,31,18,19,26,29,30
AT3G05370,0,0,0,5,11,3
AT3G05380,2315,2252,1477,2201,2443,1969
AT3G05390,1211,1176,648,1010,1610,1481
AT3G05400,72,41,39,175,250,132
AT3G05410,308,257,197,191,277,295
AT3G05415,2,4,0,1,3,5
AT3G05420,13407,13791,8990,8462,11259,8138
AT3G05430,240,184,132,110,155,160
AT3G05470,382,565,307,114,194,197
AT3G05480,380,373,227,124,102,92
AT3G05490,8927,8609,7380,1826,2429,1694
AT3G05500,8959,8099,6163,9398,10741,5797
AT3G05510,1442,1348,943,1333,1699,965
AT3G05520,2076,2057,1505,1996,2321,1375
AT3G05530,21315,18925,14714,19615,25768,13990
AT3G05545,9236,8920,6579,8908,11881,7679
AT3G05550,178,278,157,311,324,209
AT3G05560,31589,32374,23901,18517,23110,18643
AT3G05570,1921,1699,1407,2112,2559,1387
AT3G05580,3046,2944,2206,3664,4721,2931
AT3G05590,72429,73090,54136,53880,64997,47121
AT3G05620,104,83,76,158,154,80
AT3G05625,48,34,10,18,33,13
AT3G05630,274,316,180,682,656,543
AT3G05640,242,208,127,352,344,190
AT3G05655,37,71,43,6,12,12
AT3G05670,4011,3801,2607,3335,3989,3016
AT3G05675,858,896,597,634,803,609
AT3G05680,6680,6518,4379,6011,7852,6674
AT3G05685,299,340,285,265,284,167
AT3G05690,1037,1019,841,524,759,423
AT3G05700,1214,1161,825,1105,1471,731
AT3G05710,3994,3776,2884,2872,4068,2336
AT3G05715,53,60,34,22,37,20
AT3G05720,52,38,23,27,16,19
AT3G05740,420,370,311,166,146,83
AT3G05750,618,570,416,514,538,485
AT3G05760,3535,3217,2398,3632,4714,2657
AT3G05770,30,22,28,27,13,12
AT3G05780,9,11,10,4,16,10
AT3G05790,9,22,20,7,5,7
AT3G05800,1258,1127,822,590,744,363
AT3G05810,2787,2542,1943,2422,2812,1822
AT3G05820,0,15,0,67,73,52
AT3G05830,749,724,549,903,1263,670
AT3G05840,13920,13655,10769,11483,15817,9403
AT3G05850,2218,2158,1358,2400,2867,1963
AT3G05858,76,77,54,56,27,15
AT3G05860,56,88,56,38,72,25
AT3G05870,1450,1297,964,1752,2227,1319
AT3G05880,26764,24200,21455,70650,93963,38197
AT3G05890,47692,40244,36745,64354,78932,31559
AT3G05900,19670,16907,13004,3637,5587,3156
AT3G05905,1297,936,951,634,751,387
AT3G05910,14840,13439,10270,11233,14231,9226
AT3G05920,7972,7299,6468,5036,7729,3564
AT3G05930,99,87,83,78,117,31
AT3G05932,1235,1150,1000,1571,2321,1200
AT3G05935,33,68,33,45,54,47
AT3G05936,346,342,388,385,437,233
AT3G05937,311,263,227,687,992,567
AT3G05940,2107,1899,1627,1733,2137,1231
AT3G05945,12,7,18,26,16,13
AT3G05950,5,10,6,13,6,5
AT3G05955,10,2,0,0,2,0
AT3G05960,0,10,3,0,0,0
AT3G05970,11502,11259,7338,8141,11174,7138
AT3G05980,787,714,426,394,493,433
AT3G05990,6422,6128,4595,3932,5371,2965
AT3G05995,2,4,1,1,2,0
AT3G06005,55,49,30,21,33,12
AT3G06010,2762,2628,1730,2750,3686,2722
AT3G06020,137,210,103,194,127,113
AT3G06030,1722,1716,1154,1159,1244,909
AT3G06035,7445,8009,6290,6007,7970,4459
AT3G06040,6359,6391,4088,3801,5164,3530
AT3G06050,12025,11689,9234,9804,13375,6846
AT3G06060,5849,4990,3710,4185,4626,3344
AT3G06070,1671,1690,1218,576,746,344
AT3G06080,1874,1708,1336,1851,2393,1541
AT3G06100,10,20,8,7,11,11
AT3G06110,2032,2093,1534,1525,1792,1088
AT3G06125,1636,1400,1141,1818,2529,1127
AT3G06130,4950,4637,3649,3764,5544,3905
AT3G06140,846,724,605,359,420,240
AT3G06145,44,31,29,0,5,3
AT3G06150,1923,1667,1161,1149,1489,1162
AT3G06170,4777,4518,3768,4999,6805,3636
AT3G06180,1178,1137,1007,1507,2011,1111
AT3G06190,3749,3776,2422,5766,7101,5275
AT3G06200,1816,1856,1209,1720,2147,1652
AT3G06210,837,918,628,1277,1700,1492
AT3G06240,1582,1536,1049,1289,1437,1024
AT3G06250,2180,1861,1160,2854,3671,3113
AT3G06260,0,0,0,8,10,3
AT3G06270,1220,1086,662,1792,2124,1585
AT3G06290,3406,3243,2230,3492,4185,3152
AT3G06300,13750,12380,10246,5378,8145,4084
AT3G06310,4218,3964,3255,4195,4961,3113
AT3G06320,2086,2074,1416,1273,1628,889
AT3G06325,315,192,222,213,296,132
AT3G06330,2585,2354,1954,2286,3398,1856
AT3G06340,1880,1870,1410,1868,2295,1718
AT3G06345,644,483,442,541,658,337
AT3G06350,15790,15847,10843,9351,12748,9547
AT3G06355,6493,5156,5184,6948,8529,4346
AT3G06360,206,229,232,62,156,93
AT3G06365,1879258,1327840,1861891,1998045,2770759,655194
AT3G06370,1348,1310,1143,1284,1518,782
AT3G06380,3829,3672,2897,3702,5207,2756
AT3G06390,1120,900,1171,273,461,170
AT3G06400,9039,8729,6112,7787,10131,7762
AT3G06410,5636,5628,4232,6233,7359,5168
AT3G06420,12619,12388,10018,21244,30206,14448
AT3G06430,700,812,561,469,567,534
AT3G06433,54,66,84,101,119,49
AT3G06435,288,267,289,274,305,196
AT3G06436,2,4,2,5,3,0
AT3G06437,16,19,15,71,99,77
AT3G06440,2132,1985,1353,2132,2673,1938
AT3G06450,5382,5073,3418,3555,4288,3067
AT3G06455,369,320,242,506,506,405
AT3G06460,1545,1800,840,397,670,538
AT3G06470,1021,1008,800,944,1288,787
AT3G06475,2,5,2,0,1,0
AT3G06480,2280,2411,1548,2211,2953,2604
AT3G06483,1527,1439,1064,2807,3705,2170
AT3G06490,8,6,5,427,377,255
AT3G06500,5118,4842,3290,11565,12903,7846
AT3G06505,77,45,39,49,94,27
AT3G06510,3235,3337,2109,4304,5223,3734
AT3G06520,78,92,72,110,99,64
AT3G06530,7357,7209,4242,3621,3888,3226
AT3G06540,4364,3986,3220,2937,4103,3099
AT3G06545,6,0,0,4,0,0
AT3G06550,5153,5228,4047,3891,4638,3250
AT3G06570,618,611,425,535,620,445
AT3G06580,9066,8454,6388,6123,9009,5011
AT3G06590,4873,4656,3682,2259,3256,1906
AT3G06600,354,405,289,236,284,225
AT3G06605,4,2,4,10,4,6
AT3G06610,4633,4534,3493,4653,5816,3350
AT3G06620,3910,3689,2692,4720,5954,3652
AT3G06630,284,329,164,155,182,100
AT3G06640,50,59,27,16,24,3
AT3G06650,25624,23821,17663,16533,20005,13317
AT3G06660,474,496,403,757,770,557
AT3G06670,7162,6818,4745,7889,10113,6948
AT3G06680,7915,7954,5684,4300,5914,3420
AT3G06690,465,485,419,645,696,455
AT3G06700,40789,42474,31780,24172,36349,22392
AT3G06710,59,85,64,28,74,29
AT3G06720,10769,11840,8006,11034,12950,8327
AT3G06730,927,921,611,522,622,408
AT3G06740,1351,1230,918,338,580,420
AT3G06750,1026,1068,930,684,1015,625
AT3G06760,2407,2199,1813,4177,4944,3029
AT3G06770,2901,2820,2234,340,542,337
AT3G06778,676,598,429,1036,1266,797
AT3G06780,1228,1230,771,1543,1898,1014
AT3G06790,2277,2135,1686,2966,3092,1936
AT3G06810,4609,4853,3054,7423,9304,6136
AT3G06820,3140,2716,2520,3199,3940,2579
AT3G06830,16,13,0,23,23,0
AT3G06840,290,324,266,178,262,294
AT3G06850,2933,2471,2215,4428,4624,2715
AT3G06860,17392,17295,11029,16381,22417,14733
AT3G06868,1943,1590,1296,902,1127,837
AT3G06870,110,95,81,90,61,39
AT3G06890,558,508,410,188,305,172
AT3G06900,4,5,2,6,5,3
AT3G06910,922,801,569,718,915,638
AT3G06920,518,577,387,634,636,550
AT3G06930,4701,4540,3055,2937,3393,3137
AT3G06940,2106,1869,1114,1744,2226,1771
AT3G06950,271,261,157,226,284,145
AT3G06955,8,5,8,0,0,2
AT3G06960,2305,1915,1496,2791,3372,2897
AT3G06962,19,17,16,39,44,25
AT3G06980,1160,1065,777,979,1282,1107
AT3G06990,765,745,440,65,204,227
AT3G07000,1106,1019,709,50,138,161
AT3G07010,11455,10301,7618,3446,5338,3555
AT3G07020,5624,5186,3923,3931,4694,2646
AT3G07030,3472,3404,2502,2414,3344,2597
AT3G07040,56,53,52,59,71,22
AT3G07050,9775,9898,6143,5520,6805,5428
AT3G07060,1134,1194,734,733,977,818
AT3G07070,2567,2803,1925,185,347,309
AT3G07080,1240,1315,929,1254,1541,1124
AT3G07090,12857,11386,9028,9404,12760,6388
AT3G07100,16160,15521,10055,12528,15742,13489
AT3G07105,14,2,10,40,62,39
AT3G07110,29293,29247,21691,22991,27648,16493
AT3G07120,109,117,92,124,124,102
AT3G07130,4272,4204,3302,2105,2938,2152
AT3G07140,3476,3371,2476,2272,3155,2926
AT3G07150,24,30,15,10,15,28
AT3G07160,15797,14792,10946,12235,16358,12260
AT3G07170,3823,3788,2921,3381,4294,2579
AT3G07180,7644,7008,5583,5329,7508,5411
AT3G07190,694,619,483,465,603,410
AT3G07195,1612,1271,1090,194,462,166
AT3G07200,680,743,497,464,576,442
AT3G07205,40,23,22,17,28,7
AT3G07210,1630,1541,1142,1186,1631,1259
AT3G07215,904,736,628,1393,1577,807
AT3G07220,2978,2924,2278,3688,4520,2844
AT3G07230,6358,7321,5600,4634,6487,2452
AT3G07255,44,43,35,343,103,69
AT3G07260,148,174,125,194,216,114
AT3G07270,5086,4636,3036,4486,5043,4400
AT3G07273,6,15,12,17,48,16
AT3G07280,3078,2806,2401,4166,5353,2811
AT3G07290,363,375,227,117,132,170
AT3G07300,3765,3827,2721,5339,6063,4099
AT3G07310,1534,1493,1242,1995,2646,1125
AT3G07315,468,371,343,196,299,166
AT3G07320,5321,5654,3212,2914,3051,3317
AT3G07330,11633,11051,7994,7698,10035,8114
AT3G07340,3393,2970,2160,2267,2673,1592
AT3G07350,1476,1268,1199,3372,4074,2058
AT3G07360,3266,3232,2527,3812,4604,2040
AT3G07365,10,7,8,67,42,22
AT3G07370,1345,1164,885,2217,2671,1449
AT3G07375,39,30,55,40,46,10
AT3G07380,9,7,11,8,14,8
AT3G07390,4269,3842,2918,5055,7377,4978
AT3G07400,2185,2000,1394,2130,2529,1841
AT3G07410,861,1166,674,729,813,519
AT3G07420,1241,1135,741,1338,1291,1074
AT3G07425,297,313,213,39,73,28
AT3G07430,4350,4807,3165,2654,3078,2377
AT3G07440,1042,1033,724,1329,1516,1004
AT3G07445,48,69,60,19,19,22
AT3G07460,7266,6579,5006,1368,1934,1149
AT3G07470,6023,5575,3972,2025,2931,1527
AT3G07480,25599,24616,17931,19005,24528,16764
AT3G07490,139,163,116,0,0,0
AT3G07495,2,6,2,0,0,0
AT3G07500,78,91,40,76,72,49
AT3G07510,2235,2150,1671,858,1150,945
AT3G07520,235,184,155,266,314,198
AT3G07525,461,566,335,543,797,538
AT3G07530,546,437,308,586,690,561
AT3G07540,99,174,102,26,36,18
AT3G07550,651,556,449,356,555,345
AT3G07555,1744,1416,1244,1201,1671,1261
AT3G07560,13430,12308,8949,22900,30107,19160
AT3G07565,1657,1680,1303,2914,3183,1674
AT3G07568,3998,3628,3034,2782,3773,1979
AT3G07570,9750,8866,6372,3262,4748,2936
AT3G07580,809,716,635,287,380,280
AT3G07590,2453,2279,1786,1953,2511,1453
AT3G07600,340,324,244,213,443,144
AT3G07610,1804,1703,1143,1320,1615,1109
AT3G07615,21,29,27,18,24,8
AT3G07630,3706,3502,2500,3367,3905,2402
AT3G07640,2824,2790,2053,2231,2928,1913
AT3G07650,580,699,415,2677,2363,1578
AT3G07655,3,0,7,0,0,0
AT3G07660,8316,7695,5246,6613,8414,7447
AT3G07670,518,563,303,387,502,340
AT3G07680,14621,12713,10809,9942,13220,8148
AT3G07690,3089,2854,2230,2060,2646,1498
AT3G07700,2152,2193,1620,5199,6339,3685
AT3G07705,5,11,10,4,4,0
AT3G07715,51,41,21,12,27,28
AT3G07720,8728,8111,6005,10054,13962,7761
AT3G07725,150,122,95,59,80,60
AT3G07730,10,13,7,25,22,11
AT3G07735,96,94,65,46,58,38
AT3G07740,1170,1053,825,1219,1546,872
AT3G07750,1425,1562,937,1279,1272,1200
AT3G07760,3793,3473,2944,3705,4744,2633
AT3G07770,9643,10652,6471,3996,4229,3609
AT3G07780,5513,5196,3777,5575,8013,4751
AT3G07790,3075,2849,2059,4283,5410,4137
AT3G07795,34,34,33,25,32,13
AT3G07800,1679,1654,1160,897,953,498
AT3G07805,90,106,121,179,221,49
AT3G07810,12730,12851,9158,6567,9848,8052
AT3G07825,21,19,10,11,9,12
AT3G07835,4,4,12,38,48,12
AT3G07860,1407,1378,1202,2155,2402,1633
AT3G07870,1763,1424,1224,2252,3340,2075
AT3G07875,50,39,34,37,41,10
AT3G07880,10720,10268,7677,10900,14421,9084
AT3G07890,4428,4602,3224,3377,4608,3134
AT3G07900,1612,1684,1049,146,356,203
AT3G07910,3925,3566,3134,2785,3769,1570
AT3G07920,18,17,0,6,0,5
AT3G07930,553,469,379,374,533,399
AT3G07935,5,3,4,4,8,0
AT3G07940,2705,2549,2092,1355,2096,1138
AT3G07950,7890,7187,6153,4919,6836,4355
AT3G07960,732,728,490,334,378,334
AT3G07970,70,78,85,63,41,11
AT3G07980,1784,1812,1297,1367,1881,1479
AT3G07990,4924,3957,3293,1123,2050,1460
AT3G08000,179,217,211,205,228,147
AT3G08010,569,557,371,1316,1586,835
AT3G08020,1205,1171,822,1290,1527,1227
AT3G08030,10304,9136,6468,17625,21722,16696
AT3G08040,5938,6223,4070,4451,5877,3330
AT3G08065,6,13,11,14,12,2
AT3G08070,9,10,10,8,6,2
AT3G08075,6,3,0,1,3,1
AT3G08115,4,0,3,50,49,23
AT3G08165,115,93,73,21,25,24
AT3G08170,7,1,5,6,10,6
AT3G08190,6,3,2,0,0,0
AT3G08215,8,5,3,8,12,5
AT3G08220,41,53,40,44,62,32
AT3G08225,139,88,124,92,109,49
AT3G08230,11,7,9,13,11,9
AT3G08240,0,16,0,0,0,0
AT3G08275,41,38,35,33,36,19
AT3G08300,12,11,9,21,13,11
AT3G08330,5,3,0,2,1,0
AT3G08360,1,8,5,3,1,4
AT3G08365,33,33,42,38,53,19
AT3G08370,2,2,5,6,0,0
AT3G08375,9,22,12,0,11,1
AT3G08445,0,0,1,12,9,4
AT3G08450,2,2,6,10,13,3
AT3G08470,3,1,2,4,3,2
AT3G08485,1,2,1,7,6,1
AT3G08490,364,335,345,160,195,67
AT3G08500,259,274,157,195,211,164
AT3G08505,555,435,322,943,1049,539
AT3G08510,7433,6983,5406,7510,9395,5584
AT3G08520,12672,12356,9784,9965,14511,6936
AT3G08530,40704,39312,25466,35954,41437,36973
AT3G08550,7098,6544,5484,5978,7375,4717
AT3G08565,8,5,3,8,12,0
AT3G08570,356,340,235,156,206,173
AT3G08580,352220,336139,229376,197756,271191,206699
AT3G08590,19602,22577,14390,15851,18375,10193
AT3G08600,2113,1810,1497,490,563,451
AT3G08610,30518,29250,23936,22693,31232,17127
AT3G08620,1224,1329,895,733,997,656
AT3G08630,5752,5347,3476,3625,4952,3746
AT3G08636,4,11,3,3,7,1
AT3G08640,5761,6196,3629,5050,6346,5085
AT3G08645,9,8,9,14,19,7
AT3G08650,11393,10841,8446,9880,13108,8429
AT3G08655,15,17,21,32,49,28
AT3G08660,60,64,28,0,13,14
AT3G08665,9,8,5,8,8,6
AT3G08670,5732,5165,3805,4278,6033,3744
AT3G08675,1,1,5,7,0,1
AT3G08680,9175,8608,6189,2991,4360,4098
AT3G08685,4,5,4,0,0,0
AT3G08690,3712,3572,3015,5060,6210,3083
AT3G08700,9,14,19,22,36,9
AT3G08710,4608,4369,3461,5229,7092,3463
AT3G08720,3535,3422,2492,6819,8413,5100
AT3G08730,8210,8008,5388,14581,18133,11520
AT3G08740,903,958,629,894,1143,985
AT3G08750,0,0,0,10,12,3
AT3G08760,2474,2357,1710,4763,5937,3462
AT3G08770,8,8,10,12,0,0
AT3G08780,2051,1756,1343,1982,2720,1899
AT3G08785,8,13,14,7,9,6
AT3G08790,0,11,0,8,0,3
AT3G08800,699,693,440,580,757,542
AT3G08805,4,5,2,6,3,0
AT3G08810,6,0,0,10,7,0
AT3G08820,170,180,86,91,95,82
AT3G08840,1644,1746,1303,1351,1904,1260
AT3G08850,8380,8171,5253,5631,7477,6422
AT3G08860,95,19,21,336,524,302
AT3G08870,0,2,0,10,14,14
AT3G08880,1229,1030,855,1531,1675,923
AT3G08885,12,30,14,15,25,22
AT3G08890,2051,1909,1396,1096,1429,895
AT3G08895,5,6,3,3,4,4
AT3G08900,4,0,0,8,6,5
AT3G08910,1738,1777,1265,1134,1395,1044
AT3G08920,128,134,107,166,156,88
AT3G08930,16375,15145,11373,10213,14263,10757
AT3G08940,734,979,647,679,743,478
AT3G08943,8120,8379,4950,6310,7339,6319
AT3G08947,1727,1751,998,939,1152,1221
AT3G08950,1945,1802,1226,1487,1531,1194
AT3G08960,6713,6391,4954,6434,8208,6334
AT3G08970,689,591,478,104,124,94
AT3G08980,980,1035,721,438,620,400
AT3G08990,448,427,358,389,427,248
AT3G09000,3518,3406,2668,2713,3352,2424
AT3G09005,19,11,11,4,6,8
AT3G09010,312,321,223,312,452,241
AT3G09020,1101,1017,727,266,524,275
AT3G09030,1079,1173,870,1470,1831,1427
AT3G09032,764,697,511,632,702,314
AT3G09035,2036,1704,1545,647,1033,539
AT3G09040,325,340,277,329,368,306
AT3G09050,146,139,112,207,219,136
AT3G09055,71,96,71,79,83,48
AT3G09060,225,243,111,167,114,145
AT3G09065,6,3,4,2,8,2
AT3G09070,926,1050,699,503,732,695
AT3G09080,320,322,231,108,68,100
AT3G09085,943,989,851,1045,1342,575
AT3G09090,8048,7756,5485,6484,7869,6012
AT3G09100,4630,4388,3127,3605,4292,3039
AT3G09110,9,5,7,0,6,0
AT3G09120,10,4,13,3,8,0
AT3G09135,6,4,6,2,9,0
AT3G09145,27,12,23,12,9,9
AT3G09150,309,382,246,480,551,367
AT3G09180,2276,1799,1308,1987,2557,1649
AT3G09190,367,308,245,100,131,151
AT3G09200,118761,121242,85076,73111,88486,77844
AT3G09210,613,587,448,583,786,539
AT3G09220,10304,11711,6456,3986,7782,3822
AT3G09230,1127,1094,758,1075,1274,859
AT3G09240,1334,1245,1115,812,1222,626
AT3G09245,9,10,2,0,0,2
AT3G09250,653,543,468,783,979,619
AT3G09260,400145,388589,290665,163788,277081,142607
AT3G09270,30105,30605,19676,15292,24525,11731
AT3G09275,61,43,68,172,205,65
AT3G09280,67,60,61,60,109,59
AT3G09290,160,178,118,57,68,41
AT3G09300,21805,19896,15218,9768,12237,9853
AT3G09305,8,7,9,4,3,0
AT3G09310,79,65,59,122,167,88
AT3G09320,3949,3918,2908,3838,5525,3463
AT3G09330,910,815,690,335,580,377
AT3G09335,16,9,19,4,10,0
AT3G09340,94,97,79,32,65,27
AT3G09350,3372,2785,2076,3481,3649,2586
AT3G09360,1995,1714,1394,2107,2732,1569
AT3G09370,1208,1019,918,1425,1567,999
AT3G09375,8,21,14,105,54,44
AT3G09390,693,555,441,23768,23605,8396
AT3G09400,10,7,0,0,3,0
AT3G09405,245,189,194,122,169,103
AT3G09410,5046,4652,3722,2116,3396,1981
AT3G09430,174,140,158,89,132,66
AT3G09440,50967,45295,33496,20437,24077,19531
AT3G09455,1785,1687,1406,1137,1408,762
AT3G09470,5461,5212,3847,3896,5601,4149
AT3G09480,386,467,413,420,523,287
AT3G09490,1054,1008,720,413,829,430
AT3G09495,0,52,57,70,76,0
AT3G09500,42759,37837,31381,28189,34604,24405
AT3G09520,0,8,2,86,194,72
AT3G09525,7,7,5,4,4,5
AT3G09540,2117,2479,1820,1615,2180,1092
AT3G09550,52,49,34,29,22,26
AT3G09555,2,3,7,3,4,7
AT3G09560,3088,3074,2055,4513,5148,3364
AT3G09565,6,15,9,0,2,0
AT3G09570,6301,6117,4084,3589,4831,3621
AT3G09575,14,19,9,3,17,4
AT3G09580,61,51,47,40,58,57
AT3G09600,1535,1454,1040,3175,4015,1947
AT3G09630,55732,60776,38683,44582,49641,35510
AT3G09640,10,20,17,139,129,65
AT3G09650,605,572,366,614,684,553
AT3G09655,4,4,3,1,1,2
AT3G09660,408,458,352,273,344,207
AT3G09670,1102,1171,678,1374,1315,1029
AT3G09680,241,367,213,78,98,50
AT3G09685,3,1,3,1,1,2
AT3G09690,5204,5024,3672,3445,4374,3120
AT3G09700,952,992,760,474,464,305
AT3G09710,3152,2944,2223,1028,1648,958
AT3G09720,2508,2749,1760,2947,2927,2211
AT3G09725,53,33,37,0,38,0
AT3G09730,627,510,451,215,242,199
AT3G09735,8184,7110,6702,6263,9420,5415
AT3G09740,14971,13497,10637,9360,12491,8517
AT3G09745,105,109,98,113,147,93
AT3G09760,1382,1197,891,2111,2532,1568
AT3G09770,4501,4636,3338,6377,8868,4980
AT3G09775,7,0,0,6,0,1
AT3G09780,697,740,366,202,436,300
AT3G09790,8,9,2,6,7,0
AT3G09795,42,41,44,63,98,40
AT3G09800,1757,1585,1187,942,1296,785
AT3G09810,13241,12713,8953,7703,9983,6443
AT3G09820,61730,63241,42934,44914,57722,35860
AT3G09830,825,771,525,638,848,587
AT3G09840,72133,72602,46105,55532,80045,52923
AT3G09850,4016,4058,2512,5073,6365,4913
AT3G09855,36,46,24,20,23,3
AT3G09860,4744,4514,3580,3234,4304,2027
AT3G09863,4,2,4,10,2,2
AT3G09875,117,105,72,47,65,63
AT3G09880,2408,2394,1780,2724,3451,3001
AT3G09890,2204,2102,1627,1964,2197,1496
AT3G09895,3,3,2,3,2,3
AT3G09900,3075,2703,2189,3944,4894,2791
AT3G09905,2,1,1,4,4,9
AT3G09910,466,448,420,2192,2619,1042
AT3G09915,0,3,2,6,6,2
AT3G09920,3060,3083,2057,3148,4099,3057
AT3G09922,58,45,47,29,40,27
AT3G09925,10043,9585,7009,3461,6689,3596
AT3G09930,9,23,8,0,7,7
AT3G09940,17495,15329,12267,1386,2182,1279
AT3G09950,29,20,16,24,27,18
AT3G09960,414,533,306,169,438,142
AT3G09965,71,77,57,67,58,37
AT3G09970,2889,2832,2064,2125,3148,2037
AT3G09980,5087,4692,3647,2732,3434,1711
AT3G09985,7,3,1,5,4,4
AT3G10010,297,275,227,261,386,230
AT3G10020,2953,2204,1897,24617,29617,12706
AT3G10030,2826,2678,1887,3917,4197,3961
AT3G10040,250,164,109,138,141,115
AT3G10050,6126,6373,3935,5632,5842,5586
AT3G10060,331,363,270,198,286,163
AT3G10070,878,1005,602,845,1035,941
AT3G10080,981,907,804,186,317,182
AT3G10090,3544,3659,2838,2433,2843,1288
AT3G10100,70,77,50,81,101,79
AT3G10110,1359,1502,938,543,579,460
AT3G10113,471,464,417,685,901,390
AT3G10120,21,54,26,15,17,13
AT3G10130,535,555,412,1135,1309,733
AT3G10140,1015,981,650,1020,1065,711
AT3G10160,2775,2950,2049,1997,2487,1777
AT3G10180,782,765,539,492,615,428
AT3G10190,1281,1027,636,517,851,493
AT3G10200,201,199,149,263,277,206
AT3G10210,1694,1694,1361,2743,2985,1684
AT3G10220,4206,3902,3180,3683,4795,3482
AT3G10230,2260,2236,1417,1488,2118,1533
AT3G10250,4384,4338,3593,5742,7148,3727
AT3G10260,6978,6420,5342,3752,6255,2612
AT3G10270,2760,2818,1899,2617,3146,2478
AT3G10280,0,2,0,5,4,0
AT3G10290,97,100,87,37,73,54
AT3G10300,3939,3999,3028,4736,7007,2986
AT3G10310,1568,1623,925,458,593,373
AT3G10320,689,660,394,519,828,475
AT3G10330,3327,3182,2315,2744,3492,2074
AT3G10340,11080,10228,7179,18504,20804,11975
AT3G10350,2948,2752,2189,3177,3915,2325
AT3G10360,4095,4344,2903,2664,3912,3031
AT3G10370,5501,5690,3758,3802,4625,2854
AT3G10380,9251,8720,5783,7365,9157,7436
AT3G10390,2214,2171,1312,2455,2933,2673
AT3G10400,425,468,307,492,476,355
AT3G10405,117,91,84,127,148,40
AT3G10410,11794,12255,8000,13398,17032,10896
AT3G10420,2220,2069,1460,3255,4210,1914
AT3G10440,912,946,682,409,498,456
AT3G10450,15,11,18,926,827,423
AT3G10470,384,366,223,45,82,87
AT3G10480,3080,2723,2009,2973,3694,2340
AT3G10490,3833,3817,2866,5583,7967,4589
AT3G10500,8153,7193,5200,7484,9470,5024
AT3G10520,1314,1285,976,841,1083,664
AT3G10525,4242,4238,3153,1492,2627,1352
AT3G10527,91,50,69,34,56,27
AT3G10530,3404,3555,2098,1278,1450,1446
AT3G10540,3706,3243,2247,1616,2132,1610
AT3G10550,3583,3978,2918,4417,5894,3461
AT3G10560,14,23,13,20,17,20
AT3G10570,6,0,5,8,3,0
AT3G10572,1093,923,705,1618,1902,1121
AT3G10575,0,1,2,5,6,5
AT3G10590,3,0,0,0,5,3
AT3G10600,80,82,56,9,6,6
AT3G10605,14,19,9,4,16,5
AT3G10610,10742,9929,7577,6824,7030,5245
AT3G10620,1978,1844,1378,2189,2453,1507
AT3G10630,891,865,702,719,1010,785
AT3G10640,5614,5116,4035,5337,6769,3979
AT3G10650,6724,6722,4428,6230,8069,6946
AT3G10660,5168,5131,3010,2044,2986,2475
AT3G10670,2514,2628,1763,3242,3609,3047
AT3G10680,130,155,106,145,195,176
AT3G10690,4369,4458,2662,2966,2932,2690
AT3G10700,1742,1591,1115,1647,2041,1501
AT3G10710,4084,4377,2739,376,1048,881
AT3G10720,7760,6682,4534,1548,2829,2351
AT3G10730,3363,2965,2393,2837,3462,2611
AT3G10740,11447,10467,8258,16772,23868,12889
AT3G10745,24,16,20,13,25,16
AT3G10750,13,26,16,27,45,36
AT3G10760,5186,4429,3856,2965,4275,2590
AT3G10770,7636,7060,5384,9515,11225,7604
AT3G10780,52,22,22,92,64,88
AT3G10800,4997,4638,3151,5416,6914,4843
AT3G10810,3395,3399,2604,4668,5935,4332
AT3G10815,422,370,282,1056,1528,611
AT3G10820,899,829,632,2487,2715,1551
AT3G10840,55,75,36,58,67,25
AT3G10850,7997,7927,6552,7022,9014,5282
AT3G10860,30439,29435,23135,24426,33964,14129
AT3G10870,39,61,33,7,15,11
AT3G10880,41,55,36,137,121,78
AT3G10910,3418,3541,2472,4883,6508,3368
AT3G10915,5292,4781,3879,6048,8286,4846
AT3G10920,32723,34253,25400,25047,35425,23111
AT3G10930,217,233,249,683,1087,580
AT3G10940,1380,1411,1091,1141,1591,997
AT3G10960,3786,3809,2929,8574,11631,6620
AT3G10970,1298,1305,1005,2358,2552,1571
AT3G10980,4575,3952,2737,2147,3344,2168
AT3G10985,12683,12279,10791,8026,10428,5967
AT3G10986,58,70,43,275,295,127
AT3G11000,25,30,28,20,15,15
AT3G11010,397,351,279,300,329,270
AT3G11020,11,12,2,60,74,49
AT3G11030,4918,4462,3547,3767,5258,4062
AT3G11040,742,702,481,452,789,545
AT3G11050,648,927,589,669,922,589
AT3G11070,4953,4799,2895,3606,4092,3636
AT3G11080,389,298,313,343,395,287
AT3G11090,8,0,0,5,0,0
AT3G11100,1935,1756,1407,2900,3759,2170
AT3G11110,98,103,34,283,235,124
AT3G11120,10774,11188,8835,6542,10097,4590
AT3G11130,47333,44672,31107,26727,35733,29229
AT3G11150,212,209,122,153,186,138
AT3G11170,2192,2004,1250,1745,2162,1869
AT3G11200,11770,11374,8234,10792,13865,10256
AT3G11210,820,730,538,698,1179,869
AT3G11220,1757,1541,1219,1914,2451,1447
AT3G11230,1901,1817,1591,2013,2715,1239
AT3G11240,1193,1238,919,1120,1329,973
AT3G11250,9308,8735,6771,4662,6444,4429
AT3G11260,184,140,193,192,261,100
AT3G11270,3663,3285,2781,3600,4399,2302
AT3G11280,4897,5211,4321,3517,4437,2562
AT3G11290,1811,1734,1320,1703,2249,1370
AT3G11320,10510,9222,6986,7444,10276,6291
AT3G11325,4,4,12,14,17,14
AT3G11330,15344,14774,10704,11892,15244,11093
AT3G11340,34636,30815,23736,26762,35014,20655
AT3G11350,12,10,2,0,0,2
AT3G11370,311,282,194,0,3,3
AT3G11385,687,594,344,20,37,34
AT3G11390,167,97,79,3,0,3
AT3G11395,3,3,1,0,1,2
AT3G11397,4082,3601,2985,3478,4773,2655
AT3G11400,14490,13834,9866,14532,17131,12368
AT3G11402,94,68,39,7,30,5
AT3G11410,3937,3656,2673,12468,15602,8191
AT3G11415,0,0,0,8,12,0
AT3G11420,4331,4154,3273,8954,10547,6581
AT3G11430,485,445,339,8486,8169,4104
AT3G11440,614,601,389,999,1394,910
AT3G11450,7738,7245,5374,8325,10810,9002
AT3G11460,98,93,61,36,78,81
AT3G11470,485,420,358,561,674,406
AT3G11490,4454,4324,3059,3190,3700,2179
AT3G11500,4151,3958,3341,3017,3940,2738
AT3G11510,45762,42722,35319,36545,42137,25152
AT3G11520,1431,1449,1036,388,447,220
AT3G11530,3544,3211,2743,3529,4411,2328
AT3G11540,4235,3876,2919,4862,5605,4906
AT3G11550,17668,15731,13330,8566,14429,6375
AT3G11560,5085,4841,3490,3301,4512,2846
AT3G11570,557,524,434,847,1232,675
AT3G11580,538,535,433,975,1041,461
AT3G11590,4648,4408,2999,3560,4312,3458
AT3G11591,81,74,63,51,47,19
AT3G11600,803,678,569,1160,1637,747
AT3G11620,1994,1930,1500,1339,1714,1104
AT3G11630,11823,12331,8772,6818,8280,5003
AT3G11640,143,104,111,51,55,45
AT3G11650,787,758,606,580,759,394
AT3G11660,6339,7035,5482,9102,12592,6717
AT3G11670,1310,1351,913,1610,1998,1244
AT3G11690,2932,2796,2208,2798,4003,2667
AT3G11700,8989,8425,5789,1855,2451,1948
AT3G11710,15008,15342,9052,12789,14607,11629
AT3G11720,1996,1757,1650,796,1261,748
AT3G11730,4578,4586,3582,4261,5434,3370
AT3G11745,156,126,104,126,132,98
AT3G11750,68,82,54,101,90,43
AT3G11760,1769,1535,1172,1312,1431,1172
AT3G11770,3425,3118,2409,4075,5028,3128
AT3G11773,14,8,21,37,51,16
AT3G11780,10685,10567,9117,10301,15462,5685
AT3G11800,11369,10911,9359,6899,9717,4997
AT3G11810,3338,3168,2490,2632,3785,2317
AT3G11820,4415,4154,3118,5629,7834,4653
AT3G11830,23072,22031,14587,23724,27229,20962
AT3G11840,147,119,85,505,558,374
AT3G11850,1146,1130,752,934,994,640
AT3G11860,17,0,17,13,16,16
AT3G11880,1652,1681,1364,1555,1980,1053
AT3G11890,1445,1428,1068,1120,1684,1279
AT3G11900,5556,5202,3931,6588,8914,4942
AT3G11910,14472,13362,9944,13912,17659,12731
AT3G11930,9426,8229,5705,21029,23164,11759
AT3G11940,56419,56952,40393,50275,53683,42648
AT3G11945,3225,3014,2200,2047,2611,1898
AT3G11950,1468,1414,1041,700,1065,765
AT3G11960,5661,5243,3826,8215,9706,7568
AT3G11964,8128,7990,4707,4494,5188,4279
AT3G11980,12,15,0,6,19,14
AT3G12010,5453,5308,3591,4425,5809,4381
AT3G12020,5336,5456,4079,4064,6197,4171
AT3G12030,2316,1913,1418,2867,3189,1550
AT3G12040,1029,813,710,588,875,414
AT3G12050,10110,9570,7673,7651,9650,6550
AT3G12060,113,92,70,72,115,50
AT3G12070,651,650,515,710,932,546
AT3G12080,1245,1269,849,1418,1433,1124
AT3G12090,5533,5128,3954,6157,7865,4040
AT3G12100,3127,2807,2316,2487,2989,2169
AT3G12110,11067,9810,7408,1004,1025,683
AT3G12120,69878,61260,44835,66411,87738,73723
AT3G12130,3181,2874,2245,3889,4546,2770
AT3G12140,3354,3240,2428,3973,4684,3185
AT3G12145,518,611,455,123,200,140
AT3G12150,2390,2127,1588,1371,1780,1181
AT3G12160,5,0,11,6,5,0
AT3G12170,450,411,302,140,158,117
AT3G12180,2906,2574,2367,1878,2830,1726
AT3G12200,1883,2093,1483,1798,2140,1419
AT3G12210,1118,1001,861,1013,1122,811
AT3G12220,729,581,521,297,412,319
AT3G12230,37,0,25,9,15,0
AT3G12240,1616,1315,932,417,416,302
AT3G12250,1260,1219,1038,1715,2056,1235
AT3G12260,18041,17823,12927,13492,17686,9333
AT3G12270,3661,3740,2259,2747,2615,2658
AT3G12280,5179,5182,3491,4249,5264,3075
AT3G12290,10394,9846,7246,8460,12029,7594
AT3G12300,1872,1594,1281,3457,3648,2223
AT3G12320,524,505,479,1746,1777,589
AT3G12340,1497,1643,1113,1193,1189,846
AT3G12345,324,483,338,457,547,322
AT3G12350,2949,2860,2115,2620,3321,2103
AT3G12360,4842,4277,3491,5890,7163,4867
AT3G12370,2554,2456,1696,1335,1612,1548
AT3G12380,1459,1407,832,1459,1690,1264
AT3G12390,15294,14732,9607,7964,10029,7059
AT3G12400,3251,3087,2049,5269,6090,4038
AT3G12410,7,14,6,11,11,0
AT3G12460,8,5,8,8,16,10
AT3G12480,3921,3670,2826,5000,6848,4445
AT3G12490,10176,9949,7390,14559,18968,8604
AT3G12500,2407,2785,1663,8718,13779,5718
AT3G12502,14,5,3,13,32,14
AT3G12510,477,483,383,8064,4471,2275
AT3G12520,664,626,580,1357,1858,1237
AT3G12530,745,683,484,393,413,293
AT3G12540,1642,1483,1091,326,575,415
AT3G12550,1119,1265,863,793,1123,679
AT3G12560,6732,6474,4707,4808,6613,3852
AT3G12570,4577,4241,2956,5562,6375,4727
AT3G12580,4555,5051,4176,21248,19658,12776
AT3G12585,8,6,3,5,7,4
AT3G12587,2329,1989,1739,2215,2785,1623
AT3G12590,4749,4363,3308,3330,3766,3061
AT3G12600,8153,7899,5951,7226,10457,6468
AT3G12610,19904,17653,11628,8208,11497,9874
AT3G12620,3192,2973,2097,4537,5466,3645
AT3G12630,8623,8134,5879,11960,14101,8366
AT3G12640,2834,2911,2104,3553,4372,3193
AT3G12650,2339,2162,1775,2742,3637,2238
AT3G12670,8145,7947,5642,7378,8929,7168
AT3G12680,3819,3389,2964,4161,5187,3348
AT3G12685,88,76,66,139,147,98
AT3G12690,622,612,430,805,813,605
AT3G12700,3531,3488,2383,4957,7605,3941
AT3G12710,4783,3894,3197,4614,5322,3945
AT3G12720,5,0,3,6,4,0
AT3G12730,213,234,182,382,482,277
AT3G12740,7977,7551,5748,11455,14711,6515
AT3G12750,304,413,257,998,1127,630
AT3G12760,10471,9982,7703,10222,12618,8055
AT3G12770,41,11,12,8,2,9
AT3G12780,6986,7485,5139,4599,6413,4358
AT3G12800,9795,10201,6914,12979,16651,9672
AT3G12810,3641,3265,2264,2980,3994,3197
AT3G12820,88,109,146,74,77,63
AT3G12830,777,876,598,1163,1459,803
AT3G12833,4,0,6,13,20,7
AT3G12835,2,5,2,1,1,0
AT3G12840,4,0,6,8,7,6
AT3G12860,3013,2808,1708,1214,1362,1464
AT3G12870,1367,1418,1060,300,371,204
AT3G12880,6,0,3,23,11,16
AT3G12890,24,25,11,86,111,69
AT3G12900,3,0,16,0,0,0
AT3G12915,34,8,8,15,26,21
AT3G12920,3616,3377,2914,4127,4399,2913
AT3G12930,884,907,506,807,845,537
AT3G12940,1226,1121,807,1002,1371,972
AT3G12950,3703,3793,2466,2450,3143,2871
AT3G12955,216,167,102,334,422,227
AT3G12960,2,0,0,19,24,14
AT3G12965,9369,10789,9522,8230,10853,5631
AT3G12970,1513,1415,1160,1280,1140,919
AT3G12977,1014,856,691,350,683,250
AT3G12980,2921,2890,1908,3397,4034,2794
AT3G12981,0,11,7,7,11,0
AT3G12990,1363,1326,1026,1457,1706,815
AT3G13000,1628,1453,1182,1306,1753,1319
AT3G13010,9,13,7,0,6,3
AT3G13020,137,131,93,340,220,219
AT3G13030,1607,1438,1131,761,986,831
AT3G13040,3373,3077,2501,3161,4055,2067
AT3G13050,2975,2646,2020,3088,4499,2728
AT3G13060,12455,11883,8608,7537,11479,8268
AT3G13061,143,125,130,181,208,56
AT3G13062,1569,1496,1120,1392,1907,1242
AT3G13065,291,248,205,485,948,612
AT3G13070,4243,3969,2790,2375,3268,3075
AT3G13080,4154,4172,2650,18928,18776,16689
AT3G13090,289,411,205,211,330,204
AT3G13100,1164,1185,632,1047,1503,1065
AT3G13110,7455,8107,4571,6598,8824,6842
AT3G13120,2506,2181,1714,2397,3047,2263
AT3G13140,17,18,21,18,42,24
AT3G13150,1560,1479,1095,1015,1140,790
AT3G13160,3586,3732,2347,1347,1643,1122
AT3G13170,181,194,143,132,124,65
AT3G13175,1058,968,916,930,1237,855
AT3G13180,1009,1029,692,951,1193,808
AT3G13190,848,626,527,764,1108,708
AT3G13200,11284,9971,8227,20286,24143,11342
AT3G13210,69,51,45,75,114,85
AT3G13222,3893,3456,2658,4868,5606,4672
AT3G13224,2701,2698,2049,3781,4781,2898
AT3G13225,2765,2637,2124,3190,4191,2717
AT3G13226,1306,1253,991,1009,1362,1079
AT3G13230,3806,3770,2445,3775,4131,2929
AT3G13235,8106,7854,5030,5201,6882,4895
AT3G13240,103,109,150,68,89,53
AT3G13270,6,0,0,16,19,8
AT3G13275,482,491,361,657,897,404
AT3G13276,17,20,14,20,32,10
AT3G13277,354,324,260,207,297,152
AT3G13290,3398,3152,2215,2547,3079,2400
AT3G13300,14825,14040,9706,13554,16386,13040
AT3G13310,4027,4007,2824,4411,4843,2338
AT3G13320,7697,7113,4518,4335,5605,4055
AT3G13330,14649,14691,9289,11448,14814,11040
AT3G13340,7037,6282,4945,8692,10656,7237
AT3G13350,2260,2153,1830,2359,2753,1834
AT3G13360,5034,5003,3534,4114,5095,3947
AT3G13380,1322,1439,926,1324,1905,1274
AT3G13403,78,80,67,17,34,8
AT3G13404,354,273,322,86,146,80
AT3G13405,44,47,26,16,21,11
AT3G13410,36442,34880,25879,24744,36918,18327
AT3G13420,468,441,347,291,335,186
AT3G13430,1615,1537,1222,1350,1745,1043
AT3G13432,181,193,153,82,197,81
AT3G13435,2916,2821,2374,1104,1762,657
AT3G13437,55,75,68,31,37,17
AT3G13438,374,299,208,111,248,213
AT3G13440,4357,4182,2852,7124,8023,6547
AT3G13445,3661,3230,2456,3428,4015,2238
AT3G13450,2066,1954,1589,1508,1823,1175
AT3G13460,33710,32229,23833,33192,40025,32101
AT3G13470,10442,11316,6520,3750,3878,3331
AT3G13480,1680,1426,1110,1168,1579,968
AT3G13490,2656,2629,1580,2522,2933,2461
AT3G13500,50,29,39,20,93,18
AT3G13510,1566,1583,1196,1341,1699,1136
AT3G13520,40086,35524,27214,46980,60462,27717
AT3G13525,10,2,2,5,5,2
AT3G13530,3515,3263,2403,2564,3018,2201
AT3G13550,1493,1375,967,1812,2367,1333
AT3G13560,2801,2590,1949,811,1159,711
AT3G13570,7121,6675,5520,5399,6486,4453
AT3G13580,12627,12445,9260,15424,17379,11092
AT3G13590,97,124,83,201,217,160
AT3G13600,2590,2417,1523,962,1276,800
AT3G13610,11607,10996,8610,2357,4606,2155
AT3G13620,1376,1263,897,1092,1401,1028
AT3G13640,173,276,193,132,214,110
AT3G13650,3047,3456,2357,2164,3700,1896
AT3G13660,3,0,4,26,23,8
AT3G13670,13005,13327,8826,12433,16010,12282
AT3G13672,63,52,50,134,99,36
AT3G13674,1328,1268,1168,596,852,534
AT3G13677,524,422,360,630,779,386
AT3G13680,10,5,7,14,0,5
AT3G13682,495,480,305,239,321,233
AT3G13690,3681,3789,2709,1442,2192,1773
AT3G13700,622,839,632,742,443,256
AT3G13710,1232,836,659,745,1725,845
AT3G13720,6360,6202,4743,4951,8253,3741
AT3G13724,4,5,0,2,1,2
AT3G13730,1722,2008,1319,1412,1628,895
AT3G13740,1020,924,790,1307,1151,800
AT3G13750,11240,10945,6620,7753,10069,7172
AT3G13760,1826,1633,1330,84,119,87
AT3G13770,73,47,32,20,28,28
AT3G13772,13412,12347,9487,9567,12937,8528
AT3G13780,409,365,343,382,591,264
AT3G13782,3334,2981,2476,1590,2855,1576
AT3G13784,0,0,4,16,7,0
AT3G13790,30894,29265,17848,14310,21136,15018
AT3G13800,1275,1114,874,1648,2021,1553
AT3G13810,1001,909,861,274,437,309
AT3G13820,8,0,3,0,0,0
AT3G13845,1811,1510,1236,1400,1949,943
AT3G13855,1,2,2,1,1,5
AT3G13857,9,14,3,14,6,9
AT3G13860,6316,6563,4340,3765,3952,2733
AT3G13870,24078,23243,16958,19454,25883,17478
AT3G13880,209,182,156,109,122,114
AT3G13882,6626,6190,5108,5047,6120,4489
AT3G13898,15,21,15,40,39,36
AT3G13900,11,15,22,7,13,13
AT3G13910,1262,1388,913,2263,2917,1285
AT3G13920,61510,61891,41387,59324,72646,56620
AT3G13930,33938,32915,23330,19768,26577,15530
AT3G13940,2280,2210,1324,957,950,799
AT3G13950,156,131,151,116,148,76
AT3G13965,1431,1381,1241,727,1042,635
AT3G13970,972,862,697,721,885,482
AT3G13980,279,291,155,128,149,90
AT3G13990,4095,3733,2685,3853,4477,3649
AT3G14000,1881,1737,1219,1597,1833,1430
AT3G14010,9937,9145,7291,11797,15496,9804
AT3G14020,493,423,423,407,522,268
AT3G14025,13,10,0,3,4,0
AT3G14050,4121,3699,2931,2740,3707,1889
AT3G14060,154,171,133,142,321,88
AT3G14067,17011,17649,10997,18870,27454,16658
AT3G14070,286,235,205,550,613,472
AT3G14075,1687,1647,1255,1963,2537,1538
AT3G14080,3018,3000,2602,2423,3375,2296
AT3G14090,1484,1485,1129,1230,1690,953
AT3G14100,8756,8362,6747,8760,10910,6603
AT3G14110,2286,2225,1661,3111,3487,2724
AT3G14120,3137,3368,2246,3411,3582,3245
AT3G14130,1341,1361,923,2298,2737,1729
AT3G14140,0,8,7,9,10,0
AT3G14150,1183,1142,959,604,877,455
AT3G14160,356,382,227,488,466,316
AT3G14170,574,493,341,569,629,490
AT3G14172,6623,6424,4380,4537,5775,4408
AT3G14180,2614,2193,1652,4163,4991,3501
AT3G14185,64,45,51,40,52,16
AT3G14190,1464,1543,1254,376,474,268
AT3G14200,4933,3645,3394,3260,4279,2669
AT3G14205,4479,4152,3173,4985,7154,3687
AT3G14210,53,48,49,38,67,28
AT3G14220,3325,3141,2379,2140,2835,1847
AT3G14225,230,206,118,284,453,232
AT3G14230,11095,10514,8057,19147,23381,13942
AT3G14240,3984,4073,2856,2476,3040,3083
AT3G14260,518,589,553,81,77,44
AT3G14270,6365,6446,4521,5998,9860,6354
AT3G14280,3297,3212,2317,7704,9441,3325
AT3G14290,12240,11081,8940,11111,13917,7549
AT3G14310,48230,47585,34709,8795,13298,8407
AT3G14330,326,285,185,119,185,139
AT3G14340,41,71,81,65,67,15
AT3G14350,14957,17254,11216,9028,13334,7352
AT3G14360,576,649,363,615,730,564
AT3G14362,765,795,564,440,628,441
AT3G14370,1516,1527,1043,191,407,417
AT3G14380,8,8,0,2,15,8
AT3G14390,6791,6720,4651,4698,5089,4125
AT3G14395,147,143,88,85,149,67
AT3G14400,5062,5032,3415,4548,5558,4322
AT3G14410,3435,3382,2709,1435,2064,1028
AT3G14415,914,608,678,136,150,96
AT3G14420,0,11,21,3,13,9
AT3G14430,4786,4385,3295,4719,6491,3244
AT3G14440,683,581,351,17003,17175,11193
AT3G14460,146,143,111,24,44,32
AT3G14463,4,3,2,3,0,6
AT3G14467,5,4,3,8,0,14
AT3G14470,1733,1567,1284,595,1128,611
AT3G14490,14,0,9,10,7,6
AT3G14500,2,0,3,8,0,3
AT3G14510,768,662,561,1071,998,950
AT3G14515,44,50,53,50,88,48
AT3G14517,884,839,681,1197,1426,968
AT3G14520,0,7,0,16,23,0
AT3G14530,2315,2316,1346,1452,1671,1796
AT3G14540,1485,1406,1021,419,513,397
AT3G14550,849,788,455,469,385,389
AT3G14560,1334,1344,920,5698,7036,3293
AT3G14570,2832,2655,1857,1785,2336,1968
AT3G14580,209,181,124,64,71,67
AT3G14590,1202,1246,985,3076,4197,2053
AT3G14595,4738,4278,3307,9906,13751,8093
AT3G14600,32590,29984,23227,31943,37746,26925
AT3G14610,5209,4408,3452,4798,6253,3842
AT3G14620,109,102,90,849,1285,760
AT3G14630,0,4,0,0,10,0
AT3G14640,14,14,21,0,12,0
AT3G14650,1193,1470,935,1096,1515,933
AT3G14660,14481,14157,10534,22549,30502,16537
AT3G14670,9,17,20,60,48,16
AT3G14680,3528,2962,2351,2950,5198,2188
AT3G14690,6407,6557,4173,24538,28798,16898
AT3G14700,0,0,5,10,16,3
AT3G14720,5196,5213,3597,7121,8398,5384
AT3G14730,315,368,178,105,159,163
AT3G14740,1969,1736,1282,378,562,344
AT3G14750,515,496,347,953,1108,649
AT3G14770,1090,918,784,4566,6448,2498
AT3G14780,679,623,588,611,637,312
AT3G14790,6787,6019,4125,3936,5347,3857
AT3G14800,1617,1612,1121,1719,2044,1345
AT3G14810,360,355,198,1331,1439,654
AT3G14820,0,0,3,7,0,0
AT3G14830,2987,2997,2228,2899,3612,2482
AT3G14840,12053,11483,8356,3890,6526,3998
AT3G14850,3364,4178,2575,919,1924,996
AT3G14860,2756,2767,2092,2405,2965,2138
AT3G14870,585,541,384,667,687,558
AT3G14880,7,14,6,34,44,28
AT3G14890,2346,2343,1473,2535,2584,2018
AT3G14900,402,382,242,83,89,72
AT3G14910,1736,1634,1349,1575,2039,1142
AT3G14920,3672,4235,2299,2314,3402,2325
AT3G14930,2688,2616,1855,2338,3018,1980
AT3G14940,77333,80323,46282,51958,83113,56838
AT3G14950,7,15,0,0,0,0
AT3G14960,2312,2272,1527,1887,2787,1869
AT3G14970,0,0,0,5,5,0
AT3G14980,1842,1507,1252,1041,1253,1075
AT3G14990,96520,82420,54889,170594,183887,115116
AT3G15000,20041,21511,14611,10708,11860,9815
AT3G15010,5711,5527,3738,4567,5575,4269
AT3G15020,12108,12871,9123,8764,12047,7092
AT3G15030,683,655,680,368,503,355
AT3G15040,2857,2433,2021,2716,3262,1971
AT3G15050,202,174,68,78,78,34
AT3G15060,1211,1075,792,2031,2132,1292
AT3G15070,2823,2607,1671,3202,4013,2679
AT3G15080,1381,1400,1071,845,1004,620
AT3G15090,3853,3901,2447,3708,5475,3395
AT3G15095,3159,2966,1884,2074,2909,2688
AT3G15110,375,398,312,352,454,292
AT3G15115,1414,1196,935,247,548,353
AT3G15120,2034,1975,1263,1772,2233,1919
AT3G15130,363,360,195,184,176,149
AT3G15140,734,857,523,351,495,357
AT3G15150,844,708,598,749,794,567
AT3G15160,2980,2827,1994,2146,2785,2330
AT3G15180,3236,3126,2171,3432,4330,2523
AT3G15190,2309,2268,1793,2527,3347,1806
AT3G15200,81,120,87,214,288,182
AT3G15210,2875,2886,2115,6386,8451,4789
AT3G15220,2854,2876,1825,2066,2364,1753
AT3G15240,7206,6971,5072,4520,5081,4719
AT3G15250,295,296,234,143,199,126
AT3G15251,2,8,4,0,0,3
AT3G15260,4205,3768,2628,3580,4360,2892
AT3G15280,0,0,0,42,18,12
AT3G15290,3243,3225,2459,4155,5288,3727
AT3G15300,1332,1392,970,1388,2686,1427
AT3G15340,708,592,437,753,1116,801
AT3G15350,1916,1918,1340,3603,4743,2754
AT3G15351,1034,970,788,1163,1406,692
AT3G15352,1534,1461,1062,2083,2342,1318
AT3G15353,2080,1847,1474,1370,1450,562
AT3G15354,1535,1508,932,2228,2863,2011
AT3G15355,2046,1938,1369,2138,2774,1975
AT3G15356,761,589,575,1996,2961,1243
AT3G15357,2737,2756,2007,1513,1697,1197
AT3G15358,352,348,281,332,490,209
AT3G15360,1130,1225,888,1128,1169,524
AT3G15370,66,102,54,11,5,11
AT3G15380,2596,2150,1625,2007,2242,2032
AT3G15390,705,638,483,409,397,320
AT3G15395,1355,1198,1065,865,1575,768
AT3G15400,251,338,289,382,425,257
AT3G15410,7531,6633,5523,4664,6056,4083
AT3G15420,364,280,310,301,488,190
AT3G15430,6304,6083,5044,4677,6413,4014
AT3G15440,14,3,11,32,40,18
AT3G15450,27681,22812,26206,47224,49447,26235
AT3G15460,1686,1850,1278,786,837,613
AT3G15470,2877,2818,2111,2426,3259,2369
AT3G15480,4544,3893,3388,2403,3147,1772
AT3G15500,57,66,43,774,902,539
AT3G15510,500,420,381,219,335,171
AT3G15518,556,538,388,1151,1650,720
AT3G15520,387,399,264,390,527,242
AT3G15530,1404,1487,1085,1482,2054,1478
AT3G15534,11,23,8,39,36,23
AT3G15540,1339,1239,1054,1341,1292,666
AT3G15550,907,1024,629,116,147,98
AT3G15570,26,24,24,11,13,0
AT3G15580,4011,3865,3125,5598,7042,3055
AT3G15590,2771,2982,2039,2672,3064,2496
AT3G15605,5,3,2,6,5,2
AT3G15610,5667,5207,3828,4766,5818,3613
AT3G15620,521,474,380,604,856,512
AT3G15630,5465,5524,5224,7151,7664,3543
AT3G15635,3,2,3,3,3,1
AT3G15640,22275,22839,16835,18680,24397,13001
AT3G15650,482,660,353,1088,1458,1204
AT3G15660,7530,7360,5845,8123,10163,5739
AT3G15670,25,42,43,30248,31251,16150
AT3G15680,1442,1171,950,1111,967,653
AT3G15690,3383,3347,2431,2203,2890,1711
AT3G15700,863,957,658,136,354,273
AT3G15710,4271,4080,3032,3120,3552,1928
AT3G15720,522,582,389,281,325,238
AT3G15730,67244,65149,44441,52998,77313,56466
AT3G15740,4,8,13,27,11,13
AT3G15750,189,236,140,302,259,146
AT3G15760,450,340,381,1030,1259,511
AT3G15770,610,568,514,1004,1280,723
AT3G15780,249,167,169,414,535,266
AT3G15790,709,655,485,1335,1483,863
AT3G15800,219,195,169,270,420,285
AT3G15810,3481,3314,2575,2843,3590,1893
AT3G15820,3917,3187,2786,2240,2640,1991
AT3G15830,6,11,0,87,84,53
AT3G15840,0,0,6,31,28,14
AT3G15850,1071,1035,696,1965,2056,1612
AT3G15880,9533,9116,6288,9603,11644,8888
AT3G15890,954,938,751,755,912,533
AT3G15900,101,122,124,163,208,140
AT3G15920,2956,2973,1904,2123,2753,1878
AT3G15930,3,3,1,1,1,1
AT3G15940,5792,6010,4077,4185,5100,3790
AT3G15950,68607,63589,50579,23821,34319,26112
AT3G15970,2929,2827,2105,3408,4755,3262
AT3G15980,14018,13707,8914,9289,12676,9410
AT3G15990,765,750,504,23933,27436,14448
AT3G16000,491,624,390,351,513,352
AT3G16010,300,373,203,291,345,291
AT3G16020,55,34,32,27,48,47
AT3G16030,754,697,466,342,567,307
AT3G16040,12,0,11,14,14,0
AT3G16050,3213,2700,2155,1481,1672,1215
AT3G16060,6098,5938,3909,3983,4828,3729
AT3G16070,24,39,31,13,12,22
AT3G16080,21621,22665,16883,15122,18133,11773
AT3G16090,3277,2923,2455,2267,3227,1995
AT3G16100,1702,1641,1092,1367,1602,984
AT3G16110,4500,4129,2987,2942,4244,2396
AT3G16120,21,8,12,0,11,0
AT3G16140,168,216,131,53,130,38
AT3G16150,1589,1799,953,374,278,417
AT3G16160,10,16,15,0,0,3
AT3G16170,917,956,541,1071,1305,1014
AT3G16175,13,8,13,78,86,25
AT3G16180,7991,7219,5261,3142,4953,3405
AT3G16190,2657,2620,2141,4933,6255,3133
AT3G16200,3921,3665,2890,2502,3466,2472
AT3G16210,147,90,101,213,301,141
AT3G16220,519,423,426,509,869,409
AT3G16230,3878,3554,2860,3306,4711,2544
AT3G16240,63776,54640,56751,11694,15764,8676
AT3G16260,2057,1743,1234,1121,1488,1227
AT3G16270,6447,5768,4300,5260,7446,5018
AT3G16280,168,151,149,45,71,25
AT3G16290,2834,2695,1736,1798,2343,2227
AT3G16300,224,228,220,92,167,101
AT3G16310,5078,4748,3728,5530,7190,5341
AT3G16320,1053,1091,706,975,1154,806
AT3G16330,1984,1865,1120,6060,6088,3953
AT3G16340,16102,16619,11465,14042,17280,11350
AT3G16350,2818,2710,2146,2900,4130,2104
AT3G16360,8,7,0,99,141,35
AT3G16370,253,155,185,67,76,42
AT3G16380,3,2,1,0,6,0
AT3G16390,6602,6441,5007,2072,2357,1369
AT3G16400,53172,51384,48862,27361,46963,20469
AT3G16410,17568,16012,13463,5971,9490,5307
AT3G16415,0,6,1,3,1,3
AT3G16420,126521,127996,99259,38968,66350,40136
AT3G16430,7400,7265,5197,1873,3124,2085
AT3G16440,4249,4000,2098,4118,5012,3790
AT3G16450,10875,11039,8229,4959,8165,4099
AT3G16460,158891,138027,99207,78404,120801,84182
AT3G16470,9467,9716,8585,5954,8263,4066
AT3G16480,8162,8310,5293,6877,7846,5793
AT3G16490,804,825,524,349,399,442
AT3G16500,1264,1246,971,898,1079,644
AT3G16510,899,867,593,953,1477,845
AT3G16520,178,329,175,40,42,32
AT3G16530,201,105,197,120,122,50
AT3G16540,33,36,18,27,18,17
AT3G16555,3,6,3,0,0,0
AT3G16560,2445,2799,1985,1106,1709,924
AT3G16565,1259,1212,856,853,1370,796
AT3G16570,2002,1883,1502,1856,2493,1337
AT3G16600,14,0,8,24,10,0
AT3G16610,117,109,51,93,50,66
AT3G16620,2319,2319,1327,1436,1644,1439
AT3G16630,10327,9900,6594,4513,5841,4077
AT3G16640,142812,128931,113735,116839,151089,95595
AT3G16650,43,76,33,51,61,23
AT3G16690,2663,2131,2264,753,1144,478
AT3G16700,980,840,763,755,1015,522
AT3G16710,172,143,114,100,142,140
AT3G16720,1769,1712,1218,1652,2155,1389
AT3G16730,882,777,540,879,1012,857
AT3G16740,2202,2001,1501,2063,2843,1934
AT3G16750,422,393,346,447,616,323
AT3G16760,6829,6408,4657,3914,5681,3498
AT3G16770,548,439,326,1473,1438,1286
AT3G16780,18853,21274,13716,12534,14632,11494
AT3G16785,4118,4012,2777,4155,5410,3970
AT3G16800,7874,7465,5908,34854,39381,16045
AT3G16810,4731,5105,3181,2735,2994,2554
AT3G16830,7118,6601,4445,4868,6045,5429
AT3G16840,4034,3887,2689,3169,3583,2786
AT3G16850,9916,9205,7196,4187,6038,3860
AT3G16857,8371,7881,5809,10409,12669,9512
AT3G16860,206,222,170,711,797,405
AT3G16870,2000,2054,1545,2176,2631,1304
AT3G16890,316,315,176,230,267,284
AT3G16900,72,85,76,68,54,37
AT3G16910,3675,3860,2452,4849,5932,4128
AT3G16920,5358,5548,3333,7022,6840,4149
AT3G16940,5036,4812,3366,4436,6781,4386
AT3G16950,9494,8732,6288,6748,7881,6477
AT3G16980,28,30,21,31,37,21
AT3G16990,1070,919,659,763,1027,484
AT3G17000,5074,4584,3488,6944,8529,4169
AT3G17010,37,28,19,11,29,7
AT3G17020,18830,18036,14458,13890,18405,8755
AT3G17030,678,627,410,642,523,444
AT3G17040,869,1042,589,967,1359,845
AT3G17050,8,2,4,0,3,1
AT3G17090,9026,9142,5861,8264,10248,8510
AT3G17100,5691,5516,4059,7992,8843,5208
AT3G17110,1516,1366,908,20773,24849,9557
AT3G17120,2635,2385,1525,1811,2470,2031
AT3G17130,213,223,112,448,593,312
AT3G17160,3873,3806,2569,2739,3497,2154
AT3G17170,754,856,593,486,559,384
AT3G17185,2267,2151,1705,1441,2257,863
AT3G17200,6,7,3,0,3,0
AT3G17205,6068,5664,3704,5908,7318,5085
AT3G17210,11673,10366,9579,6598,9607,5313
AT3G17225,5,3,6,14,8,2
AT3G17227,0,3,5,0,7,3
AT3G17240,25579,26901,16675,19357,26696,17634
AT3G17250,603,539,397,609,768,445
AT3G17280,149,198,77,110,130,128
AT3G17290,3,3,0,0,3,2
AT3G17300,3724,3882,2729,2724,3389,2100
AT3G17310,2098,2138,1500,2366,2854,2280
AT3G17320,0,0,3,11,9,5
AT3G17330,2028,2024,1292,1644,2010,1737
AT3G17340,5071,5017,3489,3619,4681,2950
AT3G17350,458,378,324,456,528,343
AT3G17360,1435,1504,1009,1031,1310,1143
AT3G17365,1393,1354,1038,1858,2297,1126
AT3G17380,471,483,249,520,441,338
AT3G17390,84571,82307,55846,33014,43107,31539
AT3G17410,9436,8569,6955,8244,11704,5682
AT3G17420,11606,11766,7940,4323,7045,4162
AT3G17430,6873,6378,4715,3177,4567,2798
AT3G17440,6207,5682,4587,3878,4716,2668
AT3G17450,1466,1435,976,1938,2475,2177
AT3G17460,334,354,237,372,520,349
AT3G17465,5793,5880,3678,5082,5853,5760
AT3G17470,664,640,416,666,775,452
AT3G17510,2690,2776,2095,4984,6171,3918
AT3G17520,2,3,2,7632,7740,3685
AT3G17580,1532,1314,1106,797,1148,871
AT3G17590,1484,1377,1035,2103,2215,1556
AT3G17600,397,393,245,95,159,97
AT3G17609,2862,2917,2008,3871,5352,2694
AT3G17611,2030,1721,1369,1511,2136,1242
AT3G17626,273,213,225,300,380,175
AT3G17630,309,254,199,321,379,304
AT3G17640,76,103,83,28,36,19
AT3G17650,5240,4808,3700,2804,4020,2305
AT3G17655,25,29,16,35,29,32
AT3G17660,304,374,268,551,560,303
AT3G17668,280,275,215,330,383,163
AT3G17670,354,333,234,464,497,363
AT3G17680,357,364,255,263,258,219
AT3G17690,274,245,191,622,558,436
AT3G17700,177,162,128,150,212,104
AT3G17710,662,580,370,714,979,518
AT3G17712,512,505,269,312,402,491
AT3G17715,841,772,704,937,1206,714
AT3G17717,14,21,3,2,62,4
AT3G17730,404,403,207,182,240,143
AT3G17740,1847,1671,1226,1763,2045,1638
AT3G17750,2869,2657,1875,2536,3092,2085
AT3G17760,15,6,6,4,7,5
AT3G17770,3873,3397,3093,11993,13346,8580
AT3G17780,11634,11345,8835,6378,9741,5797
AT3G17790,634,554,419,10795,12683,5111
AT3G17800,4172,4465,3055,6634,9690,5049
AT3G17810,33370,31183,22116,34148,51328,27257
AT3G17820,34256,31715,25224,38378,52337,31993
AT3G17830,754,668,444,492,515,466
AT3G17840,5217,4937,3903,1558,2267,2123
AT3G17850,7996,8306,5865,5977,7260,5789
AT3G17860,4872,4065,3102,5887,6736,4559
AT3G17880,3230,2964,2398,3070,4315,2413
AT3G17890,327,282,198,503,506,372
AT3G17900,9078,8515,6269,7124,9081,6874
AT3G17910,2102,2113,1491,1762,2139,1365
AT3G17920,2035,1722,1361,1238,1654,1097
AT3G17930,740,845,569,1046,1124,613
AT3G17940,12215,11782,8667,7965,11452,6847
AT3G17950,1126,1086,951,764,1053,549
AT3G17970,2606,2832,1895,2145,2455,1902
AT3G17980,0,10,0,26,21,20
AT3G18000,24706,22375,16803,3812,5614,4373
AT3G18020,146,127,82,69,95,97
AT3G18030,1707,1569,1227,2333,2733,2095
AT3G18035,7111,6799,4676,5528,6771,4849
AT3G18040,4064,3404,2305,2492,2993,2509
AT3G18050,873,792,728,593,782,650
AT3G18060,16410,16700,10532,9452,12881,9151
AT3G18070,339,251,217,187,261,161
AT3G18080,270,320,211,113,128,99
AT3G18090,276,222,163,154,250,159
AT3G18100,738,750,471,614,827,580
AT3G18110,1070,944,688,561,598,568
AT3G18130,15857,16076,9377,6772,8056,7676
AT3G18140,4433,4057,2946,4344,5519,3485
AT3G18145,172,133,106,633,608,572
AT3G18150,0,0,0,5,5,0
AT3G18160,1434,1378,1054,1385,1594,994
AT3G18165,5871,5921,3944,6542,7880,5027
AT3G18170,7098,8027,4762,1136,2551,1415
AT3G18190,21086,20933,13754,15305,18235,15304
AT3G18200,9305,9500,6447,794,2192,1742
AT3G18210,2920,2589,1607,1739,2187,1736
AT3G18215,3332,3205,2771,2848,3598,2498
AT3G18230,3507,3622,2322,2890,3618,3600
AT3G18240,3439,3420,2352,1683,1946,1476
AT3G18250,32,48,29,56,111,36
AT3G18260,471,495,353,745,660,377
AT3G18270,1563,1621,1089,1792,2358,1688
AT3G18280,8137,9408,6164,8336,8695,4085
AT3G18282,0,0,3,0,5,3
AT3G18290,8084,7628,4993,12322,14144,10366
AT3G18295,881,889,640,622,879,576
AT3G18300,307,354,276,233,365,198
AT3G18310,647,620,433,854,883,804
AT3G18320,263,230,177,211,256,192
AT3G18330,3,7,0,5,2,3
AT3G18350,1677,1591,1136,1861,2437,1949
AT3G18370,3490,3133,2172,2268,3579,2319
AT3G18380,2073,1969,1399,2174,2437,1550
AT3G18390,1570,1663,1051,1607,1733,1388
AT3G18400,184,172,201,677,759,393
AT3G18410,24402,24599,18116,14760,20008,12958
AT3G18420,1186,1348,783,1383,1549,916
AT3G18430,4144,3477,2910,4348,5229,2412
AT3G18440,3405,3303,2347,5487,6356,3819
AT3G18450,492,457,378,30,31,10
AT3G18460,11,18,10,0,0,0
AT3G18470,8,0,7,0,0,0
AT3G18480,5794,5775,4251,4572,5854,4024
AT3G18485,10,3,6,6,8,6
AT3G18490,2566,2899,2131,4751,5829,4193
AT3G18500,165,184,159,245,295,134
AT3G18510,558,547,421,204,270,145
AT3G18520,7854,7077,5117,8103,9734,7289
AT3G18524,1384,1344,831,521,557,435
AT3G18530,35,33,19,46,33,0
AT3G18535,1713,1932,1416,1329,1722,1083
AT3G18560,4511,4493,3372,1759,2340,1035
AT3G18570,20,34,10,7,12,10
AT3G18580,1563,1566,1099,518,569,404
AT3G18600,7751,7959,4781,5389,5536,5420
AT3G18610,164,205,137,264,156,124
AT3G18620,2201,1869,1451,2229,2853,1971
AT3G18630,342,368,296,184,144,118
AT3G18640,2850,2773,1895,2057,2710,2065
AT3G18660,1261,1170,813,2286,2318,1462
AT3G18670,240,190,171,196,245,172
AT3G18680,665,718,482,557,700,474
AT3G18690,858,719,577,1018,1364,778
AT3G18710,1902,1972,1467,1020,1479,807
AT3G18715,31,52,37,119,173,94
AT3G18720,0,3,0,21,4,10
AT3G18730,805,740,587,314,247,245
AT3G18740,29982,28482,22549,23684,30548,16996
AT3G18750,795,800,559,540,708,507
AT3G18760,3397,3779,2645,2152,2540,1909
AT3G18770,476,508,403,321,443,300
AT3G18773,610,669,575,1126,1204,547
AT3G18775,6,3,4,2,1,0
AT3G18777,12,32,11,24,23,11
AT3G18780,169530,153160,112384,63823,91962,63035
AT3G18790,2745,2584,1868,2453,3411,1985
AT3G18800,335,247,209,242,225,153
AT3G18820,14077,13206,10627,8226,11072,5009
AT3G18830,7119,6991,5197,5466,8550,4852
AT3G18840,26,56,22,19,15,11
AT3G18850,377,370,268,265,314,264
AT3G18860,9921,9552,6130,8996,12113,9168
AT3G18870,23,53,28,65,84,60
AT3G18880,272,291,232,324,374,217
AT3G18890,235,187,118,118,189,142
AT3G18900,37,27,26,0,15,0
AT3G18910,853,767,565,883,868,643
AT3G18915,20,15,13,8,13,9
AT3G18930,269,262,230,206,318,248
AT3G18940,3229,3007,2241,2863,3410,2477
AT3G18950,61,51,40,319,335,248
AT3G18960,128,99,138,27,40,51
AT3G18970,261,214,112,90,99,108
AT3G18980,842,720,526,910,1043,661
AT3G18990,7370,6365,5412,4802,6517,3864
AT3G19000,2217,2229,1647,2895,4007,2437
AT3G19002,24,16,10,15,28,14
AT3G19010,6680,5962,4318,7057,10987,5737
AT3G19020,38,17,16,30,23,27
AT3G19025,3,8,10,6,8,6
AT3G19030,4750,4813,3409,1366,2006,928
AT3G19040,66,103,57,58,20,47
AT3G19050,1971,1774,1256,532,505,334
AT3G19080,1601,1616,1134,1404,1829,1384
AT3G19085,0,0,6,30,10,6
AT3G19090,57,59,24,31,51,15
AT3G19100,11023,10713,7708,10094,13504,9895
AT3G19120,2618,2602,1959,2748,3303,2834
AT3G19130,12922,13247,9089,14210,15480,12856
AT3G19150,1123,1020,942,1519,2229,1100
AT3G19170,7623,8246,4784,7564,10587,7237
AT3G19180,2311,1866,1581,1528,1914,1576
AT3G19184,50,32,41,28,35,16
AT3G19190,3296,3246,2190,3300,4333,2670
AT3G19200,756,780,644,958,1554,1071
AT3G19210,1048,1003,704,778,798,657
AT3G19220,907,897,643,1004,1231,762
AT3G19230,66,29,41,23,42,25
AT3G19240,2940,2905,2214,4998,5974,3716
AT3G19250,262,255,130,132,199,186
AT3G19260,4226,3892,2960,4981,6706,3695
AT3G19270,0,0,0,10,32,8
AT3G19280,1121,1057,907,944,1440,766
AT3G19290,4309,3866,3304,7416,10133,4839
AT3G19300,909,852,664,518,586,340
AT3G19310,53,38,47,62,77,41
AT3G19320,475,565,386,52,112,52
AT3G19330,434,421,266,307,367,281
AT3G19340,6426,6359,4529,5565,8358,4081
AT3G19360,935,962,601,787,938,771
AT3G19370,5206,5137,3587,1850,2882,1515
AT3G19380,705,778,449,688,728,489
AT3G19390,16874,15735,11424,32131,46689,23550
AT3G19400,2455,2299,2134,458,791,425
AT3G19420,10963,10126,7237,10409,13240,9294
AT3G19430,1928,3644,1259,842,1059,1641
AT3G19440,969,977,741,398,359,202
AT3G19450,53027,55412,34279,19878,29991,18142
AT3G19460,3970,3236,3210,3405,4526,2572
AT3G19470,285,358,237,325,422,225
AT3G19480,10,7,0,2,4,7
AT3G19490,5469,5236,3848,4466,5987,4517
AT3G19500,183,152,181,161,180,161
AT3G19508,843,933,753,432,516,249
AT3G19510,2332,2074,1477,1504,1855,1308
AT3G19515,2257,2066,1390,1117,1525,1285
AT3G19520,3408,2797,2285,4078,5006,2916
AT3G19530,0,0,0,16,19,7
AT3G19540,3406,2922,2005,2358,3086,2556
AT3G19550,13,14,16,2,0,0
AT3G19553,2031,1863,1370,677,1003,693
AT3G19570,1320,1257,791,1101,1383,1201
AT3G19580,608,540,433,3058,3412,1184
AT3G19590,1724,1888,1344,933,911,581
AT3G19595,0,0,0,7,7,0
AT3G19615,18,14,17,91,136,65
AT3G19620,3,5,0,28,18,15
AT3G19630,2542,2182,1633,2735,3132,2292
AT3G19640,4326,4093,2852,5009,6097,4048
AT3G19650,1276,1311,900,920,1239,805
AT3G19660,1016,821,757,793,1650,681
AT3G19663,94,86,86,35,74,34
AT3G19670,3536,3456,2709,3660,5030,2930
AT3G19680,2678,2230,1588,1157,1517,855
AT3G19710,56,162,79,6,19,6
AT3G19720,3142,3210,2081,2155,2406,2020
AT3G19740,5525,5630,3131,4677,5107,4343
AT3G19760,16662,16330,11764,14794,19347,12978
AT3G19770,2797,2741,1809,2437,3435,2226
AT3G19780,2666,2520,1813,1943,2515,2068
AT3G19790,1518,1379,1044,1574,2233,1148
AT3G19800,46,53,25,57,65,49
AT3G19810,362,389,248,392,464,309
AT3G19820,66145,60282,39191,23970,36436,36375
AT3G19830,1215,1162,797,1387,1538,1217
AT3G19840,2332,2304,1591,2654,2918,2245
AT3G19850,8,13,9,0,10,0
AT3G19860,3189,2952,2599,4823,6794,4280
AT3G19870,3351,3393,1994,2737,3130,3065
AT3G19895,2557,2520,1780,2395,2907,1815
AT3G19900,1148,1185,890,1998,2632,1209
AT3G19910,6844,6297,4342,10235,12647,7868
AT3G19920,8,5,5,330,119,99
AT3G19930,7343,6162,4331,2366,4575,3075
AT3G19950,3789,3609,2703,4291,5375,3587
AT3G19960,3019,2912,2079,2738,3452,2416
AT3G19970,1205,970,737,1538,1728,969
AT3G19980,5521,5236,4025,4185,5123,3263
AT3G19990,1416,1390,1118,1340,1683,957
AT3G20000,16118,16746,11403,13040,14852,12433
AT3G20010,2282,2226,1632,2112,2190,1788
AT3G20015,5919,6557,4270,370,616,536
AT3G20020,1809,1548,1213,1648,1633,1342
AT3G20040,1584,1540,1086,650,999,698
AT3G20050,29974,29321,19539,20459,22396,19499
AT3G20060,5288,5018,4054,8362,9998,4791
AT3G20070,734,676,551,683,821,445
AT3G20080,2941,2646,1980,1025,1784,1345
AT3G20083,38,21,76,20,59,3
AT3G20090,1113,962,827,606,803,722
AT3G20100,3561,4195,2860,3107,4534,3082
AT3G20110,1896,2078,1543,246,372,260
AT3G20120,1164,1047,910,735,877,591
AT3G20130,3303,2987,2309,832,1226,843
AT3G20140,79,103,53,68,64,93
AT3G20150,1687,1680,1224,554,557,409
AT3G20155,0,0,0,0,6,5
AT3G20160,291,423,280,247,390,296
AT3G20170,1177,1227,888,1350,1579,1345
AT3G20180,10,11,0,5,0,12
AT3G20200,287,341,194,156,186,113
AT3G20230,1022,1005,782,930,1226,915
AT3G20240,1157,1168,812,502,557,495
AT3G20250,6816,6854,4764,9948,13830,7511
AT3G20260,3390,3047,2339,1814,2327,2062
AT3G20270,309,272,224,266,278,151
AT3G20280,961,915,625,906,960,765
AT3G20290,5960,5652,3942,5251,6976,4849
AT3G20300,247,263,226,5480,5841,3323
AT3G20310,3810,3717,2367,4258,5011,3968
AT3G20320,2705,2459,1838,1883,2661,1759
AT3G20330,3937,4104,2475,2744,3448,2367
AT3G20340,1195,1217,932,2969,3510,1385
AT3G20350,1180,1192,776,575,704,673
AT3G20360,569,264,244,268,718,315
AT3G20370,34911,34510,25236,9650,15431,11209
AT3G20380,1399,1076,1270,188,351,171
AT3G20390,26846,27586,20699,20354,25161,15258
AT3G20410,8780,8285,6051,6787,9493,5601
AT3G20420,76,56,33,40,55,35
AT3G20430,1491,1583,1075,1231,1538,1024
AT3G20440,890,799,485,220,234,250
AT3G20450,295,320,269,358,324,171
AT3G20460,674,799,698,219,375,174
AT3G20470,4,3,0,10,14,0
AT3G20475,106,119,110,135,92,61
AT3G20480,359,287,214,255,362,207
AT3G20490,1272,1240,779,888,1224,832
AT3G20500,1967,1822,1436,2749,3644,2031
AT3G20510,11009,10379,8154,10072,15579,7042
AT3G20520,8,14,26,48,31,22
AT3G20540,1659,1604,1167,679,659,580
AT3G20541,0,0,0,25,0,7
AT3G20550,2593,2370,1881,2993,4272,2466
AT3G20557,125,147,106,6,24,22
AT3G20560,3105,3143,2296,2573,3401,2432
AT3G20570,4760,5730,4170,6614,6934,3031
AT3G20590,727,613,465,75,174,226
AT3G20600,197,177,111,237,445,210
AT3G20620,1349,1298,896,1452,1802,1085
AT3G20630,9578,9460,6539,11282,13137,9764
AT3G20640,1285,1496,1163,579,653,411
AT3G20650,3614,3346,2658,3780,4552,2559
AT3G20660,2559,2296,1775,3709,4853,3485
AT3G20670,7183,6795,5713,7993,8158,3571
AT3G20680,179,108,149,65,127,60
AT3G20710,105,139,77,105,70,82
AT3G20720,2853,2675,1884,2139,2819,2188
AT3G20730,49,35,43,20,25,21
AT3G20740,2984,2879,2115,1886,2251,1335
AT3G20770,11607,10482,7940,13145,16622,12049
AT3G20780,1728,1497,1017,1208,1546,922
AT3G20790,6024,5375,3959,4154,5044,3464
AT3G20800,4764,4802,3513,5272,6589,4029
AT3G20810,94,122,65,470,450,321
AT3G20820,728,734,542,867,1296,749
AT3G20830,2185,2303,1447,1932,2315,1673
AT3G20840,1520,1187,991,729,1071,916
AT3G20850,104,117,102,32,34,7
AT3G20860,1869,1933,1427,1852,2205,1198
AT3G20865,0,3,4,3,0,0
AT3G20870,4095,4125,3033,3131,4112,2539
AT3G20880,58,31,28,8,6,8
AT3G20890,1320,1176,718,1153,1453,1005
AT3G20898,547,491,419,592,728,353
AT3G20900,6,4,4,10,9,5
AT3G20910,636,611,565,1111,1327,740
AT3G20920,6349,6291,5035,6018,8199,5578
AT3G20930,480,463,328,449,632,483
AT3G20935,904,802,663,319,568,383
AT3G20940,4484,3732,3193,2245,3124,2561
AT3G20960,1588,1484,1296,1016,1862,980
AT3G20970,2805,2364,1733,3022,3840,2659
AT3G20975,55,77,34,38,43,17
AT3G21000,17,37,18,14,10,18
AT3G21055,42,64,40,13,49,24
AT3G21060,1112,1222,672,540,709,569
AT3G21070,10480,8902,6626,15381,19956,11141
AT3G21090,0,0,0,3,0,8
AT3G21100,2098,1955,1478,1618,2108,1532
AT3G21110,2625,2819,1742,1845,2214,1893
AT3G21140,2276,2448,1439,1667,2223,1888
AT3G21150,6,3,6,36,57,27
AT3G21160,5219,4874,3453,4182,5215,3803
AT3G21175,2381,2281,1699,3117,3681,1958
AT3G21180,3977,3678,2647,1156,1832,1128
AT3G21190,5765,5636,3954,2931,3646,2185
AT3G21200,1786,1804,1168,963,1334,1157
AT3G21210,102,121,86,118,155,90
AT3G21215,6018,5687,4170,5608,7176,4535
AT3G21220,4736,4397,2979,3716,5280,3940
AT3G21230,4169,4258,2777,2813,3278,2074
AT3G21240,15004,15027,10288,4760,7147,4513
AT3G21250,10356,9538,6147,7487,10927,7925
AT3G21260,1118,932,1043,804,1025,374
AT3G21270,1072,1091,715,1417,1907,1050
AT3G21280,1534,1405,1102,1805,2140,1179
AT3G21290,1683,1662,1249,2311,2695,1839
AT3G21295,1422,1374,881,1674,1948,1536
AT3G21300,1181,1088,719,731,773,671
AT3G21305,2,1,1,5,12,4
AT3G21310,8,0,0,15,8,7
AT3G21320,0,5,0,19,20,4
AT3G21330,270,277,187,179,186,223
AT3G21340,1892,1983,1164,239,379,195
AT3G21350,1879,1751,1303,2187,2706,2103
AT3G21351,49,50,58,76,123,61
AT3G21360,145,162,142,188,289,208
AT3G21390,1431,1376,884,1186,1517,1002
AT3G21400,2265,2244,1527,2118,2919,2232
AT3G21405,1,3,1,2,3,0
AT3G21420,966,1059,700,586,851,565
AT3G21430,3643,3517,2603,3835,4615,3186
AT3G21465,2362,2309,1630,1166,1647,1119
AT3G21470,101,75,68,38,68,50
AT3G21480,838,899,632,744,775,569
AT3G21500,0,0,6,126,218,160
AT3G21510,8326,7591,5320,8576,12718,6116
AT3G21520,3,4,0,51,64,21
AT3G21530,317,246,323,394,502,248
AT3G21540,3726,4250,2739,2033,2525,2155
AT3G21550,1836,1684,1255,2729,2540,1683
AT3G21560,2540,2870,1225,3434,4535,2907
AT3G21580,538,553,435,463,536,331
AT3G21590,0,6,3,15,16,0
AT3G21600,880,792,596,1277,1201,739
AT3G21610,3417,3104,2822,3702,5011,2594
AT3G21620,407,417,286,245,402,279
AT3G21630,4793,4879,3327,2890,4796,2774
AT3G21640,2493,2149,1776,1795,2363,1488
AT3G21650,1272,1188,771,1629,2058,1534
AT3G21660,15,11,20,63,72,28
AT3G21670,848,621,586,919,1551,793
AT3G21680,2064,1884,1272,1354,2048,1575
AT3G21690,2894,2957,2239,9382,12634,6187
AT3G21700,2765,2569,2027,2546,3940,2649
AT3G21710,8241,8293,6407,6406,10635,4434
AT3G21720,215,191,131,770,765,775
AT3G21740,791,790,572,1186,1332,875
AT3G21750,1476,1296,950,1821,2508,1991
AT3G21755,45,31,49,66,104,82
AT3G21760,54,79,47,117,126,108
AT3G21770,16166,16144,13471,5301,7860,4790
AT3G21780,14,21,10,57,55,53
AT3G21781,5,5,4,12,18,10
AT3G21790,5,0,3,3,4,5
AT3G21800,6,9,5,16,47,24
AT3G21805,25,25,11,9,20,32
AT3G21810,2346,2302,1829,1644,2258,1387
AT3G21820,2729,2606,1926,2275,2860,1908
AT3G21865,7865,6957,5451,10378,12822,7273
AT3G21890,106,84,52,542,617,151
AT3G22060,599,364,411,442,590,437
AT3G22070,1104,1112,1149,620,1010,534
AT3G22072,150,111,112,109,122,139
AT3G22090,7,5,2,9,0,11
AT3G22100,0,7,3,48,32,13
AT3G22104,803,614,511,646,993,692
AT3G22110,18584,18759,14464,14654,19071,10505
AT3G22120,182,247,196,32,55,57
AT3G22121,5,3,0,0,18,6
AT3G22142,3,6,0,0,0,3
AT3G22150,154,99,78,48,98,86
AT3G22160,608,560,467,733,1079,676
AT3G22170,4633,4308,2840,4086,5702,4240
AT3G22180,1172,1240,857,820,944,877
AT3G22183,3,4,2,4,13,3
AT3G22190,2228,2271,1653,2071,2710,1795
AT3G22200,38256,36337,24790,50207,71851,43317
AT3G22210,18,30,28,77,75,24
AT3G22220,2570,2288,1523,3286,3886,3019
AT3G22230,26577,26497,19968,17580,21416,12938
AT3G22231,29,44,17,4,0,0
AT3G22235,1431,1551,1928,390,710,298
AT3G22240,13049,12854,10267,3493,5478,2002
AT3G22250,224,213,145,34,37,27
AT3G22260,1361,1533,1140,1645,2116,990
AT3G22270,3063,2926,1925,3679,4498,3450
AT3G22275,16,15,8,6,0,0
AT3G22290,7856,6939,5780,7811,10465,6441
AT3G22300,3061,3061,2239,2187,2565,1820
AT3G22310,9152,10196,5336,4095,4626,4325
AT3G22320,6374,5738,4681,8106,8948,5071
AT3G22330,4782,4612,2888,4421,4970,3521
AT3G22370,8310,7599,4852,13442,15886,8046
AT3G22380,17851,17158,12371,15516,20866,16112
AT3G22400,4145,4358,3011,2850,3569,2293
AT3G22410,42,65,29,122,85,84
AT3G22415,233,239,134,250,291,109
AT3G22420,106,67,90,115,101,96
AT3G22425,2826,2730,2248,2196,2654,1928
AT3G22430,1144,974,758,1532,2005,1194
AT3G22440,25153,23078,19037,24496,34073,23673
AT3G22450,128,137,56,92,92,99
AT3G22460,743,529,530,604,927,318
AT3G22470,316,335,227,248,357,208
AT3G22480,4949,4561,3789,4631,6065,3485
AT3G22490,0,0,0,0,14,0
AT3G22520,4546,4043,2940,4347,5455,3568
AT3G22530,667,695,620,1796,2191,1041
AT3G22540,635,614,408,254,410,159
AT3G22550,595,813,446,3548,3779,2391
AT3G22560,147,164,153,318,404,201
AT3G22565,60,74,82,70,92,40
AT3G22570,4124,4151,2778,1355,2448,1053
AT3G22590,2179,1989,1584,1998,2566,1742
AT3G22600,45276,45750,39285,101405,121580,46241
AT3G22620,35410,38201,30919,111528,138831,61895
AT3G22630,7015,6955,5511,6711,8170,4969
AT3G22660,5195,5360,3742,4849,5650,5077
AT3G22670,102,78,47,16,23,32
AT3G22680,2059,2080,1568,3782,3769,2498
AT3G22690,253,240,164,140,136,151
AT3G22740,175,154,82,168,144,132
AT3G22750,1751,1849,1261,3724,4372,1919
AT3G22760,499,469,386,841,821,682
AT3G22780,4481,4167,2865,2647,3095,2541
AT3G22790,5951,5378,3906,2020,3079,2732
AT3G22800,1226,1130,848,61,144,84
AT3G22810,142,193,178,142,152,117
AT3G22820,5,3,0,0,0,3
AT3G22830,100,85,68,4718,4163,1531
AT3G22840,4569,4781,2186,25283,25168,11312
AT3G22845,17102,15897,12614,17508,21359,10418
AT3G22850,20507,19880,14875,11752,17258,8693
AT3G22880,519,612,399,864,1009,453
AT3G22890,42082,40910,27745,55364,72794,56461
AT3G22900,149,169,142,185,181,138
AT3G22910,45,57,40,3176,2762,1682
AT3G22920,0,0,6,9,13,8
AT3G22930,876,1039,712,1901,1846,1025
AT3G22942,2101,1815,1564,1433,2126,1167
AT3G22945,1,2,7,1,4,1
AT3G22950,5587,5163,3821,5714,7110,3420
AT3G22960,24993,24658,15979,17166,22248,21699
AT3G22961,41,63,50,59,53,33
AT3G22970,9483,10938,8111,3619,5055,3689
AT3G22980,2611,2558,1634,4242,4348,3235
AT3G22990,2745,2350,1915,2471,3262,1999
AT3G23000,10730,10780,8840,9686,13782,7226
AT3G23010,6,3,4,0,4,3
AT3G23020,76,110,58,53,51,56
AT3G23030,4661,4556,3269,8410,11390,7552
AT3G23050,9899,9519,6884,11625,14844,8762
AT3G23060,116,119,83,67,80,56
AT3G23070,1156,1121,742,758,934,726
AT3G23080,2322,1490,1476,3720,4510,3179
AT3G23090,12231,13362,9990,3752,5664,2808
AT3G23100,1387,1247,914,672,1035,539
AT3G23110,25,12,16,20,25,11
AT3G23120,0,0,4,34,62,40
AT3G23150,1821,1498,1230,662,1115,893
AT3G23160,2163,2214,1531,2101,2738,1815
AT3G23170,612,691,515,2708,3071,1913
AT3G23175,6857,6077,5292,2217,4321,2210
AT3G23180,3496,2940,2776,4000,6232,2308
AT3G23190,4929,4229,3338,1168,2258,921
AT3G23200,1075,992,848,856,966,573
AT3G23210,874,1024,710,1232,1420,910
AT3G23230,8,0,6,7,3,0
AT3G23240,5,3,7,9,13,11
AT3G23250,3,0,3,600,1089,672
AT3G23255,483,396,356,592,695,424
AT3G23260,109,137,126,346,403,280
AT3G23280,5289,5262,3574,4760,6797,4403
AT3G23300,8255,7953,4668,4039,5308,4508
AT3G23310,3275,3131,2608,2349,3319,2031
AT3G23325,1277,982,771,1170,1452,558
AT3G23326,17,11,8,9,8,5
AT3G23330,404,345,248,246,291,283
AT3G23340,387,468,301,346,398,171
AT3G23360,50,62,25,65,59,59
AT3G23370,573,572,357,159,164,130
AT3G23380,18,11,16,10,12,6
AT3G23390,27367,25201,20976,18719,22461,11384
AT3G23400,1278,1369,856,4294,5837,3185
AT3G23410,764,671,511,375,481,426
AT3G23430,15059,16552,10866,7135,9535,6376
AT3G23440,54,60,53,123,140,55
AT3G23450,5,9,8,7,15,6
AT3G23460,11,4,20,0,0,6
AT3G23470,15089,12872,9685,3988,7193,5324
AT3G23480,244,250,170,72,121,55
AT3G23490,5476,5321,4255,5532,7137,2902
AT3G23510,8327,7388,5608,1853,2600,1621
AT3G23530,14680,14379,8490,9937,13680,10658
AT3G23540,5034,4781,3417,4875,5880,3643
AT3G23550,557,473,349,1845,1788,1287
AT3G23560,9350,8493,6228,8812,12513,8036
AT3G23570,942,1034,790,699,869,459
AT3G23580,1220,1105,766,1354,1455,998
AT3G23590,6074,5997,3837,3269,5140,4318
AT3G23600,28250,28087,22061,22687,33493,15338
AT3G23605,1597,1451,1109,2527,3085,1711
AT3G23610,747,662,461,564,724,486
AT3G23620,5511,5628,4007,3528,3888,3031
AT3G23630,132,98,83,54,88,47
AT3G23635,0,8,2,0,0,5
AT3G23640,6462,5281,3812,5568,7767,6413
AT3G23660,8068,7047,4858,3985,5096,4086
AT3G23670,1480,1502,860,469,514,476
AT3G23690,8210,7209,5736,4272,5620,3432
AT3G23700,531,573,379,472,561,377
AT3G23710,1119,982,681,1076,1232,864
AT3G23730,7206,6336,5703,55,147,76
AT3G23740,597,602,375,211,213,123
AT3G23750,9481,8350,5716,3206,4519,3595
AT3G23760,159,149,140,112,115,51
AT3G23780,2095,2059,1190,1728,2140,1977
AT3G23790,583,488,394,477,670,441
AT3G23800,9437,7376,5856,1220,1738,737
AT3G23805,1518,1397,939,1038,1271,692
AT3G23810,46537,56581,26452,15510,22310,18668
AT3G23820,22081,24844,15983,15138,20957,14346
AT3G23830,17586,17009,13343,8072,10118,9308
AT3G23840,122,118,82,88,127,55
AT3G23870,1614,1667,1233,788,1119,546
AT3G23880,309,211,242,395,516,402
AT3G23890,5494,5406,3593,1635,1869,1640
AT3G23900,3906,3715,2444,4217,4876,3777
AT3G23910,2197,2051,1542,2083,2756,1986
AT3G23920,4497,4681,2743,22978,22936,13556
AT3G23930,190,126,121,106,135,88
AT3G23940,13904,13709,8662,9555,10660,10250
AT3G23955,8,12,19,0,0,0
AT3G23970,0,0,0,8,8,0
AT3G23980,4525,4394,2984,3761,4653,3971
AT3G23990,32392,33743,22330,17953,19475,17887
AT3G24000,452,401,261,223,258,271
AT3G24005,6,0,0,0,7,2
AT3G24010,1673,1505,1381,1684,1981,1180
AT3G24020,26309,23976,18128,24821,36843,15676
AT3G24030,1016,990,762,906,1180,867
AT3G24040,6262,5733,4491,2792,4240,3408
AT3G24050,3835,3618,2739,2858,3858,2117
AT3G24060,0,0,3,3,6,2
AT3G24065,11,27,5,27,19,12
AT3G24070,2087,1949,1439,3547,3880,2662
AT3G24080,5113,4884,2754,2073,3113,3017
AT3G24090,2038,1574,1116,1057,1028,717
AT3G24100,2623,2554,2261,1783,2359,1125
AT3G24110,309,303,239,186,251,105
AT3G24120,3568,3518,2702,2200,3150,1670
AT3G24150,1291,1220,751,762,974,857
AT3G24160,43522,41367,33543,35271,49952,24010
AT3G24170,43124,45080,25322,66712,90632,55178
AT3G24180,9061,8485,5569,5690,7207,6307
AT3G24190,3514,3643,2151,4327,5417,3527
AT3G24200,3524,3520,2276,4449,4985,3454
AT3G24210,4136,3479,2417,1685,2357,1706
AT3G24240,7986,7313,4732,7474,9445,8925
AT3G24255,635,613,486,351,358,268
AT3G24290,5,3,3,0,2,0
AT3G24300,9694,8765,5951,1322,2835,1794
AT3G24310,76,71,78,3497,2925,1669
AT3G24315,1679,1717,1035,1933,2518,1976
AT3G24320,930,823,544,464,491,404
AT3G24332,8,9,0,8,11,11
AT3G24340,133,145,88,90,105,68
AT3G24350,5462,5192,3884,5361,6484,4727
AT3G24360,389,401,274,285,384,283
AT3G24400,102,144,90,107,173,92
AT3G24420,4832,4979,3438,5934,8453,4501
AT3G24430,566,711,420,636,524,445
AT3G24440,3768,3375,2482,3416,3901,3359
AT3G24450,1198,1067,797,711,1508,717
AT3G24460,1487,1397,1325,1605,2164,1066
AT3G24463,1793,1485,1154,1311,1946,1048
AT3G24480,7470,7376,5835,1509,2654,2133
AT3G24490,2208,1915,1595,1889,2892,1877
AT3G24495,1152,1290,915,466,458,364
AT3G24500,2383,1897,1971,2428,2837,1431
AT3G24503,15780,15073,11370,13293,19658,10451
AT3G24506,1916,1851,1667,1783,2571,1641
AT3G24515,1056,886,762,1170,1098,1000
AT3G24518,663,555,498,647,764,432
AT3G24520,1588,1762,1079,1590,1877,984
AT3G24530,5436,5462,3780,2958,3630,2459
AT3G24535,457,544,311,419,558,330
AT3G24540,56,39,34,32,32,13
AT3G24550,13247,11608,8775,6665,9179,7112
AT3G24560,355,304,249,228,255,171
AT3G24570,2843,2424,1865,3007,3573,3082
AT3G24575,9,5,1,5,11,12
AT3G24590,809,899,607,883,1078,656
AT3G24630,165,196,118,109,138,79
AT3G24640,4,4,0,21,18,0
AT3G24650,19,12,0,19,15,18
AT3G24660,2114,2093,1533,1445,1459,1163
AT3G24670,14540,14580,8837,15221,22401,16456
AT3G24715,2449,2160,1765,352,399,299
AT3G24730,816,654,721,1112,1521,766
AT3G24740,4374,4145,3085,5211,6743,3892
AT3G24750,1246,1076,788,687,1255,614
AT3G24760,905,882,629,707,1137,682
AT3G24770,398,348,300,342,470,333
AT3G24780,14,23,11,16,15,12
AT3G24800,3543,3680,2550,3905,4305,2604
AT3G24810,942,928,664,636,828,500
AT3G24820,784,739,580,833,992,431
AT3G24830,72667,71763,55040,54155,65568,50688
AT3G24840,4315,4068,2702,3049,3715,2342
AT3G24860,772,857,448,788,902,742
AT3G24870,2518,2359,1532,2288,2970,2697
AT3G24880,2559,2390,1519,2336,2977,2795
AT3G24890,497,376,294,251,381,209
AT3G24900,5,10,5,11,9,6
AT3G24927,1302,1108,949,1485,1875,1064
AT3G24929,669,477,444,87,548,102
AT3G24982,46,36,54,223,31,232
AT3G25010,59,58,42,19,64,25
AT3G25011,1,4,2,5,4,0
AT3G25012,32,29,11,10,27,12
AT3G25013,291,229,202,260,383,210
AT3G25020,20,30,20,8,19,6
AT3G25030,369,338,215,920,938,552
AT3G25040,11558,10868,9184,8262,11431,7410
AT3G25060,63,54,37,7,26,16
AT3G25070,2403,2077,1710,2460,3913,1927
AT3G25100,826,771,446,435,574,513
AT3G25110,5448,4830,3868,3570,4240,3068
AT3G25120,1701,1655,1209,2070,2632,1632
AT3G25130,17,13,13,0,8,8
AT3G25140,11125,10449,6813,6957,8289,6406
AT3G25150,7781,7395,5374,6859,9098,7128
AT3G25190,14782,13267,10036,5495,5274,2480
AT3G25210,938,961,615,1009,1346,1223
AT3G25220,11352,11045,8778,7590,10353,5224
AT3G25221,19,25,20,39,38,17
AT3G25230,21907,21112,13816,11440,12913,9504
AT3G25240,0,0,3,18,3,3
AT3G25250,4037,3412,2326,2794,3670,1887
AT3G25260,15,5,0,33,31,13
AT3G25290,6967,6290,4951,3191,4478,3285
AT3G25400,1030,952,690,941,1323,762
AT3G25410,1050,996,757,1113,1508,887
AT3G25420,19,9,10,0,12,0
AT3G25430,879,816,536,712,721,706
AT3G25440,525,459,461,813,971,711
AT3G25470,4001,3978,2853,3895,4785,3426
AT3G25480,543,547,421,780,1074,578
AT3G25490,7,0,9,7,3,5
AT3G25493,89,113,98,103,116,64
AT3G25495,1087,1075,843,1565,1855,1076
AT3G25500,5660,5501,3891,3652,4537,4029
AT3G25505,0,0,0,0,8,6
AT3G25510,153,118,89,40,68,22
AT3G25520,73681,73050,52143,59331,74427,56747
AT3G25530,12892,12446,9184,7311,10278,5533
AT3G25540,7350,6524,4987,3208,4856,3140
AT3G25545,2251,2269,1578,1652,2271,1405
AT3G25560,2862,2640,2058,2252,2961,1493
AT3G25570,366,375,256,316,424,282
AT3G25573,9,3,6,34,22,31
AT3G25577,3,6,0,6,0,3
AT3G25580,2793,2278,1744,1430,1814,1104
AT3G25585,17746,16284,12317,12134,14164,9584
AT3G25590,148,132,120,77,93,94
AT3G25597,1104,1033,686,1751,2360,1371
AT3G25600,1227,1041,808,1481,1830,947
AT3G25610,3939,3658,2300,2894,4410,3231
AT3G25620,45,25,40,2104,2030,1071
AT3G25640,770,962,663,1530,1802,1033
AT3G25655,322,325,202,174,278,123
AT3G25660,4451,4493,2829,3835,4631,3875
AT3G25670,3,5,8,22,26,8
AT3G25680,1304,1166,786,1098,1341,969
AT3G25690,479,427,240,215,256,262
AT3G25700,1317,1232,734,653,877,610
AT3G25710,1410,1471,1001,1540,1478,1003
AT3G25717,1632,1973,1631,270,494,165
AT3G25730,2070,2058,1348,1868,2551,1523
AT3G25740,590,651,490,784,1022,482
AT3G25760,24,10,11,29,26,3
AT3G25770,94,100,120,93,132,99
AT3G25780,4700,4052,3642,6151,7214,3673
AT3G25790,4021,3886,3458,801,1393,739
AT3G25795,16,28,17,3,6,5
AT3G25800,11161,10002,7078,11423,14036,10043
AT3G25805,433,445,308,369,447,333
AT3G25820,10009,9289,10075,6590,8977,4290
AT3G25826,39,34,32,42,55,20
AT3G25830,9090,8455,9081,5993,8210,3967
AT3G25840,6487,6164,4154,5577,7354,5613
AT3G25855,43,54,32,63,55,16
AT3G25860,15984,15233,11418,9519,12075,8705
AT3G25870,208,242,169,629,572,362
AT3G25880,9,9,0,0,3,5
AT3G25882,126,193,128,148,185,84
AT3G25890,460,447,332,373,557,593
AT3G25900,4758,4782,2967,5054,6680,4532
AT3G25905,88,96,64,95,140,102
AT3G25910,4749,4638,3773,8174,9440,7029
AT3G25920,1786,1901,1322,2266,2639,1732
AT3G25930,18065,18006,15093,6281,11615,4713
AT3G25940,1186,1211,939,1232,1330,656
AT3G25950,124,107,60,141,192,116
AT3G25970,240,279,185,56,82,79
AT3G25980,2735,3037,2114,1221,1156,682
AT3G25990,83,106,102,165,304,120
AT3G26000,2644,2403,1781,2321,3020,2112
AT3G26020,3368,3185,2169,2562,3706,2176
AT3G26030,7090,6853,4505,3490,5327,3762
AT3G26040,102,84,76,178,138,74
AT3G26050,417,417,305,83,58,60
AT3G26060,407,512,350,272,443,236
AT3G26070,164,262,142,130,183,168
AT3G26080,44,53,24,56,95,40
AT3G26085,404,409,324,566,681,396
AT3G26090,2916,2942,2430,3232,4287,2729
AT3G26100,12388,11928,9982,10440,16583,8640
AT3G26110,13,8,3,11,27,8
AT3G26115,207,191,107,68,83,59
AT3G26120,79,55,56,72,51,58
AT3G26125,36,48,15,29,21,41
AT3G26130,314,274,198,215,319,114
AT3G26134,49,34,32,43,41,24
AT3G26135,166,156,124,202,224,131
AT3G26170,7,3,3,12,18,3
AT3G26210,811,693,453,121,306,174
AT3G26237,0,0,3,5,4,1
AT3G26240,654,489,402,1055,1013,836
AT3G26290,1454,1374,839,960,1293,855
AT3G26295,6,0,7,0,0,0
AT3G26300,1746,1681,1291,1022,1535,755
AT3G26310,8,3,0,0,0,0
AT3G26330,2168,2511,1971,178,259,185
AT3G26340,3411,3378,2633,3322,4186,2162
AT3G26350,142,174,126,237,227,196
AT3G26360,2211,2031,1425,1656,1985,1027
AT3G26370,6468,6389,4470,4529,6027,4801
AT3G26380,631,719,515,521,496,366
AT3G26395,704,615,540,876,1251,655
AT3G26400,4050,3967,2954,4188,5421,3007
AT3G26410,2189,2205,1425,2701,2701,2463
AT3G26420,3090,3469,2762,2142,3317,1651
AT3G26430,11852,11729,8915,8485,10975,7475
AT3G26440,8224,8922,5968,5150,9057,4237
AT3G26450,746,1091,1138,332,702,297
AT3G26460,3366,2835,4749,1748,3255,1327
AT3G26470,5047,4622,4024,3739,5087,2363
AT3G26480,177,216,126,163,158,180
AT3G26490,49,82,72,32,46,25
AT3G26500,1401,1452,874,227,662,357
AT3G26510,1555,1331,1429,820,1316,608
AT3G26512,11,12,9,6,8,2
AT3G26520,312894,282798,242492,110717,195120,93900
AT3G26539,110,123,101,85,99,50
AT3G26540,338,314,194,143,175,280
AT3G26550,577,473,348,183,273,258
AT3G26560,5746,5504,3615,4600,5699,4507
AT3G26570,1260,1533,897,610,886,598
AT3G26580,475,503,322,1202,1465,739
AT3G26590,5152,4757,3800,1779,2910,2058
AT3G26600,1610,1434,861,1858,2273,2182
AT3G26610,4049,3498,2937,713,1066,707
AT3G26612,547,474,385,619,948,388
AT3G26618,2972,2839,1969,1731,2506,1812
AT3G26620,12,0,2,13,35,9
AT3G26630,398,407,258,417,445,336
AT3G26640,1448,1494,1021,1604,1705,1153
AT3G26650,108,141,80,133,134,126
AT3G26660,11,0,0,0,0,0
AT3G26670,5735,5106,3577,3788,4894,3090
AT3G26680,1375,1194,912,758,990,529
AT3G26690,11357,10302,9305,17682,23346,11286
AT3G26700,2070,2151,1252,626,770,668
AT3G26710,414,454,333,586,734,429
AT3G26720,11278,11298,9029,9565,13562,8231
AT3G26730,7391,6630,4456,7287,9400,6575
AT3G26740,145,85,90,3046,4226,1930
AT3G26744,1346,1373,882,2085,2663,1916
AT3G26750,821,708,506,452,491,498
AT3G26760,2767,2845,2130,2011,2480,2050
AT3G26770,263,316,269,193,227,166
AT3G26780,9840,9147,6468,5024,6227,5222
AT3G26782,574,562,315,359,469,411
AT3G26810,10716,9315,6944,5884,7210,5850
AT3G26815,4,2,8,2,2,3
AT3G26820,0,4,0,29,43,19
AT3G26830,343,545,322,1501,1661,1180
AT3G26840,165,153,112,200,297,173
AT3G26850,1031,1033,658,756,865,551
AT3G26890,4392,4151,3206,4081,5801,3363
AT3G26900,847,870,616,942,1068,808
AT3G26910,3090,3018,2099,4494,6244,3572
AT3G26920,1180,1039,802,1248,1346,789
AT3G26922,509,465,313,345,494,274
AT3G26930,13,16,5,13,23,13
AT3G26932,56,82,102,23,17,7
AT3G26935,6605,6242,4956,4375,5830,4108
AT3G26950,3213,3168,2244,2662,3091,2143
AT3G26960,2,9,0,11,16,8
AT3G26980,1259,1236,1050,1821,2082,1473
AT3G26990,1662,1578,1360,1668,2224,1351
AT3G27000,2004,2110,1652,1729,2217,1387
AT3G27010,1149,1041,766,908,1368,854
AT3G27020,5802,5721,3877,4555,6435,4729
AT3G27027,262,320,180,50,53,15
AT3G27030,3149,2776,2594,1410,2057,1128
AT3G27050,880,801,597,851,1134,610
AT3G27060,8808,8697,6124,2336,2857,1826
AT3G27070,158,162,93,177,208,93
AT3G27080,5818,5608,4367,2706,3802,2120
AT3G27090,15934,15063,10970,16166,23118,14363
AT3G27095,152,139,113,27,66,32
AT3G27100,2067,2057,1650,1758,2449,1040
AT3G27110,1324,1409,980,2394,3305,1682
AT3G27120,482,453,274,301,378,377
AT3G27150,1911,2183,1380,2639,2939,2028
AT3G27160,2192,1983,1745,2379,3248,1693
AT3G27170,6069,6993,4395,2900,5225,3548
AT3G27180,907,751,585,680,878,595
AT3G27190,8876,8534,6717,5380,6867,3923
AT3G27200,5049,4849,3288,6403,6867,3586
AT3G27210,1899,1827,1598,3006,4478,1875
AT3G27220,1039,852,656,954,1142,726
AT3G27230,7214,6494,4464,3116,4292,3576
AT3G27240,41770,43575,28508,33139,44868,29901
AT3G27250,11,23,24,99,117,42
AT3G27260,3450,3448,2438,3670,4652,2890
AT3G27270,599,720,554,1350,1722,845
AT3G27280,5833,5991,4495,4351,4636,3675
AT3G27290,257,238,131,263,406,262
AT3G27300,10066,10217,7280,5976,8526,5001
AT3G27310,4108,3891,3348,4074,5063,2855
AT3G27320,2213,2123,1489,1549,1938,1593
AT3G27325,7185,7033,5147,4136,5581,5473
AT3G27330,780,785,524,443,541,310
AT3G27340,2546,2388,1811,2072,2580,1637
AT3G27350,4817,4637,3760,4552,6595,3714
AT3G27355,58,47,40,31,36,29
AT3G27360,2809,2637,2103,1772,1788,1111
AT3G27380,26381,29241,20202,35230,45220,22099
AT3G27390,10366,9340,7127,3078,4801,2917
AT3G27415,16,35,17,11,4,12
AT3G27416,54,53,54,20,22,39
AT3G27420,1889,1554,1588,1704,2122,1132
AT3G27430,20570,19954,16122,17189,21972,10751
AT3G27440,51,38,22,119,144,51
AT3G27450,20,11,9,38,43,14
AT3G27460,1263,1228,952,1403,1748,991
AT3G27470,4548,4481,3529,2724,3983,2363
AT3G27473,441,429,361,166,179,135
AT3G27475,108,99,78,16,24,16
AT3G27480,277,177,112,2,0,7
AT3G27490,264,194,154,4,6,3
AT3G27500,423,374,272,16,43,38
AT3G27510,627,420,284,97,246,173
AT3G27520,792,681,506,643,823,519
AT3G27530,6928,6797,4805,6258,7824,4922
AT3G27540,359,279,138,366,410,303
AT3G27550,692,809,459,370,464,465
AT3G27560,2257,2286,1577,2181,2897,1921
AT3G27570,9084,9250,5999,8855,11176,7405
AT3G27580,2772,2401,1934,3706,5514,3891
AT3G27590,0,4,0,11,11,3
AT3G27610,2587,2232,1800,1959,2962,1462
AT3G27620,8,8,14,0,3,4
AT3G27630,103,106,64,86,85,42
AT3G27640,800,823,651,216,234,160
AT3G27650,326,282,190,295,403,163
AT3G27660,14,8,9,11,19,15
AT3G27670,2682,2462,1677,2580,2996,2508
AT3G27690,46,25,31,24,9,8
AT3G27700,2120,2106,1181,2122,2565,2288
AT3G27710,5,0,0,0,5,4
AT3G27730,246,271,170,100,128,93
AT3G27740,7954,7721,5458,6436,7054,4437
AT3G27750,239,272,169,125,184,178
AT3G27770,14727,12835,11951,22649,29835,15595
AT3G27820,6782,6612,4450,12146,16013,10361
AT3G27830,2253,2249,1641,1587,2254,1430
AT3G27850,1465,1540,987,1029,1201,839
AT3G27860,9,5,5,6,5,0
AT3G27865,37,31,32,9,15,15
AT3G27870,1041,961,814,2148,2308,1666
AT3G27880,1683,1373,1075,1949,2168,1125
AT3G27883,1,3,3,4,4,4
AT3G27884,1285,1131,1216,595,983,394
AT3G27890,15417,14645,11731,8291,13544,6193
AT3G27895,2,10,7,12,8,6
AT3G27900,34,26,24,21,33,20
AT3G27906,1357,1199,1076,783,1174,798
AT3G27925,1201,1256,821,1541,2146,1321
AT3G27930,1939,1908,1423,1932,1951,1368
AT3G27940,112,161,88,118,137,70
AT3G27950,577,323,263,17,45,31
AT3G27960,4144,4264,2520,2522,3953,2250
AT3G27965,2,2,0,5,5,0
AT3G27990,1630,1490,1292,1490,1917,1344
AT3G27997,216,184,228,225,284,172
AT3G28007,0,19,8,3619,3787,1815
AT3G28030,1257,1495,972,1154,1365,912
AT3G28040,2393,2174,1566,294,632,504
AT3G28050,2836,2816,2384,1761,2256,1289
AT3G28100,475,497,327,290,461,206
AT3G28110,4,6,0,16,4,11
AT3G28130,1096,1124,981,312,487,221
AT3G28140,640,527,517,404,558,321
AT3G28150,24,52,41,67,79,37
AT3G28153,61,63,33,3,3,6
AT3G28155,34,36,28,22,28,14
AT3G28160,427,443,230,55,95,69
AT3G28180,6434,5943,4065,4739,6263,4795
AT3G28200,5236,5709,3580,2832,3968,3039
AT3G28210,996,1078,659,3119,3053,1327
AT3G28220,3,3,3,6,0,0
AT3G28290,379,292,368,186,139,89
AT3G28291,2,3,1,1,4,1
AT3G28300,365,285,350,184,135,89
AT3G28310,5,14,10,4,12,0
AT3G28320,6,7,12,3,4,2
AT3G28335,0,0,3,9,4,7
AT3G28340,1349,1295,895,1034,1602,920
AT3G28345,16536,18086,9901,5118,9131,5173
AT3G28350,45,52,50,38,31,36
AT3G28360,9,10,8,0,0,3
AT3G28370,722,689,468,613,737,458
AT3G28380,74,49,72,23,20,11
AT3G28390,14,13,7,0,5,3
AT3G28420,27,28,23,3,3,3
AT3G28430,3350,3043,2182,2791,3395,2214
AT3G28450,3158,3440,2333,2513,3706,2186
AT3G28455,438,440,356,491,502,289
AT3G28460,698,681,519,964,1016,789
AT3G28470,10,5,3,9,6,8
AT3G28480,2673,2473,1946,2612,3443,1769
AT3G28500,4,23,23,12,9,3
AT3G28540,12,16,10,7,11,16
AT3G28550,96597,107096,94496,20422,54805,28181
AT3G28560,4,6,2,2,3,0
AT3G28580,7,13,7,193,207,175
AT3G28600,27,13,6,213,228,162
AT3G28620,7,2,0,33,21,10
AT3G28630,35,28,26,16,0,19
AT3G28635,71,62,65,36,78,44
AT3G28640,179,174,92,65,70,110
AT3G28650,250,162,140,72,96,92
AT3G28660,250,161,198,139,199,167
AT3G28670,2750,2382,1793,2711,3662,2879
AT3G28690,5200,5158,3328,3648,4938,4105
AT3G28700,1729,1734,1150,1482,1702,1231
AT3G28705,0,4,0,6,0,19
AT3G28710,21065,20103,15151,17260,23751,13062
AT3G28715,12080,12437,9035,9939,13369,8753
AT3G28720,5192,5156,3166,3968,4904,4647
AT3G28730,7548,7165,4915,8119,9361,7028
AT3G28740,39608,31577,23324,40375,53253,26806
AT3G28750,342,347,209,161,116,80
AT3G28760,590,628,446,320,404,353
AT3G28850,738,778,600,467,787,506
AT3G28857,3,0,13,0,0,0
AT3G28860,32554,29988,20614,9918,14498,13002
AT3G28875,59,62,44,10,9,14
AT3G28880,667,709,600,181,278,178
AT3G28890,6,1,4,5,2,3
AT3G28900,10624,10701,7684,8735,9729,6367
AT3G28910,1871,1788,1220,1682,2040,1038
AT3G28917,37,41,14,54,37,27
AT3G28920,810,806,556,767,1153,649
AT3G28930,611,514,428,293,397,177
AT3G28940,20400,19691,14109,14362,24278,11835
AT3G28945,389,300,200,256,472,482
AT3G28950,5570,5161,4344,5033,7092,3185
AT3G28956,452,468,381,574,735,431
AT3G28960,40,47,28,35,38,37
AT3G28970,2100,2050,1642,3045,3234,1881
AT3G28980,0,8,3,0,0,3
AT3G29000,38,68,32,1083,1039,533
AT3G29010,532,494,365,433,542,375
AT3G29030,11,10,3,0,5,0
AT3G29034,5425,4657,3752,3330,4746,2469
AT3G29035,7360,7281,5648,10558,14607,8025
AT3G29075,2178,2058,1361,1422,2083,1264
AT3G29090,1004,1003,695,1374,1703,995
AT3G29100,396,347,323,305,415,200
AT3G29120,214,210,137,172,168,76
AT3G29130,1257,1042,757,889,1148,711
AT3G29140,25,16,10,23,25,21
AT3G29160,4168,4189,3109,3228,3896,2317
AT3G29170,2126,1921,1380,2840,4061,1912
AT3G29173,78,88,55,76,97,52
AT3G29180,8807,8412,6627,6855,9174,6724
AT3G29185,723,726,486,678,803,581
AT3G29200,8052,7480,5781,5593,7519,4128
AT3G29230,506,499,284,344,414,298
AT3G29240,1301,1348,979,934,1351,653
AT3G29250,20633,18210,14374,2654,3730,1927
AT3G29270,2126,2029,1640,2384,2774,1734
AT3G29280,646,646,535,434,545,362
AT3G29290,349,301,168,385,467,315
AT3G29300,81,79,89,26,25,11
AT3G29310,3846,3445,2459,2423,3284,2592
AT3G29320,2326,2280,1443,1418,1773,1456
AT3G29330,342,362,277,396,534,366
AT3G29350,4688,4064,3523,3417,4793,2387
AT3G29360,26298,25499,17283,17471,21870,15083
AT3G29370,284,239,195,133,95,60
AT3G29375,913,974,808,541,626,469
AT3G29390,6004,5304,4802,5074,7110,4208
AT3G29400,1530,1464,870,817,1126,800
AT3G29410,357,532,292,0,34,19
AT3G29430,126,142,59,73,63,62
AT3G29575,5619,4925,4029,18362,20425,10038
AT3G29580,7,5,13,6,7,12
AT3G29630,1185,1307,876,1637,2013,1003
AT3G29631,9,22,6,11,27,20
AT3G29635,538,467,470,235,308,187
AT3G29636,6,0,3,0,2,2
AT3G29639,17,57,39,18,34,12
AT3G29642,3,0,0,4,1,5
AT3G29644,395,429,403,872,1062,562
AT3G29670,90,48,60,2020,1885,1260
AT3G29680,323,338,224,213,350,174
AT3G29760,3266,3036,2190,2740,3729,1971
AT3G29770,1921,1779,1491,1863,2158,1318
AT3G29776,162,139,91,207,169,228
AT3G29780,1107,1110,623,209,434,177
AT3G29810,184,129,147,182,187,111
AT3G30120,7,21,11,0,0,0
AT3G30122,1254,1166,1125,740,969,655
AT3G30180,3660,3664,2809,4150,5952,3044
AT3G30210,6,3,0,800,661,325
AT3G30214,3700,3608,2759,3105,4270,2768
AT3G30300,3444,3353,2340,2642,3777,2887
AT3G30350,1113,904,784,491,658,420
AT3G30380,2860,2882,2122,2697,3309,2202
AT3G30390,41111,39759,29033,50163,78825,42751
AT3G30393,29,24,16,14,14,8
AT3G30396,6,0,3,2,6,2
AT3G30460,13,22,7,44,59,16
AT3G30530,7,10,11,20,45,24
AT3G30580,21,32,29,56,100,35
AT3G30720,18,10,5,27,12,0
AT3G30725,0,2,3,14,17,14
AT3G30730,8,3,5,0,0,0
AT3G30737,2,3,6,6,5,3
AT3G30740,3,10,2,0,0,4
AT3G30775,15237,14641,12832,9945,9392,6111
AT3G30841,1296,1240,940,1025,1468,887
AT3G30875,2341,2572,1734,144,220,135
AT3G32030,3314,3125,2988,574,778,464
AT3G32040,319,325,395,6,37,11
AT3G32047,321,257,224,87,188,111
AT3G32377,8,0,8,0,0,0
AT3G32930,2093,1740,1532,1824,2414,1518
AT3G32940,2643,2364,2057,2190,2875,1729
AT3G32980,83653,94883,75155,45742,66180,32963
AT3G33076,4,4,2,1,3,1
AT3G33084,4,7,2,1,7,1
AT3G33235,13,11,14,4,14,6
AT3G33377,2,7,7,0,6,3
AT3G33520,2262,2217,1554,1874,2163,2136
AT3G33528,0,18,8,3,16,14
AT3G33530,9491,8845,6345,5390,7407,5741
AT3G41761,65,32,15,27,30,16
AT3G41762,209,128,132,158,226,78
AT3G41768,689725,480185,604303,746037,1036187,248304
AT3G41979,623,590,477,1209,1137,237
AT3G42047,0,0,0,16,24,10
AT3G42050,40636,41539,29382,30290,43034,26288
AT3G42052,2957,2961,2556,2377,3008,1892
AT3G42057,0,0,0,4,6,0
AT3G42150,2447,2335,1837,3399,4145,2414
AT3G42170,6435,5690,4157,6558,7833,5375
AT3G42174,3,3,6,0,0,4
AT3G42180,994,957,722,452,801,655
AT3G42630,713,712,446,497,659,540
AT3G42640,1853,1631,1382,1775,2397,1610
AT3G42658,31,38,18,14,14,20
AT3G42660,2264,2297,1184,922,1295,1212
AT3G42670,445,435,240,260,281,220
AT3G42690,0,0,0,0,0,10
AT3G42790,7486,6954,5162,8460,11007,6294
AT3G42792,20,26,6,6,9,0
AT3G42800,567,419,352,263,388,288
AT3G42806,2248,2439,1737,2344,2612,1612
AT3G42820,9,16,32,0,0,2
AT3G42850,25,33,24,70,89,42
AT3G42860,527,497,375,618,629,468
AT3G42950,5173,4846,3584,3578,4720,3279
AT3G43110,586,571,433,622,804,354
AT3G43190,555,508,366,455,469,373
AT3G43210,1157,1341,901,938,962,678
AT3G43220,4246,3996,3084,2940,3906,2504
AT3G43230,4971,4879,3354,7339,8834,4578
AT3G43240,4439,4206,2981,3901,4296,3197
AT3G43250,0,0,0,5,6,10
AT3G43270,1376,1279,1029,3205,3897,2586
AT3G43300,18184,16686,10544,12105,16027,13311
AT3G43315,3,3,8,3,0,0
AT3G43390,3,0,7,0,13,3
AT3G43430,1841,2098,1781,2130,2828,1575
AT3G43440,2039,1723,1333,2351,3151,1700
AT3G43510,1162,1206,880,953,1290,666
AT3G43520,4902,5046,3754,4549,5898,2992
AT3G43540,777,704,595,683,755,467
AT3G43580,284,283,234,241,239,187
AT3G43590,2011,1826,1183,2429,2962,2199
AT3G43600,7887,7470,5015,3812,4791,3253
AT3G43610,4239,3805,2697,2521,3127,2806
AT3G43660,0,8,0,0,3,3
AT3G43670,3950,4024,2479,1282,1970,1565
AT3G43690,5948,5641,4631,2827,4086,3037
AT3G43700,1064,893,590,1185,1408,1014
AT3G43720,2207,2004,1657,913,1157,710
AT3G43740,1971,1891,1676,1867,2801,1519
AT3G43790,317,333,227,131,142,95
AT3G43800,10548,9985,7640,5209,8269,4269
AT3G43810,22130,21260,16242,9037,11499,6137
AT3G43840,66,49,79,50,72,44
AT3G43850,47,43,34,13,23,6
AT3G43890,402,309,275,2,21,47
AT3G43920,700,641,387,420,491,422
AT3G43930,188,210,218,64,123,80
AT3G43955,997,1048,785,784,1025,783
AT3G43960,7016,7712,5075,491,926,435
AT3G43970,5,4,7,11,8,8
AT3G43980,6146,6243,4990,5214,6449,3721
AT3G44010,32327,30039,24795,21862,26495,14424
AT3G44020,70,111,74,116,115,71
AT3G44050,1456,1626,989,518,565,423
AT3G44100,8742,8299,6680,8333,12411,5626
AT3G44110,43510,40643,30418,35692,45470,32372
AT3G44120,68,82,46,44,57,47
AT3G44150,3551,2916,2618,1747,2552,1593
AT3G44160,1643,1824,1217,1703,2244,1772
AT3G44190,44730,38649,26468,29417,39066,20013
AT3G44200,9007,8793,6317,4138,6120,4837
AT3G44205,331,296,225,200,296,218
AT3G44220,642,698,582,724,818,488
AT3G44260,147,138,96,1166,1535,880
AT3G44280,2009,1993,1498,1915,2827,1425
AT3G44290,39,43,44,264,400,228
AT3G44300,18195,14494,10065,45365,62051,43664
AT3G44310,37030,39324,24634,24024,37239,21431
AT3G44320,18113,16207,11631,8133,13090,8010
AT3G44326,3431,2943,2452,2991,4292,2188
AT3G44330,19621,18538,11608,14545,18936,16468
AT3G44340,14939,14417,10224,13280,16710,13014
AT3G44370,1774,1895,1279,1621,2011,1537
AT3G44380,699,696,507,541,597,384
AT3G44400,1447,1194,807,677,1029,837
AT3G44405,41,22,21,6,0,0
AT3G44410,25,24,19,16,14,20
AT3G44420,81,69,57,26,51,32
AT3G44430,2290,2297,1524,1877,2288,1609
AT3G44435,18,32,10,24,19,24
AT3G44440,0,7,7,2,0,0
AT3G44450,126,100,53,112,179,93
AT3G44460,3,8,3,0,10,12
AT3G44480,1990,1826,1455,2001,2635,1709
AT3G44490,5,5,0,0,0,0
AT3G44510,1973,1907,1504,562,763,375
AT3G44530,1811,1631,1053,1575,1847,1405
AT3G44540,391,393,432,1463,1511,771
AT3G44550,774,1182,691,9236,8847,4751
AT3G44590,8305,8458,5928,4112,5210,3232
AT3G44600,4436,4276,2869,3611,4154,3364
AT3G44610,927,828,522,1013,1351,911
AT3G44620,1733,1454,1125,2284,2837,1439
AT3G44630,426,477,332,557,744,485
AT3G44660,0,5,0,31,0,0
AT3G44670,1285,1304,861,871,1289,1000
AT3G44680,2711,2577,1967,2855,2923,1822
AT3G44690,496,358,283,243,332,252
AT3G44695,64,60,50,3,22,29
AT3G44700,68,55,38,3,8,13
AT3G44703,29,6,19,0,0,0
AT3G44705,13,9,24,3,4,7
AT3G44710,322,310,214,63,109,86
AT3G44713,73,78,59,31,62,50
AT3G44716,85,58,91,28,63,19
AT3G44720,3403,3774,2289,3228,3635,2450
AT3G44730,887,1088,674,1585,1868,1124
AT3G44735,927,900,690,1833,2206,973
AT3G44740,595,539,471,542,664,334
AT3G44750,13758,15061,9996,5414,6447,3974
AT3G44753,420,378,243,223,410,156
AT3G44755,23,12,86,18,60,71
AT3G44765,0,0,0,5,6,0
AT3G44769,14,5,0,4,0,0
AT3G44770,64,72,36,53,60,51
AT3G44798,10,15,8,9,25,23
AT3G44800,7,7,13,6,0,0
AT3G44820,1055,1037,722,606,797,612
AT3G44830,9,0,0,49,71,22
AT3G44840,3,0,0,7,8,0
AT3G44850,1836,1662,1220,1299,1486,1147
AT3G44860,134,125,93,18,8,0
AT3G44870,196,130,163,27,8,0
AT3G44880,304,300,225,550,921,607
AT3G44890,1154,1092,779,741,984,633
AT3G44900,16,27,28,12,26,19
AT3G44940,341,403,360,169,282,172
AT3G44950,3,2,0,3,3,0
AT3G44960,37,33,38,11,11,16
AT3G44990,7132,12729,7639,768,1786,930
AT3G45000,2,5,5,3,0,0
AT3G45010,6441,6646,4550,10857,10819,7245
AT3G45020,277,261,168,432,569,297
AT3G45030,14184,14299,11367,12320,14057,8769
AT3G45040,2525,2267,1923,3114,4079,2503
AT3G45050,176,177,115,105,145,74
AT3G45060,0,0,0,8,15,6
AT3G45070,6950,7244,7135,773,1011,527
AT3G45080,826,786,764,89,122,99
AT3G45090,6149,6433,4658,4439,6176,4481
AT3G45095,134,98,67,10,17,18
AT3G45100,2261,2073,1660,2988,3726,2932
AT3G45110,13,16,27,9,3,0
AT3G45120,11,10,2,3,2,2
AT3G45130,381,401,222,80,119,57
AT3G45160,48,165,112,0,8,0
AT3G45190,7403,7259,5833,7485,10049,6301
AT3G45210,1136,1143,789,1320,1778,915
AT3G45230,2275,1781,1402,580,771,500
AT3G45240,4645,4407,3539,3304,4193,2535
AT3G45260,515,457,370,401,514,303
AT3G45270,2,0,0,9,0,3
AT3G45280,73,89,60,85,112,73
AT3G45290,131,101,122,103,224,76
AT3G45300,6440,5736,4246,19114,25328,10611
AT3G45310,14984,13396,10137,12364,16128,9621
AT3G45330,156,198,75,8,11,8
AT3G45390,138,130,101,25,36,8
AT3G45400,1452,1294,973,883,1112,775
AT3G45410,1208,1251,872,269,596,209
AT3G45420,350,325,290,329,397,202
AT3G45430,709,519,444,90,145,139
AT3G45440,144,203,109,87,117,94
AT3G45443,513,507,412,470,628,424
AT3G45450,14,9,0,0,0,0
AT3G45490,33,16,20,46,28,17
AT3G45530,777,598,404,75,175,137
AT3G45540,14,12,20,0,0,0
AT3G45590,335,298,262,470,567,386
AT3G45600,10572,10573,7900,8548,11165,5903
AT3G45610,395,405,346,405,426,276
AT3G45620,2831,2741,1835,2053,2777,2053
AT3G45630,4234,4114,2687,4697,5607,4592
AT3G45638,5,7,5,34,23,22
AT3G45640,2550,2436,1612,1908,2744,1589
AT3G45650,3768,4001,2654,809,1503,959
AT3G45660,338,361,265,412,726,349
AT3G45680,1617,1602,1476,487,591,345
AT3G45700,9256,9004,6271,328,386,159
AT3G45710,8880,9264,6128,1703,3600,1720
AT3G45720,21,19,31,0,0,0
AT3G45730,140,143,164,562,590,365
AT3G45740,1874,1943,1607,2193,2708,1937
AT3G45750,933,933,603,976,1042,777
AT3G45770,1967,1848,1291,2290,2930,2175
AT3G45780,4472,4164,2774,2307,3335,2098
AT3G45830,1735,1635,983,2012,2662,2159
AT3G45840,1198,1035,896,241,368,141
AT3G45850,3709,3593,2540,1508,2174,1636
AT3G45870,456,428,345,299,320,204
AT3G45880,251,238,198,156,204,158
AT3G45890,768,836,544,726,833,780
AT3G45900,1093,1063,893,1233,1529,863
AT3G45920,4,3,8,2,0,0
AT3G45930,6153,5362,4141,2879,3153,1880
AT3G45960,16,16,15,1113,712,369
AT3G45970,1866,1696,1423,3032,3140,1235
AT3G45980,17736,16137,12432,11937,13846,7484
AT3G46000,10367,9495,7024,9011,13217,6690
AT3G46010,11100,10395,8462,7273,9104,4833
AT3G46020,324,304,259,369,405,199
AT3G46030,16246,14119,11225,12117,14765,7225
AT3G46040,14980,14342,10365,16379,19540,12466
AT3G46060,21875,20676,16698,17269,23062,15005
AT3G46080,399,346,165,311,349,131
AT3G46090,0,0,3,8,23,2
AT3G46100,1809,1676,1215,1630,1985,1366
AT3G46110,19,28,16,342,412,274
AT3G46130,2282,1718,1571,961,1016,409
AT3G46140,2,0,0,0,10,0
AT3G46150,40,44,26,31,30,35
AT3G46170,247,192,204,60,94,36
AT3G46180,2083,1862,1296,1550,2249,1389
AT3G46186,1,2,0,3,3,5
AT3G46190,36,42,19,38,67,23
AT3G46200,2431,2068,1859,1762,2371,1088
AT3G46210,2530,2582,1938,2164,2446,1769
AT3G46220,3705,3467,2778,3506,4087,2570
AT3G46230,86,62,51,292,273,166
AT3G46250,86,78,43,6,15,8
AT3G46270,660,743,538,31,114,71
AT3G46280,25979,24183,15453,2831,6769,3833
AT3G46290,6781,6636,4189,3677,4949,3105
AT3G46300,0,0,1,4,3,2
AT3G46320,5697,5196,4218,2270,2744,1376
AT3G46330,60,29,74,7,0,8
AT3G46340,9,14,13,0,0,0
AT3G46385,931,885,727,533,876,473
AT3G46400,541,465,294,24,30,0
AT3G46430,15779,15518,13163,12629,14765,6838
AT3G46440,13030,11887,8145,11377,14092,8520
AT3G46450,2227,2011,1610,3738,5053,3343
AT3G46460,5384,5328,4067,5339,6838,3512
AT3G46470,13,11,13,0,4,0
AT3G46480,16,11,19,10,15,0
AT3G46490,843,594,649,327,424,198
AT3G46500,786,543,573,649,931,432
AT3G46510,7795,7351,5241,7519,9658,6546
AT3G46520,3,3,13,3,3,6
AT3G46530,8,0,2,0,0,2
AT3G46540,606,645,465,241,376,137
AT3G46550,1538,1600,1199,457,772,535
AT3G46560,7484,7955,5910,5316,6430,3902
AT3G46580,436,480,342,282,358,244
AT3G46590,3641,3540,2687,3254,4349,2548
AT3G46600,4676,4398,3091,3894,5377,3594
AT3G46610,293,327,151,253,294,315
AT3G46613,11,9,5,3,10,10
AT3G46614,14,10,17,0,0,1
AT3G46620,4490,4249,3158,4579,6645,3727
AT3G46630,753,691,615,528,691,325
AT3G46640,2721,2630,1871,3589,3706,2456
AT3G46650,46,54,57,33,29,29
AT3G46658,370,363,250,279,344,328
AT3G46660,246,183,217,955,1472,734
AT3G46666,0,3,0,0,10,0
AT3G46668,297,218,166,488,549,321
AT3G46670,1,3,1,70,61,32
AT3G46680,13,6,22,46,69,58
AT3G46690,1063,994,766,678,1284,669
AT3G46700,6299,5456,4720,3306,6724,3265
AT3G46710,14,35,32,7,21,8
AT3G46720,2047,1676,1300,506,714,555
AT3G46730,93,64,71,46,30,25
AT3G46735,36,48,31,3,11,10
AT3G46740,9251,9322,5917,5906,7495,5976
AT3G46750,11,12,0,0,0,8
AT3G46760,398,315,207,83,100,81
AT3G46790,978,1091,606,430,525,560
AT3G46800,66,40,49,6,11,3
AT3G46810,173,119,101,10,37,15
AT3G46820,2842,2716,2016,2005,2746,1637
AT3G46830,10269,9304,7685,4821,5712,3157
AT3G46840,6,0,0,3,0,3
AT3G46845,4427,3854,3458,3934,5262,3172
AT3G46870,557,568,353,218,207,247
AT3G46880,71,89,51,0,0,0
AT3G46890,59,86,68,117,130,51
AT3G46900,312,405,472,41,52,30
AT3G46920,1569,1414,1036,1279,1520,1211
AT3G46930,1160,1127,728,1118,1606,1071
AT3G46940,3705,3670,3046,806,990,743
AT3G46950,402,472,291,260,308,200
AT3G46960,3868,3855,2512,3021,3665,2758
AT3G46970,1727,1679,1122,2038,2710,2245
AT3G46980,1866,1824,1195,1737,2246,1576
AT3G46990,588,494,343,387,498,409
AT3G47000,3529,3840,2338,3925,4524,3198
AT3G47010,499,479,431,439,535,368
AT3G47030,58,56,35,57,48,43
AT3G47040,494,395,311,444,679,333
AT3G47050,62,41,29,11,23,11
AT3G47060,2297,1996,1390,2279,3178,2150
AT3G47070,236,291,155,143,304,100
AT3G47080,941,903,668,1728,1891,1165
AT3G47090,6,14,0,3,3,3
AT3G47110,99,102,70,41,83,53
AT3G47120,1655,1668,1351,2004,2951,1701
AT3G47160,3118,2939,2422,3807,4936,2083
AT3G47180,61,67,52,74,91,44
AT3G47200,2820,2391,2208,1305,1768,1003
AT3G47210,3241,3098,2353,1418,2188,1401
AT3G47220,2372,1959,1761,495,1016,472
AT3G47290,238,283,159,216,228,131
AT3G47295,0,0,6,19,14,0
AT3G47300,911,827,583,765,1165,745
AT3G47340,2849,1068,2369,31111,36826,23180
AT3G47342,75,58,37,23,31,33
AT3G47347,210,151,119,74,103,85
AT3G47348,512,373,324,125,177,145
AT3G47350,28897,25312,19889,8980,13330,10983
AT3G47360,1706,1566,1388,1321,1955,881
AT3G47370,21606,21231,17594,16350,19587,13389
AT3G47380,1623,1370,831,2661,3625,2451
AT3G47390,2096,2067,1417,2112,2347,1678
AT3G47400,1598,1605,1150,1083,1322,1060
AT3G47420,568,689,323,2114,3110,1313
AT3G47430,0,0,0,10,11,7
AT3G47450,621,570,407,595,705,501
AT3G47460,1277,1300,913,746,857,534
AT3G47470,3001,3427,2121,5138,6527,3651
AT3G47480,26,27,15,13,39,22
AT3G47490,1100,989,772,2280,2407,1510
AT3G47500,1333,1206,826,1615,1849,1103
AT3G47510,454,379,291,3586,3081,1434
AT3G47520,20100,18981,13916,14343,18551,10866
AT3G47530,242,287,171,138,166,104
AT3G47540,879,1187,790,1168,1482,720
AT3G47550,3694,3671,2956,5349,7244,3648
AT3G47560,302,263,191,99,145,86
AT3G47570,646,787,517,467,555,401
AT3G47580,8,23,17,58,83,61
AT3G47590,2952,2434,1990,2716,3408,2041
AT3G47600,6,3,4,11,3,8
AT3G47610,2316,1830,1561,3434,4482,2910
AT3G47620,2304,2202,1716,1877,2266,1681
AT3G47630,1332,1130,871,1736,2039,1330
AT3G47640,861,868,605,1598,1860,1180
AT3G47650,146,120,123,115,90,55
AT3G47660,3,6,7,11,4,0
AT3G47670,4236,4427,3367,2698,4024,2342
AT3G47675,1294,992,1014,1217,1794,695
AT3G47680,2926,2615,2297,3161,4066,2463
AT3G47690,1082,1037,803,837,758,580
AT3G47700,2034,1798,1059,1098,1673,1254
AT3G47710,389,459,382,39,34,13
AT3G47720,7,6,11,0,12,7
AT3G47730,18348,17751,12790,19085,25968,17464
AT3G47740,906,907,682,120,276,117
AT3G47750,53,47,21,0,3,0
AT3G47760,62,86,50,0,0,5
AT3G47770,301,242,206,47,114,38
AT3G47780,7943,7562,4079,6990,9448,6967
AT3G47790,0,8,9,26,28,13
AT3G47800,3853,2976,2176,5353,6874,5032
AT3G47810,18316,17290,13447,14588,18619,10082
AT3G47820,1725,1679,1121,659,988,846
AT3G47830,290,274,157,192,207,149
AT3G47833,7868,7525,6228,6731,8647,3557
AT3G47836,5118,5474,4285,3519,4516,2512
AT3G47840,112,106,75,45,76,56
AT3G47850,2083,1808,1365,3113,3599,2117
AT3G47860,539,526,365,480,512,364
AT3G47870,14,12,15,63,42,33
AT3G47875,96,98,91,204,210,159
AT3G47890,3697,3612,2419,2504,3252,2858
AT3G47910,4589,4567,2736,2839,3592,3377
AT3G47930,3964,3796,2695,2720,3416,2411
AT3G47940,1118,932,746,1042,1166,889
AT3G47950,270,227,216,423,411,310
AT3G47960,3733,3989,2787,14866,21110,12156
AT3G47965,2124,1904,1515,2424,2736,1555
AT3G47980,2912,3036,2531,2506,3181,1581
AT3G47990,6037,5715,4677,5626,7313,4091
AT3G48000,17130,16252,11234,20424,28738,18521
AT3G48010,57,89,62,71,93,67
AT3G48020,222,243,173,673,806,274
AT3G48030,3489,3732,2339,2346,3158,2192
AT3G48040,1084,945,724,1177,1323,801
AT3G48050,7565,7405,5061,7160,9308,7368
AT3G48058,0,0,3,0,12,0
AT3G48060,2965,2823,2034,2911,3595,2862
AT3G48070,2158,1954,1441,2238,2794,1693
AT3G48080,260,172,156,59,88,92
AT3G48090,2889,2865,2066,1157,1866,993
AT3G48100,2943,2436,2053,1755,1986,1084
AT3G48110,2592,2749,1842,2181,2545,1660
AT3G48115,4468,3853,3317,4192,5679,3594
AT3G48120,703,752,610,855,1159,750
AT3G48130,97,43,33,50,72,26
AT3G48140,59563,56732,47685,37210,56779,28723
AT3G48150,1382,1437,929,1550,1570,1266
AT3G48160,896,896,562,300,381,312
AT3G48170,15438,15195,10601,14237,18311,10870
AT3G48180,477,479,331,610,880,430
AT3G48185,1572,1338,1214,806,1162,719
AT3G48187,499,488,306,294,359,302
AT3G48190,2395,2461,1681,2104,2753,2083
AT3G48195,2562,2281,1739,2328,2709,2112
AT3G48200,0,11,3,7,31,0
AT3G48210,1712,1747,1173,1287,1375,992
AT3G48240,209,205,234,421,480,179
AT3G48250,882,1019,614,412,414,359
AT3G48260,2081,1913,1424,794,1893,1362
AT3G48280,42,54,25,26,27,10
AT3G48290,22,5,12,3,6,6
AT3G48320,13,0,9,29,23,13
AT3G48330,2238,1996,1693,2525,3141,1495
AT3G48340,18122,18163,11600,15425,21245,12976
AT3G48343,6,6,0,9,12,3
AT3G48346,39,13,13,20,29,24
AT3G48350,969,755,736,396,760,405
AT3G48360,2213,3138,3236,3958,3081,1856
AT3G48370,0,11,0,10,9,2
AT3G48380,5453,5001,3496,8322,10432,8892
AT3G48390,245,130,222,407,333,332
AT3G48400,78,59,42,33,31,21
AT3G48410,2303,2160,1840,1558,2229,1568
AT3G48420,129,125,104,233,146,90
AT3G48425,850,693,514,363,395,257
AT3G48430,3007,2960,1833,2067,2301,2295
AT3G48440,392,402,274,810,871,563
AT3G48450,73,61,64,206,168,129
AT3G48460,99,140,45,91,87,49
AT3G48470,1011,1026,750,1013,1063,781
AT3G48475,5,5,4,4,5,2
AT3G48480,184,173,177,115,144,87
AT3G48490,140,214,125,104,117,90
AT3G48500,815,842,524,649,717,524
AT3G48510,0,3,3,272,220,85
AT3G48520,465,486,395,5277,8159,3483
AT3G48530,14225,12218,9880,24696,32854,16385
AT3G48540,355,375,354,206,216,142
AT3G48550,462,438,500,186,324,184
AT3G48560,13372,13332,8445,17209,20558,17423
AT3G48570,3623,3249,2947,2387,3331,1716
AT3G48580,23,15,7,96,109,127
AT3G48590,1217,1205,920,1258,1616,1151
AT3G48600,115,76,77,162,136,47
AT3G48610,265,339,216,300,471,427
AT3G48660,618,563,556,877,1036,592
AT3G48670,2612,2552,1911,1938,2609,2061
AT3G48680,10255,10011,7346,9764,12067,6534
AT3G48690,2769,3487,2001,10048,15109,8284
AT3G48700,388,456,189,633,793,472
AT3G48710,1596,1523,1204,841,1301,863
AT3G48730,1229,1277,835,565,836,775
AT3G48740,3440,2364,1813,1824,3427,1484
AT3G48750,5611,5525,4176,4710,5905,4076
AT3G48760,6689,6533,4735,5460,8354,4924
AT3G48770,6,9,6,3,0,0
AT3G48780,7108,6497,5285,5603,8081,4987
AT3G48790,14,11,0,58,41,29
AT3G48800,877,714,612,1166,1722,1297
AT3G48810,464,397,325,337,343,322
AT3G48820,2782,2692,2046,2052,2705,2025
AT3G48830,386,395,281,305,273,227
AT3G48835,52,30,36,25,36,18
AT3G48840,0,10,8,12,26,17
AT3G48850,130,125,71,148,341,132
AT3G48860,4987,5475,3867,6770,7476,4472
AT3G48870,12960,13738,6872,7174,9195,10178
AT3G48880,3244,3218,2361,3054,3941,2300
AT3G48890,11151,10524,7918,11238,17298,8990
AT3G48900,390,313,246,164,174,164
AT3G48920,2678,2454,1658,2381,4005,1827
AT3G48930,51755,47465,37486,39859,46679,30348
AT3G48940,820,828,611,203,411,154
AT3G48960,0,0,0,18,27,0
AT3G48970,1135,1076,972,505,576,290
AT3G48980,797,671,569,744,922,534
AT3G48990,40769,43800,29679,63327,83590,50530
AT3G49000,1608,1630,1016,1227,1299,869
AT3G49010,63606,62730,45697,46150,55235,38239
AT3G49050,1886,1806,1362,923,1581,1126
AT3G49055,52,34,37,77,87,50
AT3G49060,2655,2611,1904,1820,2593,1575
AT3G49070,249,248,157,316,384,230
AT3G49080,7336,7469,5574,5050,6001,4549
AT3G49100,3431,2976,2596,2576,3350,1609
AT3G49110,67,76,57,0,34,21
AT3G49120,11239,12871,6865,2147,5679,2222
AT3G49130,12,19,12,0,12,2
AT3G49140,1565,1451,1165,1422,1830,1055
AT3G49142,134,78,51,34,43,46
AT3G49155,8,7,3,5,4,3
AT3G49160,583,649,394,2906,2777,1522
AT3G49170,399,415,248,183,250,231
AT3G49180,1811,1738,1201,1365,1458,1285
AT3G49190,779,885,378,387,429,392
AT3G49210,2535,2430,1600,3351,4849,2145
AT3G49220,3213,3195,2193,5127,5479,3261
AT3G49240,1592,1817,1010,446,457,407
AT3G49250,2406,2060,1512,1041,1344,1003
AT3G49260,38,29,21,31,30,20
AT3G49290,639,747,528,586,693,518
AT3G49300,0,0,0,7,0,3
AT3G49310,6470,6245,4774,5686,7409,5666
AT3G49320,660,806,519,432,514,329
AT3G49330,1167,1221,764,1395,1523,896
AT3G49350,3266,3051,2091,1885,2759,1919
AT3G49360,622,633,509,616,725,284
AT3G49370,1732,1652,1153,1112,1647,1018
AT3G49380,216,169,159,326,403,273
AT3G49390,7020,6936,4955,5838,7477,4897
AT3G49400,813,722,618,1240,1294,916
AT3G49410,1098,1039,722,887,911,665
AT3G49420,1314,1315,1002,1759,1979,1475
AT3G49430,9427,8862,6638,11927,13626,8633
AT3G49470,2915,2693,1921,1969,2288,1370
AT3G49480,8,0,0,0,3,0
AT3G49490,5511,5569,3720,5900,7490,5725
AT3G49500,2741,2584,1883,1649,2005,1684
AT3G49510,140,83,51,48,46,31
AT3G49530,2432,2303,1765,4838,6197,3226
AT3G49540,0,0,0,8,3,0
AT3G49550,1056,895,833,1795,2089,1333
AT3G49551,0,22,18,18,0,0
AT3G49560,4508,4095,2924,3532,5091,2881
AT3G49570,233,164,246,1939,2611,1631
AT3G49580,121,77,104,780,1064,560
AT3G49590,4055,3615,3029,6788,8576,5661
AT3G49600,2260,2337,1672,1830,2107,1532
AT3G49601,5614,5465,3827,6441,9225,6366
AT3G49620,10,6,10,50,62,35
AT3G49630,379,282,246,311,349,185
AT3G49640,1600,1346,1082,1876,2268,1420
AT3G49645,772,663,568,1068,1259,629
AT3G49650,792,835,621,547,782,526
AT3G49660,724,746,480,478,619,496
AT3G49668,2,2,2,2,2,2
AT3G49670,3627,3342,2563,1156,1709,1603
AT3G49680,10214,9641,6836,7064,8768,6053
AT3G49690,550,481,386,1037,1383,688
AT3G49700,17,8,11,0,0,0
AT3G49710,373,418,254,184,244,168
AT3G49720,17357,15450,11586,5084,7850,5553
AT3G49725,945,1193,637,696,666,547
AT3G49730,762,699,510,332,543,425
AT3G49740,67,101,48,29,30,34
AT3G49750,1425,1282,1142,304,454,278
AT3G49760,835,839,580,1356,1374,734
AT3G49770,6,0,0,0,3,6
AT3G49780,3132,2860,2137,4295,7389,2440
AT3G49790,695,852,614,1812,1742,877
AT3G49800,4995,4722,2880,4181,5396,4240
AT3G49810,3795,3425,2709,2408,3643,2635
AT3G49820,162,197,125,157,271,118
AT3G49830,11,23,13,12,34,13
AT3G49832,3,0,0,4,5,2
AT3G49840,413,409,335,325,335,262
AT3G49845,5300,4421,2993,2061,2818,2085
AT3G49850,1547,1374,1083,1452,1695,1181
AT3G49860,541,505,419,215,323,136
AT3G49870,5430,4970,3980,8975,11157,5926
AT3G49880,2549,2358,1964,1598,2386,1435
AT3G49890,620,635,499,590,578,365
AT3G49900,117,68,39,103,122,83
AT3G49910,58115,58502,41697,45598,50378,32820
AT3G49920,561,421,472,513,693,400
AT3G49930,715,672,359,192,313,172
AT3G49940,9182,9584,6512,4804,6313,4321
AT3G49960,6616,8482,5714,399,1289,967
AT3G49970,3,0,0,16,13,0
AT3G49990,3249,3010,2167,2491,2726,2145
AT3G50000,7876,7566,5377,8000,9853,6857
AT3G50010,509,370,297,69,89,84
AT3G50030,107,106,55,59,107,47
AT3G50040,281,292,191,103,163,88
AT3G50050,1911,1835,1383,1080,1310,984
AT3G50060,427,438,417,419,277,160
AT3G50070,2106,1932,1328,1474,1724,1258
AT3G50080,1795,1778,1329,1718,2720,2031
AT3G50100,470,427,261,290,286,300
AT3G50110,1595,1550,1111,1009,1183,842
AT3G50120,437,363,304,204,301,212
AT3G50130,1674,1329,1020,280,510,373
AT3G50140,705,613,407,272,384,292
AT3G50150,467,479,324,174,312,213
AT3G50180,16,13,12,0,0,0
AT3G50190,376,433,360,359,662,392
AT3G50200,90,107,79,62,90,62
AT3G50210,6685,6183,5043,6313,8016,3871
AT3G50220,905,843,671,1482,1595,887
AT3G50230,599,567,427,176,223,199
AT3G50240,804,656,638,372,361,263
AT3G50260,1666,1493,1081,2231,2800,1286
AT3G50280,409,429,323,127,269,105
AT3G50290,250,215,193,126,179,118
AT3G50300,5095,5051,3773,2632,3618,2136
AT3G50310,30,26,22,12,14,10
AT3G50340,1878,2075,1240,746,1245,987
AT3G50350,1374,1278,1073,543,578,244
AT3G50360,4562,4082,3674,4613,5906,3206
AT3G50370,16983,15940,12014,14886,21363,16969
AT3G50380,3473,2984,2254,3514,4778,2947
AT3G50390,13,18,7,25,31,33
AT3G50400,602,749,665,12659,11526,5189
AT3G50410,45,51,30,1029,891,474
AT3G50420,171,154,69,76,132,79
AT3G50430,1065,990,805,1021,1360,905
AT3G50440,3,8,10,0,13,3
AT3G50460,17,0,30,0,0,0
AT3G50470,80,78,64,0,19,11
AT3G50480,17,12,6,2,8,3
AT3G50500,9765,9883,6730,11276,14487,9157
AT3G50520,3248,3350,2183,3089,3898,2770
AT3G50530,4631,4844,3210,3049,3934,2995
AT3G50550,2179,1991,1238,1593,1973,965
AT3G50590,14316,13025,8872,8446,10643,8872
AT3G50610,11,32,10,39,35,32
AT3G50620,1987,1979,1467,1322,1380,936
AT3G50630,1842,1892,1180,767,1018,514
AT3G50640,8983,6600,6470,2579,3947,2198
AT3G50650,641,692,478,698,912,621
AT3G50660,3062,3314,2240,3043,3876,2535
AT3G50670,10472,10395,7875,11858,13964,8780
AT3G50685,464,409,340,574,772,357
AT3G50690,4496,4418,3282,3717,5468,3836
AT3G50700,358,460,316,304,423,200
AT3G50710,50,52,43,8,3,17
AT3G50740,810,914,721,499,569,328
AT3G50750,129,143,79,84,109,35
AT3G50760,1024,856,660,1018,1804,1020
AT3G50770,22,18,19,28,13,17
AT3G50780,3011,2598,1782,1211,1509,1067
AT3G50790,1114,1173,772,1768,2220,1740
AT3G50800,488,388,304,344,521,169
AT3G50810,875,849,787,447,604,257
AT3G50820,116,164,73,102,173,65
AT3G50825,101,94,76,25,31,29
AT3G50830,3175,2828,2768,3366,5204,2243
AT3G50840,1044,1189,693,300,437,329
AT3G50845,445,387,319,278,366,173
AT3G50850,294,250,176,164,229,150
AT3G50860,1447,1280,892,950,1252,782
AT3G50870,583,547,373,201,231,221
AT3G50880,1347,1308,1028,1230,1547,958
AT3G50890,29,21,22,17,49,23
AT3G50900,2248,2163,1377,2321,4077,2459
AT3G50910,5278,5040,3447,9211,12650,7742
AT3G50920,1491,1523,1095,1190,1485,1068
AT3G50930,326,379,176,2415,2486,2181
AT3G50950,709,553,514,676,1288,679
AT3G50960,2188,1992,1522,2181,2528,1407
AT3G50970,17285,16495,11011,220435,261728,117355
AT3G50980,43,37,16,317,471,156
AT3G51000,2553,2596,1729,2544,3549,2383
AT3G51010,5930,5843,4724,4743,5629,4105
AT3G51030,894,915,728,763,756,475
AT3G51040,2204,1922,1625,2561,3285,1897
AT3G51050,9007,8278,6252,7997,10741,7317
AT3G51060,19,38,29,50,62,30
AT3G51075,176,142,138,88,145,88
AT3G51080,224,247,183,201,170,145
AT3G51090,992,862,722,1844,2180,1424
AT3G51100,3205,3378,2419,2880,3960,2482
AT3G51110,967,923,728,694,1112,795
AT3G51120,3082,2780,1765,2943,3669,2574
AT3G51130,7506,7423,5484,9668,12862,7268
AT3G51140,2073,1894,1393,1690,2076,1525
AT3G51150,688,625,434,693,1089,886
AT3G51160,19649,19280,13619,5919,9703,7256
AT3G51171,9,25,3,0,0,3
AT3G51180,351,327,186,231,307,156
AT3G51190,8,13,6,5,25,3
AT3G51200,0,0,2,3,6,5
AT3G51220,46,48,24,57,76,28
AT3G51230,279,281,185,55,75,75
AT3G51238,1561,1838,1063,2065,2550,1285
AT3G51240,26078,30723,14797,28819,39553,28805
AT3G51250,3948,3626,2375,2653,3608,2086
AT3G51260,17117,16101,11478,9527,14331,8077
AT3G51270,5315,4860,3791,5685,6462,5665
AT3G51280,1711,1772,1194,432,363,271
AT3G51290,666,752,507,361,407,352
AT3G51300,498,476,334,528,569,281
AT3G51310,7193,7046,4312,4734,6429,4219
AT3G51320,1019,933,619,496,574,484
AT3G51325,396,384,279,276,376,230
AT3G51330,16492,14644,10765,2768,6179,2696
AT3G51340,589,495,513,120,160,82
AT3G51350,1483,1454,1320,376,660,298
AT3G51360,786,666,601,250,435,163
AT3G51370,9908,9358,6360,8917,11234,7874
AT3G51380,235,241,229,140,212,92
AT3G51390,2990,2898,2307,3411,4240,2964
AT3G51400,3,2,2,11,12,1
AT3G51410,82,46,48,4,12,11
AT3G51420,3,13,3,17,17,5
AT3G51430,2119,1995,1458,3119,4100,2580
AT3G51440,2548,2225,1998,2650,3791,1889
AT3G51450,788,583,557,367,503,269
AT3G51460,14622,13844,9456,7761,10247,6472
AT3G51470,871,731,530,170,267,235
AT3G51478,7,9,16,13,12,18
AT3G51480,906,810,636,365,517,444
AT3G51490,8,37,21,13,18,7
AT3G51500,769,768,648,1838,1807,809
AT3G51510,86,63,45,169,230,119
AT3G51520,6492,6189,5109,4713,6639,3925
AT3G51530,892,715,551,1266,1291,869
AT3G51540,655,604,559,683,1646,743
AT3G51550,20554,19947,13485,13363,17650,13486
AT3G51570,30,10,11,9,6,14
AT3G51580,4079,3856,2664,3756,4648,3113
AT3G51600,290,425,232,2223,3315,1806
AT3G51610,4503,4212,3358,3715,4674,2930
AT3G51620,3707,3657,2580,3652,4566,3533
AT3G51630,5161,4894,3446,5309,7180,4675
AT3G51640,3483,3233,2409,2903,3487,2845
AT3G51642,33,28,23,55,65,43
AT3G51644,3,2,0,2,3,0
AT3G51650,2432,2280,1636,2124,2749,2560
AT3G51660,926,967,744,521,1210,419
AT3G51670,4205,3705,2980,2027,2394,1620
AT3G51680,238,265,149,121,183,92
AT3G51710,416,481,338,177,287,154
AT3G51720,1940,1982,1337,346,527,336
AT3G51730,14372,13983,10480,16371,25128,9943
AT3G51740,4111,4287,3184,200,305,216
AT3G51750,247,262,217,6739,7525,3799
AT3G51770,4995,5087,3225,2887,3728,3117
AT3G51780,1079,1024,671,1225,1302,730
AT3G51790,2010,2080,1312,1949,2137,1641
AT3G51800,24331,24236,16151,17211,20482,14067
AT3G51810,0,0,0,136,105,52
AT3G51820,808,1113,532,799,1111,695
AT3G51830,4412,4304,3293,4823,6657,3572
AT3G51840,18990,17782,13331,20004,29160,15488
AT3G51850,6077,5800,4139,6817,9217,5653
AT3G51860,768,990,680,2693,3388,1801
AT3G51870,283,373,181,489,464,295
AT3G51880,4853,4430,3607,5670,7497,3973
AT3G51890,668,612,547,1228,1588,870
AT3G51895,0,0,0,501,367,207
AT3G51910,4135,3472,4157,2158,2741,1123
AT3G51920,3196,3060,2207,2230,3614,1468
AT3G51930,585,677,454,320,449,286
AT3G51940,1000,913,685,959,1179,729
AT3G51950,13580,12446,10462,4053,6539,4369
AT3G51960,55,49,22,29,28,18
AT3G51970,487,385,384,164,261,147
AT3G51980,3932,3281,2609,1906,2541,1203
AT3G51990,1598,1446,926,1124,1528,947
AT3G52030,2559,2497,2076,2590,3241,1766
AT3G52040,3478,3269,2966,2379,3270,1932
AT3G52050,1077,982,780,1272,1330,929
AT3G52060,8891,9547,7158,6202,9036,4862
AT3G52070,62,85,45,27,61,27
AT3G52072,540,411,384,234,370,223
AT3G52090,7530,7076,6133,7988,9507,5514
AT3G52100,1920,1622,1201,1539,1925,1342
AT3G52105,683,596,522,1012,1377,533
AT3G52110,859,902,585,208,248,147
AT3G52115,427,504,289,128,224,123
AT3G52120,5930,5593,4011,6726,8770,4767
AT3G52130,10,6,0,11,3,6
AT3G52140,15806,15837,9924,13444,15309,14592
AT3G52150,1351,1367,899,1060,1198,886
AT3G52155,640,600,495,699,836,639
AT3G52160,4,3,7,10,0,0
AT3G52170,1253,1261,867,762,1059,776
AT3G52180,366,365,261,505,565,353
AT3G52190,4195,3686,2969,2710,3699,2230
AT3G52200,15855,15851,10826,12201,16105,10519
AT3G52210,1178,1150,812,990,1352,1078
AT3G52220,3025,3164,1893,3110,3524,2469
AT3G52230,3747,3910,2844,5492,7154,4019
AT3G52240,3501,3052,2336,4267,5418,3703
AT3G52250,4702,4203,3017,3352,4484,3368
AT3G52260,1054,1024,755,1431,1672,1064
AT3G52270,17,7,0,12,5,6
AT3G52280,1213,1159,924,1525,2018,1239
AT3G52290,2028,1746,1373,2113,2689,2148
AT3G52300,57320,53316,45062,48600,62628,31285
AT3G52310,16,6,0,32,10,12
AT3G52340,969,921,641,3174,4175,2467
AT3G52360,9503,8626,7952,6431,7544,3434
AT3G52370,5727,6673,4059,1501,2368,1585
AT3G52380,862,1061,556,1117,1213,870
AT3G52390,1593,1708,1127,1036,1320,795
AT3G52400,3470,3399,2641,2993,4340,1887
AT3G52420,1174,1397,1068,1892,2073,1174
AT3G52430,1227,1207,815,1091,1675,1013
AT3G52440,15,31,19,18,19,26
AT3G52450,1964,1898,1144,1915,3054,1738
AT3G52460,1524,1574,1293,470,737,397
AT3G52470,14716,15778,10459,13371,18270,12251
AT3G52480,911,1022,862,491,717,325
AT3G52490,1789,1624,1169,1623,2008,1786
AT3G52500,7592,8047,5691,1790,3484,2739
AT3G52520,248,313,152,111,156,131
AT3G52525,11,14,6,16,13,17
AT3G52526,20,17,22,30,26,11
AT3G52535,43,47,68,23,76,23
AT3G52540,107,92,52,160,243,111
AT3G52550,26,43,36,6,7,21
AT3G52560,12154,12016,8491,9951,12802,7919
AT3G52561,113,115,71,47,69,34
AT3G52565,9,5,2,2,3,3
AT3G52570,1993,1965,1626,1928,2408,1883
AT3G52580,17694,18210,13374,12497,14946,10947
AT3G52590,53311,51226,39193,40068,46953,27362
AT3G52605,109,106,76,200,285,216
AT3G52610,1528,1484,927,1917,2437,1723
AT3G52630,1405,1436,1068,456,428,259
AT3G52640,5752,5485,3709,3300,4579,3520
AT3G52660,3983,3578,2809,3346,4173,2483
AT3G52670,103,115,98,75,92,37
AT3G52680,673,591,471,542,671,505
AT3G52710,1607,1753,1260,1184,1798,963
AT3G52720,17,16,7,0,3,0
AT3G52730,26015,24190,19952,17071,24026,11537
AT3G52740,1781,1876,1113,3352,4055,1582
AT3G52748,406,290,351,856,1286,491
AT3G52750,1906,1701,1129,1241,1652,1076
AT3G52760,2878,2570,2004,2463,3235,1838
AT3G52770,72,98,99,451,451,205
AT3G52780,0,0,0,28,20,0
AT3G52790,1237,1199,1104,1757,2084,782
AT3G52800,10849,10728,7665,21407,24831,11862
AT3G52820,239,217,171,569,675,388
AT3G52840,368,362,331,526,602,234
AT3G52850,16066,15198,12117,18403,24554,15102
AT3G52860,950,763,596,1046,1128,654
AT3G52870,2549,2658,1961,3709,5501,3143
AT3G52880,22470,26336,15811,24065,32026,18536
AT3G52890,2920,2965,1938,2647,2888,2632
AT3G52900,1147,1176,735,578,669,500
AT3G52905,788,713,530,754,931,582
AT3G52910,1636,1415,1174,2165,2536,1840
AT3G52920,5362,4871,3981,2980,3769,1915
AT3G52930,161145,168847,95584,66957,86048,64797
AT3G52940,6682,5815,4933,2735,3573,1939
AT3G52950,2118,1871,1201,1643,1994,1365
AT3G52960,8775,9822,7159,4099,5313,3665
AT3G52990,25762,26689,15438,17178,22889,17169
AT3G53000,1678,1576,1213,999,1578,921
AT3G53010,823,714,617,114,236,120
AT3G53020,48313,48598,39232,36567,47525,28956
AT3G53030,1470,1381,940,1982,2342,1618
AT3G53040,40,40,29,141,186,144
AT3G53090,2268,2040,1563,1858,2647,1718
AT3G53100,3268,3443,2585,2085,2221,1056
AT3G53110,12174,11563,8335,12687,16661,10554
AT3G53120,2733,2480,2028,3757,4794,2261
AT3G53130,73,105,54,191,218,120
AT3G53150,837,832,481,861,1651,744
AT3G53160,180,151,116,1252,1420,1028
AT3G53170,146,131,85,140,214,180
AT3G53180,14456,12766,9251,24933,31920,22321
AT3G53190,2374,2317,1798,1233,1555,1496
AT3G53200,34,21,39,10,12,13
AT3G53210,905,726,548,978,1552,1072
AT3G53220,308,294,287,133,155,77
AT3G53230,8163,8590,5430,7862,11657,5847
AT3G53232,0,3,0,6,5,6
AT3G53235,20,25,11,0,0,0
AT3G53240,1076,970,677,858,1062,977
AT3G53260,32861,35439,20051,21836,31901,21566
AT3G53270,1397,1492,1065,1339,1795,1065
AT3G53280,6,3,0,18,24,11
AT3G53310,12,6,9,4,3,3
AT3G53320,1171,1119,865,1032,1093,857
AT3G53340,2197,2267,1420,2911,3839,2660
AT3G53350,715,763,483,712,816,619
AT3G53360,150,213,127,89,97,117
AT3G53365,37,28,37,72,35,25
AT3G53370,2524,2206,1934,1937,2773,1699
AT3G53380,1813,1747,1240,293,496,417
AT3G53390,3752,3685,2388,3526,4815,3068
AT3G53400,1241,1119,831,2396,2957,1956
AT3G53403,61,80,59,116,112,44
AT3G53410,1399,1361,922,1369,1899,1124
AT3G53420,262435,249653,184119,218374,291686,125475
AT3G53430,41246,40925,29869,25227,30081,21418
AT3G53440,689,661,391,389,561,398
AT3G53450,234,226,201,478,479,254
AT3G53460,6538,6925,4243,5441,6672,5682
AT3G53470,82,88,94,71,132,65
AT3G53480,37120,34111,21970,26857,38251,32282
AT3G53490,1597,1360,1316,1385,1708,1136
AT3G53500,11702,10963,9013,12780,14850,9397
AT3G53510,413,503,461,1220,1154,814
AT3G53520,11982,10917,8695,10007,13704,7985
AT3G53530,1,9,4,6,5,0
AT3G53540,1186,1066,752,6400,7245,5069
AT3G53560,907,1075,666,1034,1170,811
AT3G53570,2214,1978,1685,1805,2231,1420
AT3G53580,9584,9165,6964,7734,8712,5592
AT3G53590,4,6,3,7,8,2
AT3G53600,60,64,57,80,99,36
AT3G53610,8702,7716,6364,5776,7472,4901
AT3G53620,3849,4380,2583,5646,5116,3406
AT3G53630,3118,3170,1988,2352,2801,2073
AT3G53650,1970,2370,1630,2967,2622,1581
AT3G53670,12098,10764,8513,4858,7072,4327
AT3G53680,486,462,312,268,220,151
AT3G53690,3,5,3,0,0,6
AT3G53700,489,585,314,306,459,296
AT3G53710,7227,7066,4993,5670,7093,5408
AT3G53720,15,39,17,195,340,227
AT3G53730,7991,8046,5906,9938,11984,7975
AT3G53740,36841,34697,26794,26883,30127,19500
AT3G53750,5230,4807,3790,2926,3447,2385
AT3G53760,1981,1875,1478,1712,2003,1615
AT3G53770,4,10,10,5,0,0
AT3G53780,3795,3535,3083,4381,6462,2830
AT3G53800,198,74,108,59,92,97
AT3G53810,1273,1203,876,1218,1776,1180
AT3G53820,30,14,23,6,8,6
AT3G53830,765,989,702,1837,1933,806
AT3G53840,159,109,65,80,88,93
AT3G53850,1189,1045,924,640,794,594
AT3G53860,281,338,222,300,345,303
AT3G53870,44992,45274,31695,40904,44424,30030
AT3G53880,2708,2623,1856,2284,2683,1910
AT3G53890,26895,27038,22816,23995,28031,17596
AT3G53900,1541,1554,1007,986,894,762
AT3G53920,695,707,516,633,755,492
AT3G53930,2224,2283,1539,2822,3452,2090
AT3G53940,1064,1236,828,488,460,376
AT3G53950,798,870,529,718,737,446
AT3G53960,3,5,0,674,805,601
AT3G53970,7306,7069,5476,6371,8941,4900
AT3G53980,23763,23939,17961,40161,45031,18284
AT3G53990,29952,25474,21769,43941,53869,26187
AT3G54000,1212,1109,887,1235,1720,963
AT3G54010,5431,5441,3938,4776,5970,3833
AT3G54020,1725,1741,1406,3155,4479,2561
AT3G54030,4626,4728,3328,2591,3693,2703
AT3G54040,5777,5488,4053,1831,2786,1502
AT3G54050,11,14,0,0,0,8
AT3G54060,263,238,144,81,96,65
AT3G54080,3541,3347,2765,2352,3273,2067
AT3G54085,624,536,472,1049,1198,519
AT3G54090,794,760,446,328,391,287
AT3G54100,4077,3822,2669,3092,4421,3378
AT3G54110,16098,15691,11744,13022,17214,12485
AT3G54120,571,624,530,173,314,180
AT3G54130,2742,2346,1965,5297,6351,3244
AT3G54140,4155,4082,3056,10915,16489,7921
AT3G54150,95,78,53,202,209,187
AT3G54160,128,115,100,95,94,71
AT3G54170,1799,1701,1218,1697,2120,1198
AT3G54180,2433,2489,1745,1097,1227,705
AT3G54190,4916,4451,3218,4759,5580,3853
AT3G54200,3366,3456,2344,3157,4609,2465
AT3G54210,2898,2792,2143,3449,3937,2288
AT3G54220,5715,5340,3609,3171,4281,3712
AT3G54230,4565,4257,3144,4335,5590,3983
AT3G54250,4814,4322,3000,2519,3584,2741
AT3G54260,1163,1105,916,1176,1262,820
AT3G54270,984,884,524,763,872,576
AT3G54280,5099,4999,3141,4351,4920,4014
AT3G54290,2529,2330,1932,2598,3102,1872
AT3G54300,5453,5048,4152,5284,6941,3387
AT3G54310,6,12,0,6,12,4
AT3G54320,2978,2575,2002,3387,3296,2981
AT3G54340,172,164,134,35,63,54
AT3G54350,2911,2850,2002,2924,3380,2940
AT3G54360,3913,3814,2706,4291,5558,2967
AT3G54363,356,277,268,466,537,336
AT3G54366,2134,1646,1360,1672,2136,1353
AT3G54380,1822,1687,1162,2789,3100,2035
AT3G54390,465,621,407,397,454,231
AT3G54400,21974,21959,17364,4145,8420,6502
AT3G54410,3,7,11,5,16,7
AT3G54420,2041,1998,1570,1522,2894,1350
AT3G54430,350,251,343,185,251,127
AT3G54440,4537,4381,2796,4431,5416,4510
AT3G54450,5,15,14,55,46,49
AT3G54460,1538,1570,1067,1124,1370,1098
AT3G54470,14022,13701,7563,5910,7629,7570
AT3G54480,4237,3874,2884,4122,5376,2902
AT3G54490,9,15,4,7,6,0
AT3G54500,4295,3672,3280,3696,4735,2700
AT3G54510,228,245,170,118,181,127
AT3G54520,24,32,26,83,111,49
AT3G54530,100,84,45,0,15,11
AT3G54540,8133,7692,5316,9817,12186,8493
AT3G54550,0,0,0,29,30,14
AT3G54560,5518,5067,4173,2505,3192,1832
AT3G54580,55929,58521,49735,18222,47056,23445
AT3G54590,23660,25518,18998,4092,13768,7765
AT3G54600,795,1472,692,659,710,384
AT3G54610,1545,1424,951,1192,1473,1146
AT3G54620,8859,7803,6302,10908,13780,6813
AT3G54625,29,48,22,43,41,42
AT3G54630,968,937,606,326,357,289
AT3G54640,11272,11693,8239,5453,7113,3832
AT3G54650,6667,6368,4459,5241,6377,5840
AT3G54660,6995,6985,4523,7729,9743,6446
AT3G54670,4299,3896,3011,3536,4599,3413
AT3G54680,3662,3575,2645,7890,9526,5206
AT3G54690,3335,3236,2284,2732,3330,2130
AT3G54710,828,790,567,273,254,163
AT3G54720,1058,1089,865,645,605,450
AT3G54740,969,843,651,1287,1480,1086
AT3G54750,3768,3630,2556,2340,2450,1753
AT3G54760,7440,6943,4848,6748,9161,6784
AT3G54770,12155,10736,9008,3263,4400,2801
AT3G54780,254,204,186,93,96,100
AT3G54790,2173,2005,1578,1083,1551,1167
AT3G54800,21,31,19,10,17,23
AT3G54810,7281,5719,4160,2706,4656,3222
AT3G54820,102,145,106,165,163,104
AT3G54826,1711,1521,1068,1878,2115,1342
AT3G54830,187,181,84,129,427,185
AT3G54840,5536,5160,4140,5514,7416,3540
AT3G54850,1282,1394,997,1489,1975,1327
AT3G54860,3927,3512,2778,3650,4246,2624
AT3G54870,1041,953,622,152,321,191
AT3G54880,5523,5471,4816,3298,4447,2476
AT3G54890,697,879,481,437,576,371
AT3G54900,1973,2072,1409,1335,1712,1010
AT3G54910,668,607,500,242,332,246
AT3G54920,5841,5593,4297,5683,7224,6811
AT3G54930,726,707,496,356,487,417
AT3G54940,0,0,0,0,10,6
AT3G54950,2037,2268,1292,3383,4074,2974
AT3G54960,24127,21815,13971,9674,12443,9371
AT3G54970,1085,883,742,754,935,561
AT3G54980,1296,1328,865,906,1078,880
AT3G54990,752,697,534,695,1115,539
AT3G55000,3638,3313,2480,3275,4049,2395
AT3G55005,3121,3028,2421,2186,2986,1697
AT3G55010,7272,7522,5538,3889,4797,3605
AT3G55020,7964,8064,5716,5352,7372,4999
AT3G55030,2182,2201,1469,3738,4217,3148
AT3G55040,332,326,245,234,319,259
AT3G55050,3371,3093,2174,2956,3705,2185
AT3G55060,1565,1497,1117,595,667,514
AT3G55070,3440,3304,2449,4137,5167,3078
AT3G55080,583,505,280,721,842,739
AT3G55090,200,189,181,11248,11603,6412
AT3G55120,7531,9876,3896,7925,10586,6687
AT3G55140,2527,2125,1679,2477,2915,1785
AT3G55150,2325,2071,1150,467,1025,587
AT3G55160,2864,2746,1695,2979,3596,3849
AT3G55170,6767,5947,4669,4044,4903,3532
AT3G55180,83,93,72,89,62,87
AT3G55200,4317,4555,2728,3645,3998,3993
AT3G55210,14,21,23,93,61,16
AT3G55220,4326,4554,2733,3931,4229,4198
AT3G55230,36792,35918,25236,31623,51217,23481
AT3G55250,120,149,96,102,160,134
AT3G55260,5124,4880,3587,3621,4999,2790
AT3G55270,4345,4179,2779,5245,6471,6026
AT3G55280,22005,21450,16331,14941,17487,10888
AT3G55290,459,473,484,580,886,422
AT3G55310,176,137,155,115,134,73
AT3G55320,2766,2447,1740,1826,2418,1602
AT3G55330,82,75,67,148,130,86
AT3G55340,1793,1848,1051,1267,1221,1179
AT3G55350,1351,1427,926,771,914,920
AT3G55360,11598,11144,8543,11299,13797,8764
AT3G55370,2737,2748,2056,2839,3179,2266
AT3G55380,4503,4340,3100,5057,5813,3716
AT3G55390,479,451,345,702,921,489
AT3G55400,2848,2756,1738,2182,2609,2262
AT3G55410,21679,22399,13474,17058,21978,16069
AT3G55420,2552,2272,1721,1067,1396,883
AT3G55430,9558,9133,6630,19168,21478,13950
AT3G55440,102520,104856,70365,77173,107623,60603
AT3G55450,2632,2557,1856,2044,2825,1791
AT3G55460,7614,7582,5963,8777,10644,6631
AT3G55470,1925,1732,1401,1004,1542,596
AT3G55480,3802,3684,2451,3224,4033,3254
AT3G55485,15,29,12,2,0,8
AT3G55490,1347,1206,1039,735,1063,581
AT3G55500,13,12,3,139,111,70
AT3G55510,3385,3429,2289,1958,2150,1477
AT3G55515,58,35,28,24,44,21
AT3G55520,4835,4735,3401,4483,5985,4494
AT3G55530,1807,1573,1362,1891,2257,1345
AT3G55550,85,69,72,3,12,32
AT3G55560,1149,1155,812,918,1230,1076
AT3G55580,156,123,93,144,109,81
AT3G55600,1530,1497,1090,3140,3975,2435
AT3G55605,1990,2141,1430,1226,1169,783
AT3G55610,15676,15294,10514,16135,22996,17236
AT3G55620,12813,11843,9503,13213,15319,8208
AT3G55630,29,29,29,63,81,31
AT3G55640,788,724,605,1009,1349,753
AT3G55646,28,16,11,0,0,9
AT3G55650,8,10,6,16,13,3
AT3G55660,1035,1051,750,209,212,152
AT3G55690,899,731,617,618,751,512
AT3G55700,56,26,27,3,6,6
AT3G55710,31,24,22,8,6,0
AT3G55720,2081,2078,1448,967,1713,1428
AT3G55730,1565,1605,1120,1929,2352,1517
AT3G55734,5,2,3,0,0,0
AT3G55740,2959,2456,1724,2990,5204,3137
AT3G55750,30348,32302,25509,19439,22817,14792
AT3G55760,1395,1516,945,1216,1681,1272
AT3G55770,15820,13753,11700,13204,18150,11294
AT3G55780,0,3,0,9,9,6
AT3G55800,42,51,34,28,50,39
AT3G55820,122,107,75,44,98,92
AT3G55830,5040,4518,3765,4068,6185,3692
AT3G55840,113,111,70,1452,1595,780
AT3G55850,4308,3704,3025,4085,5002,3233
AT3G55870,3,0,1,52,22,10
AT3G55880,2687,2625,2175,2804,3469,1484
AT3G55890,507,497,355,392,506,224
AT3G55900,39,29,22,23,27,14
AT3G55910,222,176,157,128,254,80
AT3G55920,3045,2935,2551,2169,2674,1427
AT3G55930,5,13,12,13,7,5
AT3G55940,601,617,406,741,822,436
AT3G55950,1993,2281,1465,857,1192,925
AT3G55960,4525,4032,3143,3977,5045,2948
AT3G55970,46,37,47,119,86,59
AT3G55980,1236,1195,864,2927,3685,2134
AT3G55990,5176,5212,3684,4675,5844,3246
AT3G56000,2441,2192,1812,830,1138,593
AT3G56010,228,261,161,305,448,364
AT3G56020,20888,20436,15762,13271,18237,7689
AT3G56030,709,724,422,605,641,593
AT3G56040,1047,944,668,1285,1444,1098
AT3G56050,3405,3451,2254,3293,4093,2795
AT3G56060,478,468,313,115,174,103
AT3G56070,10413,10792,7545,4320,4471,3919
AT3G56080,489,448,327,851,1525,581
AT3G56090,6864,8149,5057,5808,5863,4121
AT3G56100,1146,1156,849,208,203,142
AT3G56110,6452,6183,4671,3157,4490,3074
AT3G56120,2435,2128,1465,1990,2052,1508
AT3G56130,14373,13421,11291,9588,12155,7143
AT3G56140,1633,1555,1174,2540,3087,2105
AT3G56150,24014,24039,16142,24053,29303,24000
AT3G56160,1601,1600,1130,1103,1117,973
AT3G56170,3321,2981,2022,2674,4220,2481
AT3G56190,20587,18652,15140,19001,25018,13702
AT3G56200,1820,1927,1753,2441,3717,1911
AT3G56210,3079,3027,2324,2497,3344,2073
AT3G56220,915,674,577,249,478,324
AT3G56230,2858,2515,2159,659,861,369
AT3G56240,48892,48620,36571,36400,43373,21500
AT3G56250,342,251,255,234,310,181
AT3G56260,38,47,52,72,81,49
AT3G56270,720,576,450,772,876,529
AT3G56275,454,502,357,5684,5587,2920
AT3G56290,880,966,523,2392,3676,1766
AT3G56300,286,304,208,205,267,176
AT3G56310,23780,22090,16882,33287,45351,21491
AT3G56320,1088,1065,783,1302,1529,936
AT3G56330,185,201,150,63,59,48
AT3G56340,32800,32329,24891,32130,34889,20099
AT3G56360,4548,4098,3001,2939,4296,2619
AT3G56370,6810,6753,4389,1953,2167,2204
AT3G56380,58,30,35,20,9,0
AT3G56400,153,119,134,142,191,85
AT3G56408,426,427,299,930,381,331
AT3G56410,2921,2767,2211,894,2212,1370
AT3G56420,5,0,6,2,9,0
AT3G56430,1908,2068,1372,1284,1334,1206
AT3G56440,703,725,596,403,576,307
AT3G56450,565,669,446,980,1149,714
AT3G56460,8096,7359,5944,7215,8857,5554
AT3G56470,320,362,312,216,288,146
AT3G56480,8665,7071,6114,2194,3058,2107
AT3G56490,10246,10387,8467,9422,11682,6087
AT3G56500,89,80,70,16,17,11
AT3G56510,2524,2459,1955,3097,3539,2419
AT3G56550,106,112,68,60,102,45
AT3G56570,780,699,467,888,862,744
AT3G56580,4364,4037,2975,3273,3712,3135
AT3G56590,4200,4771,3235,1746,2777,2628
AT3G56600,30,27,34,212,214,126
AT3G56620,301,351,280,1152,1286,589
AT3G56630,89,89,48,95,106,60
AT3G56640,1817,1642,1028,1006,1272,1037
AT3G56650,201,230,170,238,296,126
AT3G56660,35,25,13,26,36,34
AT3G56680,5695,5013,3760,7431,9253,6948
AT3G56690,1659,1649,1080,1572,1817,1616
AT3G56700,6,10,8,9,7,6
AT3G56705,5,9,16,10,10,3
AT3G56710,13,15,16,39,30,24
AT3G56720,2994,2741,2195,3329,4212,2413
AT3G56730,574,436,404,523,503,201
AT3G56740,3076,2877,2354,2168,3187,1887
AT3G56750,2490,2139,1596,2264,3013,2071
AT3G56760,3728,3534,2481,2318,2829,2026
AT3G56770,38,26,32,54,31,37
AT3G56790,52,60,35,100,100,59
AT3G56800,23922,22338,18539,16413,22046,11357
AT3G56810,349,351,267,170,199,85
AT3G56820,1428,1295,1179,1548,1971,1123
AT3G56825,10,14,9,25,35,17
AT3G56830,445,440,334,558,717,469
AT3G56840,1666,1532,1184,1175,1596,1042
AT3G56850,2686,2577,2231,3482,4523,3043
AT3G56860,7816,7087,4985,5338,6809,4435
AT3G56870,597,540,333,208,179,175
AT3G56880,3673,3564,2606,8092,10229,6384
AT3G56890,11,12,5,0,8,8
AT3G56891,61,55,37,32,39,52
AT3G56900,1698,1711,1312,1641,1831,1189
AT3G56910,2650,2508,1993,1932,2645,1514
AT3G56920,6,3,0,6,0,3
AT3G56930,6072,5407,4281,2765,3474,2045
AT3G56940,1822,2655,1358,1148,1807,825
AT3G56950,9681,8689,7277,6540,10127,4651
AT3G56960,811,736,516,384,527,424
AT3G56970,47,74,34,106,36,42
AT3G56980,1137,798,725,163,133,59
AT3G56990,3953,3825,2326,3561,4007,3299
AT3G57000,4897,4962,3562,3445,3997,3005
AT3G57010,20758,20156,14318,63363,78498,36201
AT3G57020,21350,22951,13734,21799,38370,18930
AT3G57030,2320,2207,1633,1331,1523,1085
AT3G57040,4707,4472,3439,2674,3894,1751
AT3G57050,8123,7463,5561,6773,8718,6212
AT3G57060,2143,1951,1383,1387,1604,1134
AT3G57062,1053,897,648,1032,1462,890
AT3G57070,3580,3338,2536,3205,4108,2112
AT3G57080,1285,1167,924,944,1181,822
AT3G57090,5842,5595,4365,7444,9718,4406
AT3G57110,23,38,17,9,10,12
AT3G57120,698,689,451,707,775,591
AT3G57130,3,8,0,12,8,8
AT3G57140,204,203,128,186,253,164
AT3G57150,22146,22863,13077,12429,14193,15912
AT3G57157,186,171,138,96,109,94
AT3G57160,187,157,178,198,141,96
AT3G57170,2850,2583,2068,3041,3871,2727
AT3G57180,234,250,152,171,160,147
AT3G57190,73,85,58,124,161,63
AT3G57200,366,425,308,329,370,281
AT3G57210,21,15,8,11,3,6
AT3G57220,3893,3704,3162,2629,3093,1927
AT3G57230,6124,4914,4888,4211,5673,2838
AT3G57280,8109,7513,6053,7987,10468,5912
AT3G57290,17335,17284,12240,16607,19378,16219
AT3G57300,3745,3632,2553,4265,5130,4375
AT3G57320,890,870,622,606,742,403
AT3G57330,9665,9586,6657,3050,5086,3524
AT3G57340,4049,3737,2909,4545,5962,3945
AT3G57350,2361,2437,1906,2448,2606,2124
AT3G57360,573,522,378,371,493,396
AT3G57370,0,0,5,0,8,5
AT3G57380,288,236,172,436,761,293
AT3G57390,950,1043,703,1354,1599,953
AT3G57400,1733,1356,1115,970,1277,797
AT3G57410,14057,13140,9281,10275,13360,9131
AT3G57420,4041,3815,2515,2185,3047,2095
AT3G57430,86,102,73,34,50,47
AT3G57440,10,15,14,15,5,0
AT3G57450,3481,3350,2436,4853,4946,2645
AT3G57460,0,6,8,0,0,0
AT3G57470,2719,2155,2088,1799,2255,1468
AT3G57480,1693,1475,1165,1319,1749,864
AT3G57490,4493,4621,3095,4089,4341,3776
AT3G57500,92,137,75,18,27,30
AT3G57520,11776,11276,10534,11346,10225,5965
AT3G57530,4123,4101,3128,5525,8263,3663
AT3G57540,316,362,218,3853,4518,1933
AT3G57550,7806,8007,5595,8154,10887,7881
AT3G57560,2711,2854,1972,2408,2764,2180
AT3G57570,1688,1749,1212,2068,2542,1641
AT3G57580,384,339,274,319,328,333
AT3G57586,10,15,21,10,0,5
AT3G57590,462,443,267,605,775,445
AT3G57610,10052,9918,6836,6962,7993,5741
AT3G57630,5192,5309,3193,2962,5129,3637
AT3G57640,31,39,24,10,22,14
AT3G57645,12,7,6,4,5,0
AT3G57650,9813,9491,7169,7201,9395,6587
AT3G57660,4934,5196,3257,3487,3720,3345
AT3G57670,108,106,76,67,46,25
AT3G57680,10,0,0,3,22,0
AT3G57710,1176,1129,796,696,934,700
AT3G57720,70,73,44,18,43,36
AT3G57730,179,134,98,63,58,78
AT3G57740,104,67,62,86,124,45
AT3G57750,777,729,519,678,855,616
AT3G57760,292,216,208,687,659,537
AT3G57765,14,16,15,24,22,7
AT3G57770,2,7,4,3,12,0
AT3G57780,31,68,34,108,125,25
AT3G57785,3626,3462,2669,2637,3869,2486
AT3G57787,58,36,39,52,45,39
AT3G57790,1953,1826,1639,1704,2331,1300
AT3G57800,1397,1367,896,1346,1592,1347
AT3G57810,990,885,667,1002,1114,636
AT3G57820,8,11,10,0,2,0
AT3G57830,597,648,467,427,597,387
AT3G57860,1170,1203,896,685,774,777
AT3G57870,14484,14024,10545,12777,15250,7354
AT3G57880,2655,2365,1816,5893,6236,3917
AT3G57890,10599,10194,7248,9618,11189,7828
AT3G57900,0,2,7,0,0,5
AT3G57910,680,675,509,632,804,515
AT3G57920,52,57,77,2,7,9
AT3G57930,3043,3018,2185,2619,3723,2532
AT3G57940,2693,2837,1723,883,1092,1068
AT3G57950,427,461,396,303,514,400
AT3G57965,1973,1674,1555,1108,1815,1083
AT3G57970,20,25,30,17,20,15
AT3G57980,534,567,269,97,240,377
AT3G57990,1842,1834,1160,1518,2311,1211
AT3G58000,65,95,61,0,0,0
AT3G58010,1025,1151,881,928,1352,712
AT3G58020,1011,824,715,1537,1648,1126
AT3G58030,5913,5782,4318,6449,7844,5762
AT3G58040,3575,3593,2723,3545,4989,2981
AT3G58050,3986,3753,3005,3339,4309,3581
AT3G58060,14,12,5,11,78,16
AT3G58070,3,0,5,0,0,3
AT3G58090,312,328,210,323,324,289
AT3G58100,622,634,459,147,194,144
AT3G58110,4297,4024,2631,3395,4280,3460
AT3G58120,11471,9268,7095,3934,5407,4171
AT3G58130,1618,1703,1429,1994,2792,1478
AT3G58140,3905,3855,2851,3008,3706,2833
AT3G58150,12,14,17,14,12,7
AT3G58160,517,426,421,374,471,291
AT3G58170,3051,2845,2198,3219,4070,1964
AT3G58180,1955,1905,1301,1760,2079,1718
AT3G58190,285,225,165,423,370,170
AT3G58200,98,107,77,36,79,44
AT3G58210,0,14,0,13,8,0
AT3G58220,1447,1344,1146,1034,1417,895
AT3G58270,177,221,144,493,546,326
AT3G58350,311,303,250,462,415,367
AT3G58380,33,23,20,44,27,34
AT3G58430,105,98,52,44,81,47
AT3G58450,0,0,0,13,8,0
AT3G58460,6379,5759,4708,5619,7517,4523
AT3G58470,1866,1805,1337,1937,2142,1533
AT3G58490,3700,3184,2545,2319,3229,2599
AT3G58500,24675,21971,17211,25365,31019,18918
AT3G58510,9326,9285,5595,6861,9574,6983
AT3G58520,387,368,200,186,183,230
AT3G58530,1662,1587,1096,2095,2302,1352
AT3G58540,295,257,212,320,361,146
AT3G58550,14,6,14,18,14,5
AT3G58560,5271,4754,3245,3942,5078,3928
AT3G58570,4189,4177,2632,3831,4979,3626
AT3G58580,4748,4678,3150,3305,4032,3583
AT3G58590,136,162,99,64,63,101
AT3G58600,4987,4605,3693,3838,5419,3239
AT3G58610,48878,48579,33377,29586,34268,28823
AT3G58620,3748,3203,2279,1545,2932,2057
AT3G58630,1528,1485,1167,1163,1584,1181
AT3G58640,6393,6017,4452,7857,9529,7191
AT3G58650,858,910,568,304,284,252
AT3G58660,8243,8170,5249,5378,7427,5500
AT3G58670,2339,2101,1654,3354,3976,2869
AT3G58680,9335,8949,8030,10370,15002,7209
AT3G58690,615,591,442,432,461,414
AT3G58700,10028,9630,7554,7205,8370,5485
AT3G58710,4554,4295,3552,1540,2293,1255
AT3G58720,283,316,290,356,297,211
AT3G58730,20929,20013,15904,14246,21759,11186
AT3G58750,12478,12307,8272,19364,24395,14547
AT3G58760,2430,2293,1595,1976,2442,1516
AT3G58770,31,55,38,163,148,85
AT3G58780,36,37,20,91,143,67
AT3G58790,309,373,249,434,400,425
AT3G58800,788,703,528,343,541,466
AT3G58810,864,700,582,535,1104,407
AT3G58820,274,274,231,180,222,155
AT3G58830,904,875,691,1141,1389,1047
AT3G58840,2338,2286,1471,1582,2005,1502
AT3G58850,501,446,361,257,220,189
AT3G58860,90,70,77,42,60,31
AT3G58865,700,570,457,230,333,332
AT3G58875,111,162,113,97,176,164
AT3G58900,1190,1175,1041,737,1123,773
AT3G58930,834,844,482,705,709,622
AT3G58940,453,461,296,325,393,301
AT3G58950,4,0,6,0,0,0
AT3G58970,2362,2289,1783,2374,3250,2024
AT3G58975,220,269,155,217,201,204
AT3G58980,156,146,111,116,146,99
AT3G58990,625,1300,625,24,22,10
AT3G59000,459,545,476,677,662,551
AT3G59010,23,13,3,17,5,5
AT3G59020,11030,10936,7512,11673,13262,12274
AT3G59040,677,721,404,721,728,573
AT3G59050,2871,2924,2048,2749,3655,2315
AT3G59060,0,6,7,0,10,16
AT3G59068,174,197,148,133,169,75
AT3G59070,8,9,13,12,14,0
AT3G59080,229,220,156,1475,1820,1100
AT3G59090,4023,3682,3364,3479,4962,3180
AT3G59100,4802,4458,3445,3087,3273,2132
AT3G59110,3265,2912,2333,1784,2148,1648
AT3G59120,266,304,164,60,48,22
AT3G59130,367,293,216,6,14,8
AT3G59140,6716,5629,3805,6598,8537,6601
AT3G59150,975,928,602,1003,1021,831
AT3G59160,0,3,0,2,7,6
AT3G59200,467,448,379,135,166,93
AT3G59210,2858,2716,1959,3419,5041,2790
AT3G59220,5318,5277,4096,21811,32687,19475
AT3G59270,10,5,6,0,11,0
AT3G59280,5640,5158,4221,7717,9109,4637
AT3G59290,3593,3436,2355,2655,3959,3021
AT3G59300,6444,6081,4409,5634,7372,5206
AT3G59310,437,398,234,118,183,155
AT3G59320,3157,2862,2538,1861,3040,1787
AT3G59330,506,441,340,163,301,180
AT3G59340,830,655,785,86,177,74
AT3G59350,7369,5809,5227,7737,8914,4857
AT3G59360,7202,6507,5086,5087,6362,4158
AT3G59370,10298,9842,8044,568,846,481
AT3G59380,4127,4125,2776,4308,5500,4385
AT3G59390,1068,1011,961,989,1400,870
AT3G59400,40,107,35,13,1,2
AT3G59410,1965,2052,1303,1739,2067,1442
AT3G59420,452,444,290,274,418,305
AT3G59430,550,498,387,432,459,362
AT3G59435,0,0,8,0,0,5
AT3G59440,27,32,33,34,29,23
AT3G59450,82,93,43,155,135,84
AT3G59470,1452,1377,1094,1548,2026,1202
AT3G59480,400,286,242,2771,2571,1749
AT3G59490,735,665,570,967,1226,761
AT3G59500,3727,3306,2908,4527,6022,3271
AT3G59520,1356,1271,1134,1169,1460,905
AT3G59530,340,250,225,429,445,287
AT3G59540,24236,22752,17781,15687,20654,14168
AT3G59550,669,635,443,174,198,127
AT3G59570,1435,1369,872,591,855,608
AT3G59580,0,0,0,10,12,6
AT3G59600,3178,2948,2250,3590,3931,2227
AT3G59620,10,13,9,0,0,0
AT3G59630,1351,1343,867,997,1070,892
AT3G59640,1148,1079,800,1526,2197,1216
AT3G59650,2906,2852,2166,2026,2273,1520
AT3G59660,7204,6650,5241,4088,5820,3311
AT3G59670,4453,4455,2615,1888,2253,2159
AT3G59680,2035,1922,1692,1093,1291,820
AT3G59690,7899,7469,5699,6480,7729,4930
AT3G59695,192,147,186,191,194,84
AT3G59700,806,841,401,544,905,632
AT3G59710,2721,2427,2755,2241,3115,1663
AT3G59730,420,390,328,173,332,173
AT3G59740,78,77,80,165,182,108
AT3G59750,308,253,163,206,244,184
AT3G59760,14814,14397,9601,6735,8958,6384
AT3G59765,1464,1358,1089,725,891,525
AT3G59770,8438,7751,5180,7538,9738,8100
AT3G59780,1080,1061,709,717,908,693
AT3G59790,0,3,8,3,0,0
AT3G59800,1215,1292,1024,1419,1764,1090
AT3G59810,3075,2792,1853,2183,2741,1727
AT3G59820,3093,3303,1905,3103,3198,3075
AT3G59830,262,296,195,39,64,32
AT3G59840,1707,1630,1267,1504,1662,858
AT3G59850,1961,1619,1182,4016,5921,4188
AT3G59870,1029,985,806,906,1358,661
AT3G59880,206,202,144,242,310,142
AT3G59890,2257,2512,1331,1208,1546,1360
AT3G59900,725,500,581,1618,2344,1408
AT3G59910,4267,4202,2763,4920,6238,4254
AT3G59920,39096,33759,26232,25216,33279,18767
AT3G59930,2204,3123,1758,2499,3780,1421
AT3G59940,812,1018,758,2607,3441,1482
AT3G59950,5613,5175,3762,3941,5928,3739
AT3G59970,46855,45195,29626,26334,34711,26738
AT3G59980,1422,1229,995,1369,1461,1163
AT3G59990,11957,11943,8873,13025,16500,11806
AT3G60000,5,5,0,0,0,0
AT3G60020,0,3,0,12,5,3
AT3G60030,5005,4838,3165,3883,5303,4213
AT3G60040,410,415,299,538,592,440
AT3G60050,1303,1308,924,1112,1409,1135
AT3G60070,1604,1517,1086,1420,1580,962
AT3G60080,3414,3250,2146,3174,4601,3480
AT3G60090,3,0,1,16,3,7
AT3G60100,11,8,0,0,10,0
AT3G60110,725,842,504,987,1202,812
AT3G60120,0,0,0,54,88,56
AT3G60130,8893,8289,6231,9716,13677,6221
AT3G60140,104,103,84,7163,7668,3717
AT3G60150,560,430,419,1098,1208,784
AT3G60160,22,19,11,18,12,9
AT3G60176,0,3,0,2,2,6
AT3G60180,658,638,526,911,1122,690
AT3G60190,2185,2169,1712,2160,2794,1407
AT3G60200,1717,1536,1196,1499,2093,1220
AT3G60210,4055,4060,2619,2753,3547,2609
AT3G60220,802,623,415,1653,1568,1193
AT3G60240,8795,9069,4837,5368,7036,6996
AT3G60245,73278,80167,64182,48903,66321,44254
AT3G60250,7296,6678,5235,8215,10786,7838
AT3G60260,2733,2467,1948,2740,3468,2364
AT3G60270,6,3,3,0,13,0
AT3G60280,1798,2007,1561,23,78,67
AT3G60286,171,129,140,171,251,110
AT3G60290,13,31,14,36,32,31
AT3G60300,5647,4827,4324,8545,11436,7585
AT3G60310,774,661,484,991,1107,983
AT3G60320,3705,3630,2423,1285,1461,1254
AT3G60330,4733,5413,3622,1235,2346,1803
AT3G60340,3555,3602,2754,4700,5784,2917
AT3G60350,2586,2420,1410,2582,3159,2415
AT3G60360,3428,3465,2648,4184,5145,3287
AT3G60370,422,446,397,909,965,641
AT3G60380,2836,2868,1902,1613,2028,1766
AT3G60390,387,351,304,1129,960,702
AT3G60400,469,448,329,330,509,427
AT3G60410,3335,3174,2253,3259,3830,2339
AT3G60415,0,0,3,37,35,14
AT3G60440,3745,3815,2667,1829,2539,1620
AT3G60450,11464,10456,7549,13584,17126,8262
AT3G60480,1294,1483,899,1276,1516,945
AT3G60490,505,568,471,166,274,229
AT3G60500,2861,2906,1934,2496,2859,2046
AT3G60510,818,702,490,479,529,396
AT3G60520,714,619,483,734,1083,477
AT3G60530,8051,6187,6129,11579,13473,8456
AT3G60540,321,384,340,65,85,29
AT3G60550,3194,3276,2522,2123,2981,1545
AT3G60580,36,31,44,24,43,42
AT3G60590,884,767,714,1126,1462,721
AT3G60600,22661,20836,18482,28150,36557,20819
AT3G60620,1392,1218,933,1086,1444,1117
AT3G60630,4227,3988,2680,3193,4183,4645
AT3G60640,796,815,660,1166,1548,681
AT3G60650,74,62,58,35,31,28
AT3G60660,348,417,295,208,199,111
AT3G60670,18,13,19,122,171,105
AT3G60680,1427,1474,916,1327,1704,948
AT3G60690,1799,1808,1179,3027,3416,1422
AT3G60700,131,121,107,5,18,0
AT3G60720,456,461,389,304,366,160
AT3G60730,17,27,0,35,26,0
AT3G60740,2558,2580,1428,1187,1452,1272
AT3G60750,44797,45639,30036,27856,36969,30143
AT3G60770,43350,41407,33670,37976,43316,26205
AT3G60780,3,7,0,6,5,0
AT3G60800,3047,3049,2021,2590,3469,2495
AT3G60810,759,722,604,1440,1726,811
AT3G60820,23953,23914,18666,18426,23968,14319
AT3G60830,2367,2465,1699,1904,2127,1694
AT3G60840,729,987,592,399,428,285
AT3G60850,1452,1483,1047,1937,2120,1485
AT3G60860,9632,8655,6376,6403,8888,7453
AT3G60870,332,348,239,180,225,236
AT3G60880,3247,3141,2054,3403,4187,3520
AT3G60900,1970,1914,1220,645,838,788
AT3G60910,2472,2086,1716,2855,3579,2500
AT3G60920,19,16,18,32,66,22
AT3G60930,557,494,492,3926,3279,2338
AT3G60940,48,48,26,23,49,16
AT3G60960,754,695,418,475,517,496
AT3G60965,1039,784,804,498,738,559
AT3G60966,0,0,0,5,13,0
AT3G60970,0,7,0,7,22,6
AT3G60972,14,0,0,0,0,0
AT3G60980,631,611,337,407,446,432
AT3G60990,23,15,20,18,19,10
AT3G61010,2922,2456,2228,1208,1718,1221
AT3G61020,1531,1352,1037,1059,1373,1006
AT3G61028,11,6,7,2,0,0
AT3G61050,12304,11914,9407,9099,12754,7865
AT3G61060,1972,2005,2054,5081,5438,2211
AT3G61070,8155,7291,5884,7561,10126,5430
AT3G61080,77,96,76,127,111,49
AT3G61090,18,21,10,16,11,0
AT3G61100,775,753,534,611,748,470
AT3G61110,32527,30862,25577,24108,29491,17430
AT3G61113,42,43,40,51,32,22
AT3G61118,117,99,129,0,3,0
AT3G61130,14014,12863,9091,6229,8160,5292
AT3G61140,5436,5355,3177,4450,5038,3876
AT3G61150,496,477,323,432,547,489
AT3G61160,600,547,468,970,1653,807
AT3G61170,145,161,75,28,42,47
AT3G61180,4570,3981,3446,4160,5673,3196
AT3G61190,160,182,97,308,393,220
AT3G61198,111,140,113,93,117,47
AT3G61200,3285,3158,2242,3034,4023,2443
AT3G61210,67,89,45,13,13,0
AT3G61220,1293,1415,816,1941,2860,1220
AT3G61240,11159,10636,7447,6461,7953,6210
AT3G61250,3,6,0,3,6,0
AT3G61260,11468,9971,8201,10652,14633,5425
AT3G61270,5529,5281,4117,4327,5619,3909
AT3G61280,8,0,2,6,6,0
AT3G61290,6,3,0,3,13,7
AT3G61300,773,962,592,54,155,114
AT3G61310,108,121,103,27,9,18
AT3G61320,718,623,442,526,667,530
AT3G61340,29,47,11,22,17,11
AT3G61350,1086,1053,810,1102,1437,853
AT3G61360,328,336,210,145,148,138
AT3G61370,859,875,628,792,918,587
AT3G61380,4575,4949,3291,1056,1692,1057
AT3G61390,435,459,425,144,228,64
AT3G61400,8,0,0,8,0,0
AT3G61410,1113,984,813,737,1347,481
AT3G61415,1360,1277,1023,2276,2327,1391
AT3G61420,4458,4034,3491,4060,5426,2660
AT3G61430,137035,123125,101295,54293,81208,31562
AT3G61440,24829,25922,17234,14903,21301,14306
AT3G61450,53,50,39,304,331,151
AT3G61460,1919,2067,1552,1907,3006,1600
AT3G61470,205,241,153,122,199,41
AT3G61480,5128,5263,3313,4137,5443,4284
AT3G61490,3669,3657,2602,423,833,411
AT3G61520,1060,1093,571,509,575,474
AT3G61530,829,936,609,853,1046,752
AT3G61540,2839,2681,1783,2000,2738,1918
AT3G61550,8,9,11,0,16,3
AT3G61560,4790,5130,3616,1996,2854,2054
AT3G61570,1796,1524,1191,1867,2607,1588
AT3G61571,4,7,3,13,5,0
AT3G61580,17880,15755,11162,10340,15211,13960
AT3G61590,1960,1878,1414,1126,1341,985
AT3G61600,6879,6653,4305,8716,11037,7638
AT3G61610,1067,972,733,640,760,597
AT3G61620,2708,2343,1695,2965,3340,2053
AT3G61630,261,277,184,380,395,222
AT3G61640,3192,3109,2722,2059,2650,1298
AT3G61650,2443,2500,1541,1352,1329,1123
AT3G61660,137,133,77,3,31,25
AT3G61670,1412,1318,909,827,1161,930
AT3G61680,2679,2377,1579,1283,1740,1551
AT3G61690,6048,5879,4225,4594,6419,4628
AT3G61700,10,17,16,0,25,20
AT3G61710,3312,3171,2694,3025,3741,2092
AT3G61730,3,13,0,0,0,0
AT3G61740,644,575,444,658,655,399
AT3G61750,2482,2301,1723,878,1257,768
AT3G61760,1085,1009,672,249,347,204
AT3G61770,1516,1542,1178,1505,1929,1180
AT3G61780,1146,1173,642,637,700,652
AT3G61790,2898,2848,2193,3477,4441,2742
AT3G61800,1374,1263,860,1308,1538,1209
AT3G61810,87,129,81,27,54,38
AT3G61820,3893,4309,2767,2169,4224,3559
AT3G61830,408,443,295,309,309,204
AT3G61850,2580,2381,1964,2519,3364,2439
AT3G61860,4865,4495,3504,5165,6278,3310
AT3G61870,102,169,96,151,190,99
AT3G61880,155,225,115,375,272,228
AT3G61890,143,120,118,5018,6753,2163
AT3G61897,66,54,46,71,86,94
AT3G61898,369,331,335,226,357,201
AT3G61900,213,229,214,335,495,300
AT3G61920,0,7,3,10,17,6
AT3G61930,202,288,72,293,343,321
AT3G61960,3456,3575,2786,3834,5343,3320
AT3G61980,1199,1014,849,2298,2707,1446
AT3G61990,5284,5616,4096,3636,5283,2302
AT3G62000,466,446,343,423,594,382
AT3G62010,4456,4693,3338,5704,7728,5208
AT3G62020,2276,2131,1603,4121,4365,2033
AT3G62030,5161,5409,3991,3312,3913,2160
AT3G62040,15045,16111,12736,5530,6685,2833
AT3G62050,220,230,195,121,154,71
AT3G62060,1083,938,780,630,653,471
AT3G62070,117,137,87,301,349,199
AT3G62080,887,892,599,590,712,505
AT3G62090,387,482,343,2250,2792,1531
AT3G62100,80,77,88,607,321,190
AT3G62110,2062,1975,1366,1062,1591,1125
AT3G62120,25619,24348,16237,16923,19431,14606
AT3G62130,2298,2251,1580,1706,2021,1409
AT3G62140,1344,1221,1004,1679,2050,996
AT3G62150,243,151,176,575,560,456
AT3G62160,794,825,475,709,723,531
AT3G62190,2526,2508,1937,4362,5077,2510
AT3G62200,1198,1222,844,483,582,441
AT3G62210,94,100,81,8,8,0
AT3G62220,1755,1649,1211,1743,1744,940
AT3G62240,3221,3331,2161,3331,4810,3688
AT3G62250,56510,57586,40312,40521,47095,30541
AT3G62260,1339,1251,867,5065,5407,2780
AT3G62270,9342,8654,5723,2084,3660,2558
AT3G62280,1422,1276,848,118,265,214
AT3G62290,85706,74003,62721,71917,96081,60335
AT3G62300,3064,2997,1902,1800,2081,1761
AT3G62310,5583,5453,3398,6452,6515,6310
AT3G62320,25,20,20,28,38,10
AT3G62330,2900,2715,2078,3244,4274,3068
AT3G62360,25669,23303,17497,14956,20187,16947
AT3G62370,4300,4297,3440,3832,5305,3774
AT3G62380,6,0,0,43,48,13
AT3G62390,2702,2231,1986,769,1124,642
AT3G62400,14502,13995,11175,9932,13216,5968
AT3G62410,37,29,26,81,87,38
AT3G62420,7643,7475,5415,3629,4220,2536
AT3G62430,42,68,19,23,40,31
AT3G62450,1877,1753,1420,1696,2189,1087
AT3G62455,158,141,85,106,102,113
AT3G62460,526,571,389,277,294,177
AT3G62470,331,356,214,392,416,389
AT3G62499,13,9,7,5,6,6
AT3G62500,133,98,82,138,113,84
AT3G62510,15,18,17,46,37,10
AT3G62528,4,7,10,3,1,3
AT3G62529,0,8,0,0,3,3
AT3G62530,11131,11665,8310,8670,9677,8188
AT3G62540,282,250,194,330,402,309
AT3G62560,2710,2857,2041,3342,4010,2231
AT3G62570,1436,1237,1020,1627,2219,1922
AT3G62580,11319,11973,8960,8922,13509,7083
AT3G62590,455,403,306,1811,1999,1060
AT3G62600,16032,14414,10390,3627,4744,3564
AT3G62610,0,0,0,17,3,0
AT3G62620,1017,909,783,1287,1312,838
AT3G62630,2786,2316,1628,1772,2272,2096
AT3G62640,12,13,16,0,11,12
AT3G62650,4379,4232,2994,7538,10132,6452
AT3G62660,6807,6221,4931,5193,6856,4182
AT3G62680,16654,19097,15158,1119,2692,1904
AT3G62690,697,663,485,266,311,216
AT3G62700,8455,7571,6175,21534,26368,17172
AT3G62720,1958,1683,1160,1918,2222,1413
AT3G62725,27,31,18,15,8,8
AT3G62730,21,19,18,211,204,126
AT3G62740,74,83,79,182,228,152
AT3G62750,24,25,37,22,32,28
AT3G62760,1163,1415,855,320,345,434
AT3G62770,5662,5878,4465,7676,10067,5386
AT3G62780,342,296,189,52,75,68
AT3G62790,7482,8137,6264,5566,8092,4407
AT3G62800,1166,1024,765,1355,1749,750
AT3G62810,3463,3607,2523,2436,2915,1605
AT3G62820,0,0,0,44,40,19
AT3G62830,32661,32596,22738,15051,20842,12105
AT3G62840,9474,9446,7988,9236,11431,6219
AT3G62850,17,6,6,0,6,0
AT3G62860,3053,2717,2372,2135,3047,1690
AT3G62870,61260,62933,42794,44800,51689,41958
AT3G62880,795,612,586,1118,1373,913
AT3G62890,143,144,67,99,82,61
AT3G62900,3394,3192,2216,3557,4563,3582
AT3G62910,445,483,338,403,454,332
AT3G62920,1033,919,843,2396,2944,1504
AT3G62930,91,83,69,4,4,0
AT3G62940,3729,3661,2483,2372,2792,2001
AT3G62950,22,14,8,17,7,3
AT3G62960,3,16,3,5,4,3
AT3G62970,955,962,736,1047,1269,851
AT3G62980,9526,8922,6251,20460,23401,20725
AT3G62990,3,7,4,190,217,78
AT3G63000,4190,4609,3159,5055,6567,4774
AT3G63010,3492,3572,2721,4825,6463,4392
AT3G63030,1093,1181,834,602,788,517
AT3G63040,0,0,0,14,13,0
AT3G63050,57,63,32,193,161,95
AT3G63052,10,5,3,14,21,8
AT3G63060,70,90,35,1091,797,408
AT3G63070,4352,4254,3073,4951,6608,4638
AT3G63080,5288,5065,4211,3751,5668,2769
AT3G63088,16,11,7,0,3,0
AT3G63090,742,576,422,397,545,355
AT3G63110,357,397,281,9,25,10
AT3G63120,6788,6989,5239,4375,5706,3748
AT3G63130,5385,5295,3229,3411,4007,3269
AT3G63140,24,44,7,27,18,15
AT3G63150,5700,6094,4369,6750,8291,5872
AT3G63160,58,76,46,69,78,57
AT3G63170,2221,2248,1715,2316,2891,1689
AT3G63180,1647,1657,1182,936,1222,1028
AT3G63190,1657,1823,1462,1597,2064,1279
AT3G63200,11900,12515,8072,7913,11520,7418
AT3G63210,6475,6356,5383,8376,11836,7006
AT3G63215,8,4,6,7,16,4
AT3G63220,1319,1259,969,2124,2228,1266
AT3G63240,2114,2179,1547,899,1254,957
AT3G63250,6861,6728,4721,5178,6331,4365
AT3G63255,17,14,19,24,30,9
AT3G63260,4611,4441,3358,4687,6083,3491
AT3G63270,1607,1535,1169,1299,1713,1277
AT3G63280,1649,1736,1138,1297,1516,943
AT3G63290,695,621,435,294,363,402
AT3G63300,2021,1894,1323,383,497,347
AT3G63310,10691,9578,8612,15266,18162,9072
AT3G63320,21,21,12,97,110,75
AT3G63340,4203,3936,3046,3453,4578,2952
AT3G63350,119,49,57,44,71,26
AT3G63360,25,28,30,0,10,10
AT3G63370,174,155,84,56,76,123
AT3G63375,11,13,9,5,7,4
AT3G63380,544,549,420,266,415,243
AT3G63390,810,764,536,809,848,595
AT3G63400,6032,6408,4842,7639,8170,5918
AT3G63410,5099,5330,3684,3426,4310,3411
AT3G63420,894,819,662,957,1323,618
AT3G63430,1570,1505,863,989,1039,1029
AT3G63440,124,134,124,431,440,296
AT3G63445,302,355,295,640,801,538
AT3G63450,811,795,693,612,780,620
AT3G63460,27789,28649,19586,17269,24302,18836
AT3G63470,6113,5693,4229,2270,3142,2066
AT3G63480,525,465,398,402,465,321
AT3G63490,2436,2834,1825,2994,3409,2284
AT3G63500,5777,5256,4058,6466,8811,6110
AT3G63510,642,576,462,229,408,274
AT3G63520,7111,8095,5314,6641,10052,5370
AT3G63530,878,886,622,1431,1406,1011
AT3G63540,90,135,92,108,154,69
AT3G66652,688,737,366,408,444,376
AT3G66654,6083,5548,5044,6154,8685,4045
AT3G66656,0,0,3,15,35,16
AT3G66658,5381,5246,3560,3965,4961,4337
AT4G00020,1764,1695,1199,754,928,677
AT4G00026,3806,3683,2698,3447,4025,2633
AT4G00030,1277,1246,815,612,1044,890
AT4G00040,3501,3530,3100,3347,4459,2185
AT4G00050,39,37,35,49,56,49
AT4G00060,3819,3500,2448,3362,4431,3094
AT4G00070,433,442,288,177,368,133
AT4G00080,5834,5861,3586,1807,2722,1674
AT4G00085,3,3,8,1,3,3
AT4G00090,6100,5330,4079,7560,8641,6664
AT4G00100,48022,47898,36650,33329,39390,24427
AT4G00110,2781,2992,1978,2091,2972,2267
AT4G00114,7,16,5,12,24,9
AT4G00130,22,18,14,0,2,0
AT4G00150,3854,3603,2370,4571,5797,4940
AT4G00155,2,8,0,12,8,7
AT4G00163,4,10,11,10,3,3
AT4G00165,111,87,90,59,84,31
AT4G00170,3283,2967,2530,3342,4980,2626
AT4G00200,693,548,479,2190,2109,1547
AT4G00210,42,56,21,52,44,46
AT4G00220,193,212,146,374,373,333
AT4G00230,2273,1845,1473,3318,3392,2771
AT4G00231,2103,2076,1345,2378,2715,2070
AT4G00238,2244,2158,1451,2208,2918,2270
AT4G00240,828,939,763,813,1081,818
AT4G00250,22,23,15,10,9,8
AT4G00270,1319,1090,828,1248,1613,1112
AT4G00280,4,3,4,5,2,4
AT4G00290,2198,2008,1503,1605,2053,1430
AT4G00300,4366,3957,3113,2782,3735,2115
AT4G00305,35,54,19,121,140,60
AT4G00310,1202,1285,866,735,872,616
AT4G00330,2249,2469,1669,1028,1762,1076
AT4G00335,1065,1125,874,1385,1408,896
AT4G00340,1829,1681,1058,1827,2231,2260
AT4G00350,13,0,0,8,12,12
AT4G00355,5006,4781,3832,4420,6513,3063
AT4G00360,534,568,479,579,613,438
AT4G00370,2643,3106,1679,1791,2394,1766
AT4G00380,142,133,75,79,117,83
AT4G00390,79,89,46,26,88,32
AT4G00400,461,481,239,310,453,251
AT4G00420,2257,2087,1655,1603,2211,1324
AT4G00430,17588,17330,15226,18975,22811,11249
AT4G00440,4861,4385,3431,3639,4152,2766
AT4G00450,5617,5257,3654,4528,6022,4780
AT4G00460,1892,1787,1321,1514,2387,1462
AT4G00467,16,5,6,0,13,11
AT4G00480,1406,1460,918,442,544,570
AT4G00490,1630,1331,967,2891,3273,2425
AT4G00500,2301,2248,1512,1916,2389,1803
AT4G00520,1498,1396,1163,1257,1687,958
AT4G00525,428,537,381,408,379,240
AT4G00530,715,674,585,646,784,460
AT4G00550,1741,1629,1254,2089,2419,1618
AT4G00560,3117,2664,1888,2237,2877,2193
AT4G00570,14090,13677,8637,8945,11145,8375
AT4G00585,11516,12235,9410,10230,13456,7441
AT4G00590,1028,903,751,1354,1786,1232
AT4G00620,2797,2896,1783,1599,1673,1599
AT4G00630,7442,7359,5148,6293,8079,5971
AT4G00650,1080,932,697,952,1135,822
AT4G00651,11,10,8,3,8,8
AT4G00660,10032,9760,6332,6304,8043,4901
AT4G00670,673,815,497,168,189,72
AT4G00680,4507,4324,3197,725,1643,695
AT4G00690,361,417,226,224,244,154
AT4G00695,134,134,107,110,117,90
AT4G00700,3163,3287,2303,2141,3933,1870
AT4G00710,14642,13036,9377,9973,12488,9167
AT4G00720,13733,12542,9351,10887,14876,9933
AT4G00730,2709,2758,1444,1366,1929,2095
AT4G00740,9423,9363,6448,4314,6219,4682
AT4G00750,301,340,194,547,569,329
AT4G00752,1953,1589,1259,2549,2672,1819
AT4G00755,2094,2012,1548,3376,3877,2287
AT4G00760,1436,1295,934,995,1071,705
AT4G00770,201,162,91,12,20,15
AT4G00800,5825,5180,3621,4231,5200,4236
AT4G00810,22817,22399,16189,13429,15906,9801
AT4G00820,5935,5203,4160,1926,2598,2667
AT4G00830,7469,6937,5021,6925,8710,5802
AT4G00840,2250,2133,1731,2079,2667,1557
AT4G00850,98,148,102,268,264,122
AT4G00860,31300,31737,25533,23345,31179,15519
AT4G00880,865,892,742,267,204,188
AT4G00883,10,12,4,9,0,2
AT4G00889,2,0,0,5,4,0
AT4G00890,132,193,127,147,143,132
AT4G00893,75,96,65,56,75,57
AT4G00895,1203,1278,840,1117,1871,1004
AT4G00900,5983,6026,3603,6314,7489,5218
AT4G00905,168,174,135,267,393,220
AT4G00910,2695,2435,1752,997,1160,632
AT4G00920,23,25,10,12,22,10
AT4G00930,1056,1171,791,696,791,602
AT4G00940,744,852,628,1829,2250,1221
AT4G00950,62,45,29,59,81,64
AT4G00955,467,491,295,122,229,140
AT4G00960,125,129,100,20,38,20
AT4G00970,0,0,0,0,14,0
AT4G00975,34,33,28,48,13,18
AT4G00980,529,510,456,530,695,434
AT4G00990,2789,2456,1693,2001,2401,2130
AT4G01000,6586,5813,4278,11550,13225,8296
AT4G01010,89,57,53,66,143,59
AT4G01020,542,543,388,307,463,366
AT4G01023,19,8,11,15,18,16
AT4G01026,289,263,192,3138,2342,1367
AT4G01030,77,114,59,51,46,32
AT4G01037,644,669,370,427,368,285
AT4G01040,3108,2812,2096,2014,2729,2151
AT4G01050,1184,1562,1101,1246,1647,807
AT4G01060,20,25,15,39,24,5
AT4G01070,17495,16792,12064,8182,11535,5680
AT4G01080,62,53,42,35,45,41
AT4G01090,1731,1628,1072,1347,1634,1061
AT4G01100,26264,25519,18152,24056,29876,20694
AT4G01110,1202,1322,1096,243,358,246
AT4G01120,3142,2596,2196,2277,2446,1336
AT4G01130,0,15,10,5,5,10
AT4G01140,4058,3364,2952,286,438,176
AT4G01150,2730,3184,2204,1554,2186,1432
AT4G01190,102,82,100,29,55,17
AT4G01200,375,266,276,276,263,170
AT4G01210,5095,4411,3217,1929,2723,1961
AT4G01220,2054,1966,1604,711,1249,733
AT4G01230,70,28,48,25,37,7
AT4G01240,851,750,458,536,839,850
AT4G01250,343,294,253,1091,1645,860
AT4G01260,3,4,3,0,0,0
AT4G01265,29,39,43,10,4,15
AT4G01270,343,405,301,105,159,90
AT4G01280,1300,1149,872,2202,2948,1485
AT4G01290,15118,14660,11110,12807,17930,12767
AT4G01310,1954,1958,1434,1745,1970,1415
AT4G01320,11784,11478,8382,13473,16358,9768
AT4G01330,4187,3848,3344,2572,3266,2007
AT4G01335,29,33,19,20,10,22
AT4G01340,39,22,31,11,6,10
AT4G01350,2454,2335,1577,661,1091,759
AT4G01360,15,22,16,839,874,392
AT4G01370,5255,4859,3144,5140,5887,4111
AT4G01390,86,111,59,14,9,0
AT4G01395,7728,6809,4608,4935,6178,4826
AT4G01400,119,115,77,11,37,59
AT4G01410,2067,1943,1798,2147,2840,1780
AT4G01430,470,582,424,365,358,231
AT4G01435,10,0,6,0,5,0
AT4G01440,1973,2304,1549,1275,1269,728
AT4G01450,10379,10176,7802,5262,6490,2815
AT4G01460,14,27,16,52,45,49
AT4G01480,20773,19279,13690,6106,10692,5930
AT4G01510,297,288,272,322,418,216
AT4G01520,32,6,20,42,49,33
AT4G01525,1220,1154,775,419,480,383
AT4G01533,182,187,105,65,110,71
AT4G01540,827,955,581,1145,1606,761
AT4G01550,621,570,374,1026,1328,671
AT4G01560,5357,5481,3758,5685,5389,3731
AT4G01570,1220,1105,815,784,1085,907
AT4G01575,416,385,329,189,338,116
AT4G01580,188,116,79,65,86,44
AT4G01590,3362,3358,2134,2598,3142,2205
AT4G01593,1346,1277,1296,1399,1696,765
AT4G01595,32,15,15,36,58,36
AT4G01600,164,129,153,96,85,44
AT4G01610,21472,20520,14487,22689,34691,19340
AT4G01630,9592,8997,5742,10796,20751,15571
AT4G01650,1899,1518,1219,1806,2762,1395
AT4G01660,5879,5954,3819,4791,6609,4534
AT4G01670,465,410,277,1560,1608,713
AT4G01680,1901,1704,1187,627,927,479
AT4G01690,4813,4559,2919,3863,4948,3133
AT4G01700,6833,7492,5285,6464,9737,5707
AT4G01710,1294,1279,960,1642,2116,1058
AT4G01720,1149,1222,927,481,954,669
AT4G01730,1246,1378,920,382,510,317
AT4G01735,30,17,24,5,0,0
AT4G01740,1149,904,805,292,508,307
AT4G01750,4004,3524,2593,1323,2043,1474
AT4G01760,148,136,79,38,52,75
AT4G01770,2014,1858,1277,887,1621,1120
AT4G01780,68,76,60,130,254,117
AT4G01790,416,427,356,376,525,306
AT4G01800,1760,1828,1206,1650,2384,1498
AT4G01810,6951,6428,4416,4579,5554,4517
AT4G01820,73,97,59,15,22,17
AT4G01830,370,306,370,57,94,69
AT4G01840,428,393,223,473,619,435
AT4G01850,85261,86526,63766,90234,112543,75189
AT4G01860,4337,4237,2731,4312,4953,4582
AT4G01865,2,2,3,22,17,10
AT4G01870,16496,16417,9384,71867,84934,59569
AT4G01880,1485,1526,1075,1677,2052,1334
AT4G01883,462,446,365,452,616,347
AT4G01890,578,577,460,10,24,0
AT4G01895,146,153,127,277,317,195
AT4G01897,1355,1243,1009,1071,1385,590
AT4G01900,5437,5185,4426,3047,4465,2928
AT4G01910,1261,1104,852,546,1007,532
AT4G01915,80,63,53,52,68,32
AT4G01920,703,728,438,210,335,232
AT4G01925,1013,816,642,133,309,253
AT4G01930,217,248,148,121,131,116
AT4G01935,64,112,100,295,237,151
AT4G01940,2188,2091,1436,3559,4984,2930
AT4G01950,3763,3746,2126,2898,4781,3921
AT4G01960,2591,2487,1771,3301,4229,2489
AT4G01970,20,28,17,26,30,11
AT4G01975,30,22,20,3,10,3
AT4G01985,6,7,3,32,57,28
AT4G01990,763,794,459,420,469,380
AT4G01995,269,223,158,351,383,246
AT4G02000,3,3,3,2,0,0
AT4G02005,226,198,167,223,333,167
AT4G02010,4080,4020,2758,2186,2868,2259
AT4G02020,3008,2843,1856,5022,5799,4151
AT4G02030,5872,5733,4007,5316,7098,4682
AT4G02040,753,822,439,476,522,526
AT4G02050,4147,3771,2809,3519,5349,3315
AT4G02060,3151,3260,1944,1820,1808,1360
AT4G02070,1772,1886,1330,967,1047,859
AT4G02075,1474,1369,1175,533,709,265
AT4G02080,15108,13661,11314,14236,19812,11646
AT4G02090,4258,4086,3558,3956,6601,2959
AT4G02100,6750,6191,4150,5176,7344,4412
AT4G02110,1220,1193,800,787,810,608
AT4G02120,4504,4347,3497,3938,5930,3134
AT4G02130,3740,2934,2217,1441,1489,1105
AT4G02140,28,49,34,100,67,27
AT4G02150,6465,7011,4507,3820,4315,3619
AT4G02160,18,17,3,0,0,0
AT4G02170,25,9,15,7,0,0
AT4G02180,374,301,235,22,53,32
AT4G02195,1104,1043,807,1578,1720,973
AT4G02200,1681,1538,1209,2086,2415,1466
AT4G02210,692,749,457,596,1023,675
AT4G02220,2254,2145,1436,2921,3291,2272
AT4G02230,14602,15053,10649,12972,15708,11519
AT4G02260,1423,1577,947,1596,1889,1347
AT4G02270,10881,10211,7973,607,1262,968
AT4G02280,2012,2019,1388,11369,14509,8881
AT4G02290,12458,11621,9224,2990,3895,3072
AT4G02320,26,24,0,7,11,7
AT4G02330,96,127,80,40,79,83
AT4G02340,2663,2764,1816,2816,3907,2581
AT4G02350,4852,4786,2876,2658,3376,3303
AT4G02360,246,239,182,289,293,161
AT4G02370,5719,5416,4230,4918,7017,2986
AT4G02380,17781,17039,13187,59812,70854,42375
AT4G02390,1260,1420,969,1166,1584,817
AT4G02400,4892,5003,3120,3336,3674,3339
AT4G02405,1460,1498,993,1082,1584,1096
AT4G02410,668,842,489,461,825,494
AT4G02425,906,715,554,529,697,571
AT4G02430,2460,1967,1738,1750,2559,1365
AT4G02440,1753,1730,1372,2238,2506,1584
AT4G02450,25356,24643,16288,12717,19866,12242
AT4G02460,655,710,465,500,558,393
AT4G02480,20410,19614,13845,21202,28025,19582
AT4G02482,80,101,61,39,84,55
AT4G02485,459,438,399,387,527,355
AT4G02500,18882,18133,12852,12484,15238,11746
AT4G02510,12226,12489,7852,14418,18037,13919
AT4G02520,3018,3371,3030,12082,17320,8321
AT4G02530,940,1022,584,1030,1213,689
AT4G02540,4165,3635,2732,983,1626,1192
AT4G02550,738,667,510,809,922,564
AT4G02560,3104,2977,2394,2610,3735,2570
AT4G02570,21329,21577,13353,26203,32111,24252
AT4G02580,23195,23398,16886,18137,24752,15332
AT4G02590,4445,4592,3194,5037,6304,3922
AT4G02600,3051,2695,2323,3343,4385,2531
AT4G02610,1546,1329,1082,1018,1284,938
AT4G02620,22714,21052,16336,16063,23283,10951
AT4G02630,128,138,111,41,59,33
AT4G02640,5924,5742,4563,4456,6005,4035
AT4G02650,151,115,68,88,122,101
AT4G02655,10,7,6,5,16,5
AT4G02660,1896,1943,1350,1441,1984,1518
AT4G02680,4504,4581,2867,2381,2742,2234
AT4G02700,206,302,212,41,53,32
AT4G02710,1667,1840,1168,874,1153,772
AT4G02715,6360,5560,4790,8939,11610,7498
AT4G02720,3148,2745,1699,2432,2947,2328
AT4G02725,1179,1322,975,1510,1853,1069
AT4G02730,921,888,658,894,1166,757
AT4G02740,2284,2200,1541,2760,3368,2315
AT4G02750,283,284,167,115,160,136
AT4G02760,2096,1844,1448,1606,2182,1669
AT4G02770,813,1323,666,219,557,187
AT4G02780,10,0,6,7,0,8
AT4G02785,5,8,2,0,0,0
AT4G02790,875,742,539,715,685,488
AT4G02800,892,944,573,102,175,66
AT4G02810,243,253,155,341,313,205
AT4G02815,315,241,261,249,322,209
AT4G02820,1427,1466,982,930,1008,916
AT4G02825,21,23,11,34,36,17
AT4G02830,1309,1291,933,1346,1881,842
AT4G02840,6798,6544,5439,6307,8093,4841
AT4G02845,259,202,173,152,247,180
AT4G02850,108,154,110,96,100,58
AT4G02860,4940,4745,3645,5151,7156,3936
AT4G02880,1498,1419,860,3130,3662,2779
AT4G02885,44,43,32,17,19,34
AT4G02890,18788,19579,14046,34356,35702,21180
AT4G02895,0,9,7,22,26,11
AT4G02900,818,738,611,657,812,559
AT4G02905,94,81,63,0,8,8
AT4G02920,3445,3420,2718,3608,5013,2758
AT4G02930,25586,25393,16069,13422,15265,11970
AT4G02935,21,13,13,12,6,8
AT4G02940,24057,22252,15709,32109,40479,25462
AT4G02950,0,3,2,42,11,10
AT4G02960,28,26,29,10,11,14
AT4G02970,72,0,72,71,78,16
AT4G02980,2018,2048,1526,2058,2229,1116
AT4G02990,750,723,358,436,492,454
AT4G02995,1122,1056,801,1100,1503,1011
AT4G03000,1885,1797,1335,1873,2827,1914
AT4G03005,42,30,18,58,88,52
AT4G03010,274,245,205,49,45,44
AT4G03015,12,12,6,0,0,7
AT4G03020,6247,6320,4216,5437,7490,4538
AT4G03030,1681,1640,1208,1762,2620,1864
AT4G03035,3,12,3,0,0,0
AT4G03060,31,37,21,0,0,0
AT4G03065,71,65,37,97,98,90
AT4G03070,125,176,118,47,73,33
AT4G03080,3850,3639,2302,2258,2726,2031
AT4G03085,300,281,213,84,147,126
AT4G03090,1864,1970,1399,1172,1541,1178
AT4G03100,1259,1383,1029,321,366,213
AT4G03110,7351,6893,5238,1775,2346,1393
AT4G03115,642,606,550,405,535,310
AT4G03120,3483,3385,2774,3627,4441,2428
AT4G03130,151,142,73,123,93,105
AT4G03140,1039,865,762,2652,2616,1273
AT4G03150,123,104,83,102,111,86
AT4G03180,1944,1866,1207,2318,2866,1589
AT4G03185,40,29,18,14,18,19
AT4G03190,19080,16697,11981,14079,17920,15740
AT4G03200,3647,3601,2226,4273,5881,4159
AT4G03205,930,856,868,949,1181,566
AT4G03210,1549,1565,1394,130,136,79
AT4G03220,6,5,0,0,0,0
AT4G03230,1642,1400,1158,2721,2907,1746
AT4G03240,1869,1548,1112,1832,2030,1252
AT4G03250,589,415,355,558,652,427
AT4G03260,8076,7978,5426,7773,9857,6658
AT4G03270,168,197,139,55,43,41
AT4G03275,204,157,134,114,156,70
AT4G03280,146,329,142,128,193,87
AT4G03292,283,325,246,7,13,13
AT4G03295,13,10,5,4,3,2
AT4G03298,9,5,7,3,5,5
AT4G03315,62,43,33,21,69,40
AT4G03320,2276,2121,1609,3993,4674,2651
AT4G03330,723,721,457,65,125,90
AT4G03340,985,898,707,517,829,469
AT4G03355,17,14,19,15,20,5
AT4G03360,0,2,0,2,5,1
AT4G03376,1,3,2,6,2,3
AT4G03390,6261,5649,4486,2682,3926,2840
AT4G03395,17,20,23,12,18,22
AT4G03400,790,684,548,609,724,512
AT4G03410,446,437,292,562,846,557
AT4G03415,2318,2084,1684,949,1169,1026
AT4G03420,899,969,759,1054,1355,897
AT4G03430,5934,5861,3880,5664,6916,5472
AT4G03440,426,384,306,186,233,243
AT4G03443,8,0,0,0,6,6
AT4G03445,14,19,12,7,11,13
AT4G03460,371,421,260,93,193,66
AT4G03465,3,8,5,5,11,3
AT4G03470,3,3,6,10,6,0
AT4G03475,21,14,2,11,10,10
AT4G03480,198,122,143,57,100,87
AT4G03485,10,3,5,7,4,2
AT4G03490,1238,1064,732,1131,1487,928
AT4G03495,16,12,12,4,18,0
AT4G03500,341,409,264,43,103,89
AT4G03505,10,1,6,8,7,4
AT4G03510,3094,3250,2622,3479,4753,2536
AT4G03515,11,9,9,23,15,9
AT4G03520,10843,11119,9114,9314,13169,6526
AT4G03540,146,241,111,4006,3330,1942
AT4G03550,6363,6434,4612,3774,4923,3681
AT4G03560,16467,14698,11122,11183,16776,11175
AT4G03585,22,20,35,30,14,10
AT4G03600,149,141,148,122,229,65
AT4G03610,2950,2307,2374,1408,1965,945
AT4G03620,0,0,5,0,7,0
AT4G03635,357,308,232,531,631,413
AT4G03655,2,3,2,3,3,0
AT4G03675,4,2,1,7,6,1
AT4G03705,4,0,2,0,3,2
AT4G03755,3,0,0,0,14,0
AT4G03815,4,3,2,0,2,0
AT4G03820,2661,2560,1765,3626,4956,3083
AT4G03823,3,10,4,3,2,5
AT4G03845,5,5,3,15,12,9
AT4G03895,5,15,6,20,5,4
AT4G03905,71,62,39,25,60,17
AT4G03925,7,10,10,7,7,3
AT4G03935,273,220,186,302,421,247
AT4G03940,90,125,64,30,43,30
AT4G03955,2,2,1,5,7,2
AT4G03960,430,363,322,902,966,333
AT4G03965,89,109,80,88,141,76
AT4G03970,0,0,2,0,0,9
AT4G03985,12,9,10,11,16,8
AT4G04005,0,0,0,17,41,0
AT4G04010,0,0,6,2,3,0
AT4G04015,29,35,38,20,40,20
AT4G04020,794,893,643,3155,2980,1263
AT4G04025,210,150,183,41,84,12
AT4G04040,1830,1601,1405,1410,1984,947
AT4G04055,12,23,12,44,32,9
AT4G04075,0,0,9,17,29,18
AT4G04125,1234,1331,616,3587,7518,1202
AT4G04135,11,16,6,7,6,8
AT4G04180,501,489,338,425,438,368
AT4G04190,463,454,358,203,287,142
AT4G04200,1577,1468,1171,940,1429,894
AT4G04205,2,2,5,0,2,0
AT4G04210,5862,5174,3878,5386,6763,3853
AT4G04220,141,137,117,127,143,103
AT4G04221,358,378,281,616,642,529
AT4G04223,229,309,153,247,370,184
AT4G04225,16,14,2,5,19,4
AT4G04320,2788,2676,1916,3346,4308,2943
AT4G04330,10,4,2,8,6,2
AT4G04340,5684,5196,3959,3739,4850,3360
AT4G04350,839,825,644,439,642,504
AT4G04360,112,189,127,193,167,122
AT4G04370,249,198,123,105,123,175
AT4G04410,149,128,117,137,305,119
AT4G04423,0,5,0,9,16,0
AT4G04425,5,1,4,1,0,2
AT4G04435,148,132,135,279,251,126
AT4G04445,2,5,5,11,6,1
AT4G04450,1211,1127,785,911,1310,682
AT4G04455,50,27,53,89,103,28
AT4G04460,1535,1478,1009,1370,1402,1166
AT4G04465,23,24,14,5,5,2
AT4G04470,3449,3164,2731,2881,3717,1876
AT4G04475,14,13,4,6,6,8
AT4G04485,23,29,12,18,17,21
AT4G04490,5,0,0,33,57,32
AT4G04515,8,9,3,2,2,3
AT4G04565,70,76,59,66,87,39
AT4G04595,130,179,104,196,139,85
AT4G04610,3456,4202,2497,21559,25556,17083
AT4G04614,1367,1220,985,1434,1850,1075
AT4G04615,9,13,5,8,6,10
AT4G04620,978,853,698,1926,2496,1046
AT4G04630,282,198,153,182,252,144
AT4G04640,694,1001,566,347,677,323
AT4G04670,1666,1556,1134,862,854,747
AT4G04680,12,6,11,27,36,14
AT4G04692,767,729,538,1239,1511,1111
AT4G04695,1094,1064,644,352,504,269
AT4G04700,600,549,470,56,64,51
AT4G04710,12,12,6,14,13,15
AT4G04720,5774,5708,3785,3612,4912,3327
AT4G04740,2744,2569,1846,1126,1929,1309
AT4G04745,1663,1470,1201,721,1198,480
AT4G04750,520,576,412,154,358,170
AT4G04760,277,271,201,185,266,201
AT4G04770,4913,4796,3311,4967,6340,3693
AT4G04780,1352,1271,1037,1526,1783,1233
AT4G04790,431,457,302,276,258,166
AT4G04800,4320,4386,3308,6268,8951,5017
AT4G04810,693,724,502,1447,1651,919
AT4G04830,16351,15963,11232,7246,11344,7168
AT4G04840,1176,1347,684,295,302,168
AT4G04845,9,8,13,8,8,5
AT4G04850,1653,1753,909,1376,2036,1314
AT4G04860,4072,3468,2994,4557,6132,3834
AT4G04870,2402,2162,1587,2170,2410,2265
AT4G04880,728,656,560,704,924,549
AT4G04885,2679,2531,1493,2270,2719,2612
AT4G04900,229,230,196,21,37,15
AT4G04910,14577,13565,9637,9687,12073,8675
AT4G04920,4217,3948,2706,4138,4727,4145
AT4G04925,803,869,577,994,1140,883
AT4G04930,96,70,32,46,66,40
AT4G04940,3995,3917,2264,1409,1460,1396
AT4G04950,4019,4298,2735,2635,3019,2299
AT4G04955,7639,6775,5478,2290,3251,1689
AT4G04960,1345,1202,1021,1074,1675,847
AT4G04970,3918,3405,2579,1820,2400,1917
AT4G04972,270,248,231,146,254,84
AT4G04975,0,0,6,5,0,3
AT4G04980,0,0,0,0,10,0
AT4G04990,218,179,166,43,123,31
AT4G05000,1830,1668,1315,2089,2688,1472
AT4G05010,2682,2416,1727,3028,3857,1844
AT4G05018,19,18,5,20,33,13
AT4G05020,22683,20702,14137,37066,43355,27231
AT4G05030,6,6,12,32,36,19
AT4G05040,940,879,778,852,1132,696
AT4G05049,0,0,4,9,0,2
AT4G05050,32692,34972,26290,49874,63801,35600
AT4G05053,0,15,7,59,0,30
AT4G05060,3436,3303,2568,3286,4304,2388
AT4G05065,2,2,3,2,3,2
AT4G05070,4765,4665,3687,4049,4845,2772
AT4G05090,1431,1311,973,851,1131,724
AT4G05091,18,22,14,17,8,11
AT4G05095,0,4,0,6,5,3
AT4G05100,603,692,505,2781,3694,1238
AT4G05105,0,2,0,4,7,7
AT4G05110,26,39,13,44,62,29
AT4G05120,1040,947,635,1338,1513,1162
AT4G05130,52,44,22,14,18,7
AT4G05150,11475,11391,8822,11335,16207,9384
AT4G05155,4,3,0,1,5,2
AT4G05160,6650,6401,4615,4079,7058,3793
AT4G05170,1561,1636,1263,949,1790,667
AT4G05180,269,370,176,97,124,57
AT4G05190,2783,2935,1937,710,793,543
AT4G05200,3237,3258,2420,748,1465,697
AT4G05210,465,486,387,178,223,158
AT4G05220,164,138,115,179,179,57
AT4G05315,16,12,4,3,11,10
AT4G05320,88173,91387,64641,109670,135934,90339
AT4G05330,1141,1066,649,508,605,431
AT4G05380,0,0,0,10,8,3
AT4G05390,7322,7480,4591,6430,8424,5768
AT4G05395,28,23,39,51,76,20
AT4G05400,3190,3064,2060,1565,1768,1347
AT4G05410,3659,3761,2116,2113,2125,2115
AT4G05420,7902,7124,4705,7069,8353,6476
AT4G05430,128,127,92,138,94,80
AT4G05440,1295,1460,891,1157,1146,806
AT4G05450,1608,1665,1128,798,1012,688
AT4G05460,2013,1841,1271,2556,2710,2241
AT4G05490,0,0,0,7,10,6
AT4G05520,1730,1948,1251,1094,1054,675
AT4G05525,122,113,68,41,55,46
AT4G05530,5551,5177,4077,5228,7304,3621
AT4G05535,4,7,9,7,11,3
AT4G05590,1191,1244,900,739,1330,521
AT4G05631,118,91,112,100,159,60
AT4G05650,7,5,6,0,0,0
AT4G05680,3,1,5,3,2,2
AT4G05685,61,41,48,28,70,25
AT4G05735,4,2,4,3,2,2
AT4G05755,39,37,48,79,58,43
AT4G05760,12,0,8,7,8,8
AT4G05775,9,4,3,21,7,5
AT4G05785,12,7,11,7,11,7
AT4G05790,0,7,3,0,3,0
AT4G05815,49,49,44,82,74,28
AT4G05835,10,21,8,46,29,9
AT4G05845,4,2,2,3,3,3
AT4G05910,17,6,9,7,10,6
AT4G05950,11,7,4,11,10,0
AT4G06010,11,12,9,2,3,2
AT4G06015,6,10,6,1,1,5
AT4G06060,4,7,8,4,2,0
AT4G06135,55,52,60,72,64,22
AT4G06150,0,4,6,3,0,0
AT4G06175,1,1,1,5,6,6
AT4G06180,2,5,0,0,5,3
AT4G06215,12,12,6,15,17,9
AT4G06225,30,19,31,24,37,19
AT4G06235,18,0,17,11,20,0
AT4G06240,3,2,2,1,3,1
AT4G06245,1,3,1,2,2,5
AT4G06250,3,4,3,3,7,3
AT4G06255,20,22,10,4,5,0
AT4G06265,10,13,12,3,0,0
AT4G06275,13,29,18,25,34,14
AT4G06280,8,4,3,0,3,6
AT4G06290,0,0,0,7,6,6
AT4G06305,18,12,18,7,9,3
AT4G06310,4,3,3,4,7,1
AT4G06315,4,7,6,3,7,1
AT4G06320,5,3,7,4,3,2
AT4G06340,38,41,25,18,22,21
AT4G06375,5,4,2,2,4,4
AT4G06395,65,50,33,100,96,56
AT4G06410,208,114,145,371,484,191
AT4G06498,5,6,0,0,0,0
AT4G06534,364,447,260,136,240,106
AT4G06535,6,5,1,1,5,0
AT4G06536,498,529,457,161,416,161
AT4G06537,0,6,3,0,0,3
AT4G06598,309,318,227,216,261,268
AT4G06599,3266,3030,2255,3193,3992,2493
AT4G06634,1937,1909,1421,1819,2370,1305
AT4G06665,2,4,2,2,2,1
AT4G06676,2935,2800,2176,2897,4183,2197
AT4G06685,67,52,50,60,52,23
AT4G06695,104,92,69,55,77,48
AT4G06701,935,851,685,720,1033,557
AT4G06705,131,132,97,72,128,56
AT4G06744,7699,8293,5411,7691,10877,5678
AT4G06746,47,36,45,495,574,264
AT4G06755,5,5,6,2,3,2
AT4G06775,27,34,15,30,31,0
AT4G06780,6,8,8,53,65,13
AT4G06790,10,13,0,2,2,0
AT4G06795,13,30,9,10,15,3
AT4G06810,38,61,45,18,13,10
AT4G06815,8,10,7,2,4,5
AT4G06880,0,2,5,5,3,0
AT4G06935,3,6,3,13,11,6
AT4G06945,1,2,4,0,4,5
AT4G06955,2,7,2,5,4,3
AT4G06980,135,136,108,134,153,106
AT4G06985,33,36,48,33,54,24
AT4G06995,105,50,71,146,196,79
AT4G07045,2,0,5,0,8,0
AT4G07070,38,57,22,13,15,9
AT4G07080,5,5,4,2,1,6
AT4G07085,9,1,0,7,4,0
AT4G07130,5,3,7,16,9,11
AT4G07160,0,2,0,47,29,30
AT4G07190,91,116,118,197,186,106
AT4G07200,5,4,4,0,0,1
AT4G07235,8,2,0,3,13,0
AT4G07260,4,3,6,8,5,4
AT4G07285,18,18,23,20,14,10
AT4G07390,5703,5265,4044,5036,6414,4059
AT4G07400,311,288,239,221,237,189
AT4G07405,84,120,35,37,41,80
AT4G07410,9187,8747,5791,10545,12780,11258
AT4G07455,256,234,231,285,352,155
AT4G07507,291,176,219,170,259,231
AT4G07510,0,0,0,14,0,7
AT4G07585,0,3,3,0,5,2
AT4G07625,2,5,5,2,0,0
AT4G07705,21,20,19,11,14,9
AT4G07735,15,13,9,5,14,12
AT4G07820,64,35,18,54,76,49
AT4G07825,2882,2429,2065,3961,4620,3320
AT4G07855,272,238,389,408,473,191
AT4G07868,0,0,4,3,2,3
AT4G07950,1469,1491,1108,2616,3128,1912
AT4G07960,2506,2776,1903,428,1032,802
AT4G07990,2469,2334,1871,3035,4278,2141
AT4G07995,2,0,3,6,7,0
AT4G08015,12,19,19,11,10,17
AT4G08035,3330,3273,3095,2283,2810,1527
AT4G08040,369,342,250,372,473,329
AT4G08055,2,3,1,2,1,1
AT4G08110,1912,1842,1388,1539,2185,1514
AT4G08112,3,5,5,0,3,0
AT4G08115,102,62,83,60,126,54
AT4G08125,40,50,29,38,28,13
AT4G08138,0,0,0,3,0,8
AT4G08140,4,0,4,0,4,0
AT4G08150,115,121,69,67,124,33
AT4G08155,38,31,23,17,28,22
AT4G08160,2363,2510,1481,1775,2009,1639
AT4G08165,41,30,21,19,31,23
AT4G08170,2195,2252,1650,2521,2847,1659
AT4G08175,48,37,22,20,15,22
AT4G08180,6679,6008,4512,4586,6216,4483
AT4G08210,163,133,83,42,65,56
AT4G08220,1050,885,708,1116,1390,944
AT4G08225,14,10,8,9,8,9
AT4G08230,4042,4026,2993,4735,6512,2245
AT4G08235,9,4,5,5,5,3
AT4G08240,2147,1968,1476,1843,2600,1741
AT4G08250,143,161,102,234,224,141
AT4G08280,2379,2235,1697,2315,3052,1918
AT4G08290,5667,5884,3938,7423,10570,5261
AT4G08295,5,6,0,4,9,0
AT4G08300,4221,4489,2817,468,647,356
AT4G08305,6,4,10,3,9,1
AT4G08310,3096,2944,2161,2455,3750,2420
AT4G08315,1,3,5,9,4,13
AT4G08320,2959,2844,2105,3288,4284,2622
AT4G08325,3,3,2,2,3,0
AT4G08330,972,957,698,1252,1451,977
AT4G08350,7856,7746,5124,6229,7758,5909
AT4G08360,4,0,0,11,3,0
AT4G08390,20544,21453,13592,18751,25530,15133
AT4G08400,4860,7290,5378,352,1353,746
AT4G08410,5618,9482,6983,220,969,589
AT4G08450,278,223,161,82,163,76
AT4G08455,599,612,446,608,624,443
AT4G08460,5666,5753,3744,7551,8412,6496
AT4G08470,1652,1536,1207,1641,2030,1252
AT4G08480,877,870,505,395,632,709
AT4G08500,2585,2356,1732,3308,4297,2548
AT4G08505,13,0,0,13,0,0
AT4G08510,1431,1298,874,1502,1678,1273
AT4G08520,15274,14030,11734,8855,11668,5926
AT4G08525,0,7,3,3,3,0
AT4G08535,34,32,31,51,36,22
AT4G08540,2418,2312,1977,2571,3399,2260
AT4G08545,0,4,0,19,13,4
AT4G08555,4212,3719,2062,2545,2760,1025
AT4G08570,43,52,28,12,10,4
AT4G08580,1334,1410,1156,1947,2458,1383
AT4G08590,2005,2007,1562,2323,2360,2010
AT4G08615,10,7,6,3,2,5
AT4G08620,300,384,294,27,44,44
AT4G08625,9,8,8,3,1,1
AT4G08685,1693,1573,1253,570,653,340
AT4G08690,5527,5065,3667,3012,4269,2753
AT4G08700,372,321,294,287,379,202
AT4G08705,20,18,0,0,30,0
AT4G08735,23,21,33,31,35,14
AT4G08755,14,19,14,43,27,10
AT4G08770,8852,8323,6899,4015,7242,3534
AT4G08780,29,24,43,207,394,210
AT4G08785,198,146,125,142,187,74
AT4G08790,1063,974,821,809,1044,619
AT4G08795,8,6,3,3,7,7
AT4G08805,13,10,18,8,14,9
AT4G08810,6998,6544,4562,2940,4202,3025
AT4G08815,11,2,2,22,10,5
AT4G08835,42,33,27,19,36,6
AT4G08850,5645,5208,3688,4880,8622,5232
AT4G08860,0,0,0,0,13,12
AT4G08868,46,52,35,8,14,20
AT4G08900,1755,1846,1293,1533,1943,1140
AT4G08920,3392,3318,2304,2180,3089,2211
AT4G08930,4242,3913,3068,2594,3819,1818
AT4G08935,8,10,9,29,30,8
AT4G08940,389,393,221,168,309,161
AT4G08950,2156,1846,1789,359,590,320
AT4G08960,3523,3562,2379,2680,3503,2401
AT4G08980,5218,4721,3732,5175,6994,4788
AT4G08985,0,2,0,6,2,1
AT4G08991,119,71,94,106,130,67
AT4G09000,54110,51151,40607,32315,45824,28077
AT4G09010,51,76,40,48,42,35
AT4G09012,209,223,184,173,159,59
AT4G09020,3605,3250,2617,2724,3506,2319
AT4G09030,10916,9255,9395,18014,20070,11374
AT4G09035,86,77,98,214,212,74
AT4G09040,963,950,689,1212,1416,962
AT4G09060,482,507,351,207,253,137
AT4G09080,106,137,59,122,107,62
AT4G09095,8,10,8,8,0,0
AT4G09100,248,274,188,112,165,87
AT4G09105,3,6,0,3,3,11
AT4G09110,17,35,29,47,74,31
AT4G09120,10,10,5,0,0,0
AT4G09130,42,49,36,10,42,13
AT4G09140,2119,2042,1286,1761,2322,1540
AT4G09150,5209,4932,3598,6715,7835,5266
AT4G09160,2908,2823,1909,1355,1512,1313
AT4G09170,38,45,36,93,98,33
AT4G09180,1378,1353,926,878,1347,789
AT4G09200,2200,2494,1647,1819,1822,1291
AT4G09215,3,6,13,101,108,45
AT4G09225,41,34,18,20,29,21
AT4G09250,777,796,572,471,579,470
AT4G09300,106,112,88,57,81,21
AT4G09310,2039,2262,1482,1360,1691,1205
AT4G09320,45378,45605,34103,27580,34217,21230
AT4G09340,1727,1619,1051,1655,1896,1223
AT4G09375,0,16,14,0,8,0
AT4G09385,68,59,46,132,197,129
AT4G09415,10,8,8,2,7,2
AT4G09420,103,87,67,16,43,20
AT4G09432,80,72,50,22,47,24
AT4G09460,1045,1005,743,981,1378,786
AT4G09475,9,6,5,10,14,10
AT4G09480,120,95,86,50,127,123
AT4G09490,132,145,153,222,319,153
AT4G09500,354,335,298,366,558,475
AT4G09510,1727,1659,1073,1197,1363,1150
AT4G09520,2576,2257,1614,2137,2652,1746
AT4G09535,3,6,3,3,3,4
AT4G09550,904,879,733,1009,1094,573
AT4G09560,881,868,634,1118,1404,747
AT4G09570,3512,3563,2577,2493,3426,2212
AT4G09575,0,0,0,26,0,0
AT4G09580,2004,1827,1546,2753,3371,2115
AT4G09589,0,0,0,37,48,13
AT4G09590,0,0,0,0,11,4
AT4G09600,0,3,0,2201,2510,1269
AT4G09605,22,71,86,78,112,56
AT4G09620,1810,1775,1358,1244,1490,868
AT4G09630,5976,5463,3675,2944,3864,2904
AT4G09640,1311,1283,1077,1269,1443,959
AT4G09649,14,15,6,14,40,7
AT4G09650,1274,1364,875,1021,1496,842
AT4G09670,2792,2685,2017,2766,3059,1922
AT4G09680,3555,3077,2420,2990,3880,2840
AT4G09685,3,0,2,4,3,7
AT4G09690,10,5,11,0,0,0
AT4G09695,136,139,155,211,153,72
AT4G09720,6383,6077,4486,4049,4797,3033
AT4G09730,2169,2274,1590,1497,1836,1679
AT4G09731,3,2,1,15,8,5
AT4G09750,4932,4428,3015,8032,10802,4525
AT4G09760,1047,1367,944,4051,4911,2479
AT4G09770,382,254,240,153,286,130
AT4G09780,13,8,0,0,0,0
AT4G09785,11,3,9,8,5,3
AT4G09800,32448,31308,26671,31677,37118,23771
AT4G09805,1219,1143,1141,680,997,472
AT4G09810,950,869,644,469,615,533
AT4G09815,8,9,3,3,3,7
AT4G09820,9,0,0,8,8,6
AT4G09830,5587,4838,3781,6054,7258,4411
AT4G09840,154,145,177,102,243,86
AT4G09845,100,115,88,97,113,75
AT4G09880,4,0,0,0,3,3
AT4G09890,898,1010,867,860,955,271
AT4G09900,11,12,0,0,12,0
AT4G09920,13,12,12,27,21,11
AT4G09940,68,69,46,39,55,28
AT4G09950,332,314,267,477,428,386
AT4G09960,32,27,15,18,11,7
AT4G09970,77,82,101,119,113,63
AT4G09980,2787,2789,1593,2437,2951,2591
AT4G09985,3,2,1,1,1,2
AT4G09990,7822,7537,5449,2611,3892,2374
AT4G10000,245,241,151,168,178,97
AT4G10010,42,26,16,5,3,0
AT4G10020,4,8,6,0,19,12
AT4G10030,1609,1652,1213,1726,2032,1437
AT4G10040,5917,8789,5507,9347,10893,7713
AT4G10050,2763,2671,2107,2593,3154,1657
AT4G10060,12,0,0,0,17,7
AT4G10070,1807,1994,1319,2553,3018,2586
AT4G10080,3780,3405,2413,5555,7151,4289
AT4G10090,1018,935,678,946,1227,695
AT4G10100,1816,1721,1306,1458,1929,1093
AT4G10110,2542,2083,1651,2338,2915,1880
AT4G10120,94,127,60,152,111,115
AT4G10130,796,731,666,775,1049,660
AT4G10140,3394,3276,2810,3582,5448,2656
AT4G10170,667,634,480,491,773,414
AT4G10180,3175,3246,2288,2134,2796,2131
AT4G10250,3,0,0,51,24,29
AT4G10265,3,5,10,9,6,0
AT4G10270,32,25,26,2,3,0
AT4G10280,979,830,779,755,1001,436
AT4G10300,666,678,498,640,754,370
AT4G10310,188,165,110,46,54,38
AT4G10320,15072,15135,8817,11704,14252,14205
AT4G10330,1559,1468,1106,1948,2546,1331
AT4G10340,934,1442,721,654,792,413
AT4G10350,612,762,344,681,868,805
AT4G10360,4458,4194,3248,2352,3555,1728
AT4G10370,1250,942,601,67,122,80
AT4G10380,8117,7143,5688,5267,8416,4592
AT4G10390,1011,1022,769,371,559,306
AT4G10400,587,623,476,499,510,454
AT4G10420,339,278,223,429,487,273
AT4G10430,4365,4251,3249,4904,7230,3450
AT4G10450,12703,12933,10068,8984,10721,7912
AT4G10465,67,62,32,60,74,31
AT4G10470,416,460,339,346,405,291
AT4G10480,33394,33191,23151,17005,21641,15859
AT4G10490,0,12,3,0,5,0
AT4G10500,95,89,70,1734,1664,903
AT4G10507,3,3,3,9,11,7
AT4G10510,40,35,33,10,6,0
AT4G10520,8,2,0,3,3,0
AT4G10530,23,15,14,10,22,15
AT4G10550,583,546,411,549,598,507
AT4G10560,247,236,164,120,173,184
AT4G10570,2869,2539,1796,2165,2672,2126
AT4G10580,63,42,39,185,218,211
AT4G10590,2717,2545,1392,2488,3398,2801
AT4G10600,6,8,5,0,5,6
AT4G10610,7219,6736,4659,7415,8553,6230
AT4G10620,1639,1492,1017,885,946,1096
AT4G10630,432,522,337,156,179,125
AT4G10640,723,759,664,304,395,302
AT4G10650,199,293,208,154,184,166
AT4G10690,884,775,567,552,679,538
AT4G10710,6644,6291,4293,6415,7908,5853
AT4G10720,129,133,137,52,176,57
AT4G10730,3802,3636,2623,3010,4359,2964
AT4G10750,4591,4429,2806,3547,4523,3329
AT4G10760,2678,2618,1641,2767,3134,2907
AT4G10770,2006,1877,1294,288,443,286
AT4G10780,48,41,34,3,4,0
AT4G10790,4718,4304,3105,3879,5883,3671
AT4G10800,563,476,360,309,476,291
AT4G10810,5210,5065,4457,4403,6328,3942
AT4G10830,18,1,14,3,7,2
AT4G10840,21224,20132,13312,6143,7457,5359
AT4G10843,34,50,31,46,52,27
AT4G10890,1183,1193,892,1660,1773,1333
AT4G10920,2184,2076,1750,2231,2972,1402
AT4G10925,1112,1108,815,1839,1759,1185
AT4G10930,2044,2020,1443,1851,2317,1580
AT4G10950,31,17,38,20,34,9
AT4G10955,1954,1868,1360,1981,2447,1601
AT4G10960,1770,1821,1407,5454,6785,2746
AT4G10970,2011,1814,1550,2238,2640,1478
AT4G11000,16,5,9,0,5,0
AT4G11010,60113,56891,49126,45662,57858,29216
AT4G11020,28,43,42,0,0,0
AT4G11040,0,7,0,22,41,27
AT4G11050,1419,1580,842,314,298,238
AT4G11060,1408,1564,1029,1031,1104,823
AT4G11070,6,8,6,11,14,4
AT4G11080,1761,1978,1411,534,719,474
AT4G11090,1292,1222,1004,913,1284,755
AT4G11100,120,142,81,39,46,22
AT4G11110,3219,3051,2042,3433,4318,2983
AT4G11120,5232,5230,3643,2460,3236,2135
AT4G11130,691,778,485,450,435,301
AT4G11140,181,170,83,84,53,39
AT4G11150,62450,59460,45896,44432,62679,30511
AT4G11160,4498,4640,2894,3619,5004,3726
AT4G11170,13,3,0,180,363,215
AT4G11175,565,584,454,651,789,332
AT4G11190,14877,16124,18232,966,994,589
AT4G11200,47,52,46,63,49,36
AT4G11210,14023,13997,15103,1201,1076,595
AT4G11211,1146,1204,927,677,696,506
AT4G11220,9936,9494,7766,25104,29305,14815
AT4G11230,746,728,468,154,243,108
AT4G11240,6488,5818,4419,5661,6693,4790
AT4G11260,15020,14641,10367,13957,18066,11066
AT4G11270,4950,4847,3245,3959,4854,4037
AT4G11280,1133,1282,909,16598,15547,8799
AT4G11290,28927,25869,26000,6008,8780,3546
AT4G11300,808,966,584,396,578,290
AT4G11320,29300,22682,28872,8524,11871,4627
AT4G11330,480,614,379,838,1215,425
AT4G11350,422,469,307,1767,1901,1097
AT4G11360,2759,2825,2222,6841,9905,5990
AT4G11370,116,104,78,367,506,253
AT4G11380,18218,17560,12253,13834,17491,12687
AT4G11390,24,49,28,11,12,0
AT4G11393,20,15,3,0,6,0
AT4G11400,129,146,78,87,91,121
AT4G11402,0,3,5,0,5,0
AT4G11410,1194,1214,986,1025,1413,828
AT4G11420,22958,22599,14922,19749,26001,21211
AT4G11440,504,576,314,216,302,309
AT4G11450,1563,1503,974,644,975,960
AT4G11460,12,4,0,0,0,0
AT4G11470,15,11,13,21,34,24
AT4G11480,0,0,0,11,0,5
AT4G11521,7,4,11,3,17,10
AT4G11530,1240,1121,889,327,637,473
AT4G11543,27,23,18,7,18,15
AT4G11547,310,252,175,112,257,111
AT4G11550,301,283,170,40,65,60
AT4G11560,4178,4175,2796,4418,5288,3380
AT4G11570,2217,2189,1388,3648,4591,3123
AT4G11590,166,200,151,560,764,327
AT4G11600,34194,32163,19538,67603,81440,40794
AT4G11610,1776,1783,1002,1703,2606,2482
AT4G11630,2043,2081,1400,1882,2473,1587
AT4G11640,371,360,324,296,388,193
AT4G11650,54,28,23,31,46,30
AT4G11655,55,60,47,78,64,48
AT4G11660,2030,1790,1437,1881,2642,1793
AT4G11670,2075,1993,1455,1910,2477,1838
AT4G11680,2727,2783,2045,2139,2857,1811
AT4G11690,139,133,103,91,60,66
AT4G11720,77,60,55,43,59,55
AT4G11740,3873,4093,2760,3691,5493,3201
AT4G11780,1155,1079,705,164,177,207
AT4G11790,4373,4387,2957,3698,5236,3956
AT4G11800,4714,4334,3075,7086,8748,5446
AT4G11810,11,11,9,27,63,31
AT4G11820,24058,21228,17168,9213,10514,6475
AT4G11830,9884,8828,7269,7152,9687,6529
AT4G11840,2288,2015,1693,1824,2334,1461
AT4G11845,236,198,159,161,239,156
AT4G11850,7847,7550,5325,4127,5673,3951
AT4G11860,3654,3241,2106,3457,4267,2929
AT4G11870,0,5,6,37,16,11
AT4G11880,0,8,3,45,27,23
AT4G11910,72,55,50,87,72,36
AT4G11920,789,826,589,665,873,448
AT4G11950,175,155,145,97,126,69
AT4G11960,584,485,387,834,1143,452
AT4G11970,960,864,602,1144,1267,947
AT4G11980,806,801,616,1069,1184,808
AT4G11990,156,181,126,127,127,94
AT4G12000,629,634,452,3173,3883,1878
AT4G12005,25,29,26,67,58,57
AT4G12010,1531,1305,997,759,1199,815
AT4G12020,2703,2334,1744,3633,4212,2544
AT4G12030,467,682,536,29,28,21
AT4G12040,13385,12527,9585,19807,23388,12219
AT4G12050,2898,2820,1834,1657,2072,2033
AT4G12060,2825,2600,2056,2802,3401,1773
AT4G12070,2133,1828,1459,2416,3623,1890
AT4G12080,8581,8232,6415,8928,11816,7037
AT4G12090,1011,949,747,509,788,344
AT4G12110,3850,3362,2497,1029,1616,1132
AT4G12120,1743,1668,1299,2025,2580,1435
AT4G12130,2300,2482,1706,2283,2691,1897
AT4G12170,70,60,62,18,7,0
AT4G12180,5,0,5,0,0,0
AT4G12200,52,50,23,12,24,13
AT4G12230,6510,6320,4671,4860,6747,4158
AT4G12240,207,284,140,203,227,193
AT4G12250,1344,1309,1111,2740,3460,2061
AT4G12270,186,189,114,46,51,47
AT4G12280,4,6,0,0,0,0
AT4G12290,203,140,88,730,854,430
AT4G12300,793,580,465,896,1292,765
AT4G12310,46,49,21,136,200,130
AT4G12320,27,29,14,28,64,40
AT4G12330,1398,1204,794,1243,2355,1268
AT4G12340,3100,3261,1951,2437,3346,3038
AT4G12350,109,127,113,116,191,92
AT4G12370,52,32,29,37,37,52
AT4G12380,0,4,0,30,13,8
AT4G12382,43,21,31,81,83,47
AT4G12390,3228,3418,2967,2144,2584,1485
AT4G12400,3042,2889,2362,2418,2480,1648
AT4G12410,153,155,99,399,370,263
AT4G12420,25850,23391,16674,4690,6565,5387
AT4G12430,109,164,89,3207,2557,1385
AT4G12440,323,479,311,30,76,16
AT4G12450,409,365,257,140,265,136
AT4G12460,3826,3503,2632,2798,4325,2624
AT4G12470,1463,941,1556,325,485,135
AT4G12480,510,339,564,181,334,164
AT4G12490,3,15,6,3,6,0
AT4G12510,57478,51357,44681,1554,2490,984
AT4G12520,83971,72960,65194,2350,3852,1547
AT4G12530,67,56,78,22,17,8
AT4G12540,426,407,301,123,116,72
AT4G12543,124,58,57,29,37,10
AT4G12545,24057,22975,18054,7860,15340,5755
AT4G12550,28222,25469,22910,11755,24358,9713
AT4G12555,50,33,56,31,46,16
AT4G12560,4943,4612,3889,5031,6451,3518
AT4G12570,1830,1740,1340,2022,2656,1660
AT4G12580,366,384,263,2520,3005,1234
AT4G12590,12123,10513,8223,9068,11997,7075
AT4G12600,15156,15426,11320,7650,8881,5681
AT4G12610,4715,5103,3365,4147,5734,3322
AT4G12620,1190,1164,590,521,588,503
AT4G12640,2345,2362,1525,1692,1920,1724
AT4G12650,37790,34113,26440,22692,29451,19644
AT4G12670,637,517,374,398,573,487
AT4G12680,822,615,598,1133,1310,623
AT4G12690,683,494,467,360,428,184
AT4G12700,2237,1908,1421,1584,2168,1610
AT4G12710,1184,982,586,1389,1675,1224
AT4G12720,4317,4103,2926,5702,6591,3601
AT4G12730,37711,35784,26520,2187,2791,2127
AT4G12735,13,15,10,69,34,25
AT4G12740,377,357,240,202,235,154
AT4G12750,1713,1839,1085,1203,1301,1008
AT4G12760,1380,1273,1204,1421,1807,688
AT4G12770,5637,5472,3909,4070,5533,4180
AT4G12780,5486,5305,3620,3909,5735,4063
AT4G12790,5053,4590,3478,4839,5676,3038
AT4G12800,161,227,143,105,158,68
AT4G12830,23,27,14,25,26,10
AT4G12840,1009,1049,742,827,1183,721
AT4G12850,282,227,191,248,327,186
AT4G12870,5,5,0,0,0,0
AT4G12880,7535,7815,5347,3043,4753,3250
AT4G12910,979,886,610,1502,1513,1010
AT4G12940,3,11,0,20,16,12
AT4G12980,785,788,541,473,597,434
AT4G12990,543,571,386,561,846,379
AT4G13000,110,104,91,95,82,63
AT4G13010,4618,4644,3103,9309,10629,5229
AT4G13020,9036,8688,6508,9653,13559,7885
AT4G13030,829,649,591,1807,2629,1324
AT4G13040,1332,1146,1001,908,1498,861
AT4G13050,4275,3890,2905,2801,4187,2941
AT4G13070,560,598,404,313,365,265
AT4G13090,50,35,32,0,12,0
AT4G13095,22,6,19,15,23,11
AT4G13100,1225,1206,1096,991,1366,621
AT4G13110,626,480,469,1456,1706,754
AT4G13120,1124,906,657,663,819,827
AT4G13130,749,572,374,64,118,78
AT4G13150,777,631,641,596,724,475
AT4G13160,162,127,119,149,187,70
AT4G13170,7996,8346,6622,5526,6583,3997
AT4G13180,22174,20395,11947,19327,24976,15853
AT4G13190,0,5,0,17,16,0
AT4G13195,18,25,26,91,77,26
AT4G13200,1018,883,723,1472,1850,1007
AT4G13210,131,160,100,34,26,29
AT4G13215,5,0,0,3,7,4
AT4G13220,608,603,439,748,865,428
AT4G13230,0,11,0,5,5,7
AT4G13235,745,902,687,991,1164,618
AT4G13245,6,7,5,3,0,5
AT4G13250,182,163,113,775,748,440
AT4G13260,18,20,23,26,27,27
AT4G13270,4594,4652,3793,4793,6717,3612
AT4G13280,25,4,35,8,19,7
AT4G13290,178,161,180,270,373,262
AT4G13300,138,177,160,5,11,4
AT4G13310,234,159,174,0,28,19
AT4G13320,3,5,3,5,8,0
AT4G13330,785,861,567,396,517,474
AT4G13340,6532,7421,6609,1760,3099,1785
AT4G13345,247,217,179,1669,1599,898
AT4G13350,9688,9293,6570,4213,5721,4026
AT4G13360,5323,5094,3824,4620,6239,3403
AT4G13370,1554,1338,925,345,458,383
AT4G13390,6598,7616,7524,335,1200,758
AT4G13395,37,28,17,142,172,78
AT4G13400,890,862,773,647,877,512
AT4G13420,142,118,100,42,84,104
AT4G13430,18707,19986,13128,17668,20826,14913
AT4G13440,1568,1555,950,310,456,226
AT4G13460,2714,2534,1752,2895,3391,2468
AT4G13480,0,3,3,302,238,117
AT4G13493,5,9,0,3,7,2
AT4G13494,5,2,4,2,4,2
AT4G13495,215,215,187,200,191,105
AT4G13500,84,69,50,65,112,66
AT4G13505,1108,1074,112,53,909,76
AT4G13510,27587,28496,17362,11005,17062,11328
AT4G13520,5815,5677,4781,5125,5966,2481
AT4G13530,5033,4813,3762,5754,8559,3660
AT4G13540,14,17,7,9,2,0
AT4G13550,755,836,509,1467,1668,1185
AT4G13560,3,3,10,8,6,3
AT4G13577,6,0,0,7,0,0
AT4G13580,17424,14535,12608,14472,21387,7528
AT4G13590,3794,3462,2587,3139,4229,3008
AT4G13600,47,60,51,49,62,45
AT4G13615,22607,21111,15668,14441,18118,9090
AT4G13620,3819,3434,2634,868,1320,931
AT4G13630,2371,2383,1634,2176,2945,2077
AT4G13640,1885,1691,1509,2342,3250,1941
AT4G13650,313,399,236,138,234,145
AT4G13660,14875,13296,10394,11444,20170,10243
AT4G13670,841,834,599,374,604,286
AT4G13680,5,6,7,0,0,0
AT4G13690,328,310,291,122,122,81
AT4G13710,860,757,557,1610,1662,1540
AT4G13720,3839,4006,3150,3693,4437,3509
AT4G13730,2716,2611,2185,3763,4682,2546
AT4G13750,1697,1738,1053,1043,921,773
AT4G13770,263,707,340,12,0,6
AT4G13780,12627,12042,7772,11347,12888,12042
AT4G13790,3,0,0,6,2,0
AT4G13800,3,3,4,0,6,0
AT4G13820,8,12,6,20,8,6
AT4G13830,667,655,637,656,952,478
AT4G13840,132,88,73,112,170,114
AT4G13850,23591,22174,17405,10714,14604,9333
AT4G13860,2827,2436,2620,1552,2492,906
AT4G13870,720,716,449,521,625,419
AT4G13880,7,5,0,12,0,5
AT4G13885,60,60,41,53,81,97
AT4G13890,304,405,228,405,595,359
AT4G13900,22,10,11,23,18,13
AT4G13918,471,308,283,296,344,158
AT4G13920,66,52,64,144,278,135
AT4G13930,70249,72736,42574,24146,32565,28313
AT4G13940,308638,292477,194619,175975,234075,183667
AT4G13950,790,835,597,595,972,689
AT4G13970,1612,1546,966,1725,1940,1680
AT4G13980,1451,1269,1098,1738,2329,1527
AT4G13990,690,688,538,696,802,604
AT4G13992,26,29,18,59,62,41
AT4G13996,18,5,2,17,13,14
AT4G14000,4148,4009,2932,4788,5063,3968
AT4G14010,6552,6608,4314,12748,14704,6613
AT4G14020,437,430,353,979,968,491
AT4G14030,31536,25209,20886,39596,53716,29225
AT4G14040,1141,823,835,1133,1460,793
AT4G14050,333,346,233,212,184,187
AT4G14060,8,6,0,0,8,0
AT4G14070,858,889,589,799,879,655
AT4G14090,7,6,4,8,12,9
AT4G14096,786,705,576,487,568,353
AT4G14100,499,477,348,480,751,496
AT4G14103,215,200,135,80,157,115
AT4G14104,0,4,3,0,0,3
AT4G14110,4220,4127,3097,4632,5206,3045
AT4G14120,345,268,253,53,54,81
AT4G14130,19932,18284,15034,389,576,251
AT4G14145,1252,1166,983,1765,2128,1354
AT4G14147,1544,1328,1185,1567,1957,967
AT4G14150,841,773,461,245,364,296
AT4G14160,13714,11910,8939,12146,14983,9908
AT4G14170,228,247,157,144,179,159
AT4G14180,182,183,106,117,160,112
AT4G14190,326,310,205,550,564,318
AT4G14200,1281,1200,893,1047,1292,860
AT4G14210,1680,1816,1158,1939,2245,1543
AT4G14220,3511,3461,2568,4434,5686,3267
AT4G14230,2373,2393,1690,2221,3149,1528
AT4G14240,2541,2333,1632,1607,2269,1476
AT4G14245,13,17,9,3,2,3
AT4G14270,4792,4126,3633,6902,8857,5232
AT4G14280,138,180,117,20,33,28
AT4G14290,2447,2380,1743,988,1148,932
AT4G14300,8679,8623,5637,7133,8288,7066
AT4G14305,1776,1598,1273,929,1560,938
AT4G14310,2909,2823,1924,1222,1397,1161
AT4G14320,29677,27764,23535,21366,26436,13751
AT4G14330,1290,1510,917,321,291,201
AT4G14340,3408,3318,2429,3606,4672,3661
AT4G14342,2600,2341,1728,2617,3063,1275
AT4G14350,4919,4456,3075,3879,4820,2917
AT4G14360,9227,8472,6092,4674,6760,4503
AT4G14365,21,12,9,42,61,37
AT4G14368,15,7,10,44,38,11
AT4G14370,510,471,321,655,994,585
AT4G14380,507,450,324,215,356,203
AT4G14385,1544,1381,1250,1722,2157,1253
AT4G14390,328,326,240,75,69,93
AT4G14410,6074,5673,4314,5335,7930,4894
AT4G14420,12756,11564,9094,8076,10111,6565
AT4G14430,4417,4927,3516,7592,10153,5871
AT4G14440,517,706,586,2319,2053,1217
AT4G14450,15,8,8,81,154,53
AT4G14455,3171,2797,2082,2330,3019,1654
AT4G14465,1942,1969,1496,1671,2466,1471
AT4G14480,0,5,3,18,2,8
AT4G14490,460,493,335,225,231,156
AT4G14500,6181,5520,4726,9757,10968,6818
AT4G14504,27,32,26,35,39,13
AT4G14510,1035,1000,610,733,1020,551
AT4G14520,922,894,701,858,1099,967
AT4G14530,0,13,0,2,3,3
AT4G14540,4,15,5,30,26,6
AT4G14548,23,28,34,11,25,17
AT4G14550,2527,2540,1607,591,1234,908
AT4G14560,882,877,531,324,582,452
AT4G14570,6879,6349,4339,5348,6516,5010
AT4G14580,1754,1806,1144,994,1127,686
AT4G14590,284,309,223,194,293,191
AT4G14600,1012,943,762,1264,1414,685
AT4G14605,650,579,447,585,643,465
AT4G14610,447,386,244,175,275,152
AT4G14615,4129,3985,3081,3945,5154,2854
AT4G14620,1096,906,754,534,672,408
AT4G14630,53,69,69,14,33,16
AT4G14640,1295,1177,772,33,49,19
AT4G14650,2058,2303,1582,479,780,440
AT4G14660,503,554,431,425,521,347
AT4G14680,1438,1546,937,1838,1952,1554
AT4G14690,707,946,319,3205,3021,1727
AT4G14695,1017,945,823,436,656,348
AT4G14700,289,267,144,81,72,82
AT4G14710,6910,7257,5401,7867,10091,4445
AT4G14713,680,574,438,400,497,407
AT4G14716,7575,7820,6034,5599,7434,3652
AT4G14720,994,1025,740,1807,2218,1361
AT4G14730,0,0,0,7,19,0
AT4G14740,981,923,772,478,637,386
AT4G14746,1781,1765,1482,2370,3604,1410
AT4G14750,4751,4177,3047,805,1365,998
AT4G14760,2539,2715,1772,1104,1642,929
AT4G14770,1042,866,676,364,527,350
AT4G14780,223,209,156,102,161,70
AT4G14790,1443,1550,1100,1073,1106,769
AT4G14800,9660,9028,7046,5879,8128,4005
AT4G14805,3,12,3,0,3,0
AT4G14820,254,166,174,168,187,178
AT4G14830,221,228,176,233,249,148
AT4G14840,336,353,244,387,473,350
AT4G14850,352,335,194,258,275,264
AT4G14860,95,92,60,4,7,3
AT4G14870,414,485,309,325,501,290
AT4G14880,60537,58344,44404,51958,68861,31451
AT4G14890,9,11,7,3,6,4
AT4G14900,9102,8957,6748,4946,6649,4104
AT4G14905,1363,1294,1006,1885,2108,1686
AT4G14910,1563,1634,1168,1921,2303,1452
AT4G14920,2806,2626,1613,2201,2536,2360
AT4G14930,1405,1537,1045,1747,2211,1437
AT4G14940,1994,2186,1505,474,558,327
AT4G14950,5966,5643,4049,5260,7143,5065
AT4G14960,94985,84167,59545,32758,41022,32845
AT4G14965,2092,2040,1665,2021,2779,1693
AT4G14970,702,671,400,469,443,310
AT4G14980,456,442,251,37,45,75
AT4G14990,5566,5567,3472,4325,6986,5002
AT4G15000,50550,48276,39311,25295,34723,25569
AT4G15010,2182,2109,1682,2283,3353,2235
AT4G15020,2692,2490,1585,2966,3640,2708
AT4G15030,1661,1507,1420,2067,2277,1182
AT4G15070,599,564,329,119,195,204
AT4G15075,24,14,7,3,7,5
AT4G15080,6237,5692,4048,3622,4517,4038
AT4G15090,1999,1933,1294,2156,2746,2166
AT4G15093,4793,4718,3655,4095,5974,2619
AT4G15096,4,2,1,1,3,2
AT4G15100,0,3,0,8,0,0
AT4G15110,1837,1730,1243,3027,3283,2153
AT4G15120,546,574,362,2338,2809,1621
AT4G15130,872,963,718,1819,2046,1059
AT4G15140,465,428,322,317,295,125
AT4G15150,36,54,31,69,49,43
AT4G15160,30497,35484,21116,9227,14376,9541
AT4G15165,357,324,296,224,281,229
AT4G15180,5698,5298,3659,4228,5535,4398
AT4G15210,0,0,6,3,5,3
AT4G15215,1144,1024,823,593,826,710
AT4G15230,4683,3489,3643,6081,8552,6044
AT4G15233,821,628,725,655,873,637
AT4G15236,25,28,20,70,54,48
AT4G15240,1693,1620,1316,1490,1729,1203
AT4G15248,80,41,30,552,518,228
AT4G15258,16,10,10,6,11,8
AT4G15260,756,749,520,1383,1898,1485
AT4G15270,194,134,121,129,167,110
AT4G15280,100,68,48,55,69,62
AT4G15290,4498,4155,3127,147,305,130
AT4G15300,393,453,210,49,91,59
AT4G15320,121,131,68,2,4,3
AT4G15330,3958,3549,2987,1085,1633,765
AT4G15340,4079,3727,3168,1141,1651,843
AT4G15350,277,323,157,123,171,146
AT4G15370,37,57,22,0,21,4
AT4G15380,368,425,280,146,245,115
AT4G15390,19929,22544,18413,2751,4398,2127
AT4G15393,1358,1540,1649,147,220,216
AT4G15396,17,8,28,0,0,12
AT4G15400,1187,1209,898,434,855,376
AT4G15410,5498,5090,4061,4107,4693,2970
AT4G15415,2701,2498,1885,1617,2149,1457
AT4G15417,132,116,65,48,76,32
AT4G15420,3197,3127,2099,3749,4752,2664
AT4G15430,1296,1389,1089,510,983,566
AT4G15440,13,8,3,8,5,3
AT4G15450,547,501,365,798,953,509
AT4G15460,0,0,1,4,17,5
AT4G15470,27737,26293,21417,27330,36668,18948
AT4G15475,2687,2550,1980,2782,3196,2047
AT4G15480,1693,2172,850,1005,1377,914
AT4G15490,25,49,27,185,378,223
AT4G15500,1599,1917,1122,548,1027,526
AT4G15510,466,481,333,262,357,186
AT4G15520,2126,1950,1455,1955,2459,1699
AT4G15530,384,360,215,606,671,481
AT4G15540,1007,932,737,652,926,555
AT4G15545,5544,5601,4447,4142,6237,3607
AT4G15550,10812,9785,6251,12636,17825,13717
AT4G15560,7806,7610,4676,5605,7597,5489
AT4G15563,1141,1113,961,961,1564,747
AT4G15570,2042,2033,1225,2541,2631,2193
AT4G15590,0,0,3,3,4,0
AT4G15610,27240,23421,17278,62570,98471,41468
AT4G15620,0,3,0,37,95,54
AT4G15630,144,85,49,215,287,204
AT4G15640,3816,3847,2490,2553,3076,2222
AT4G15660,42,28,20,64,79,43
AT4G15670,5,3,0,6,5,3
AT4G15680,13,17,7,5,8,3
AT4G15690,3,2,3,0,3,0
AT4G15700,0,5,3,0,6,0
AT4G15720,46,46,40,18,22,22
AT4G15730,634,576,400,337,459,367
AT4G15740,327,272,287,95,252,81
AT4G15760,11931,10345,6910,10480,11960,6618
AT4G15765,497,459,468,304,376,171
AT4G15770,4905,4995,3233,2570,2989,2159
AT4G15780,2965,2607,2106,3390,4167,2378
AT4G15790,2376,2256,1758,864,1189,669
AT4G15800,2914,2747,1842,2706,3388,1681
AT4G15802,9260,8378,6622,5494,6922,3460
AT4G15810,296,352,166,216,272,243
AT4G15820,730,803,549,572,643,564
AT4G15830,1371,1490,1120,325,458,233
AT4G15840,2474,2678,1645,2487,3169,2388
AT4G15850,1222,1222,840,1548,1535,1371
AT4G15880,3469,3014,2425,3371,4029,2744
AT4G15890,1085,1063,566,630,821,643
AT4G15900,8892,8339,6405,9288,10030,6658
AT4G15910,19129,16515,12197,30966,34147,26224
AT4G15920,3119,3062,2732,2170,3393,1303
AT4G15930,3776,3625,2971,3247,4027,1958
AT4G15940,4649,4601,3363,5772,7478,3857
AT4G15950,623,574,469,655,759,533
AT4G15953,23,39,40,117,98,76
AT4G15955,1466,1522,1000,1813,2416,1444
AT4G15960,2207,2378,1551,1756,2285,1426
AT4G15970,0,0,6,3,0,6
AT4G15975,56,42,26,75,116,60
AT4G15990,10,3,15,41,33,8
AT4G16000,63,56,33,44,63,40
AT4G16008,28,15,18,22,10,13
AT4G16015,54,47,48,73,53,17
AT4G16050,7,15,4,40,42,10
AT4G16060,1350,1352,999,862,1092,605
AT4G16070,1954,1874,1234,1802,2325,1432
AT4G16100,1240,1240,954,1478,1800,1012
AT4G16110,3735,3597,2432,3754,5041,3558
AT4G16120,3230,3170,2204,1319,1845,1602
AT4G16130,3782,3473,2286,3523,4504,3343
AT4G16140,1036,983,716,390,449,488
AT4G16141,3867,3790,2697,2911,3019,2136
AT4G16143,13155,13964,8845,11844,15114,10169
AT4G16144,2543,2436,2086,3423,4270,2316
AT4G16146,402,376,369,640,941,479
AT4G16150,6236,6109,4332,6907,10521,8130
AT4G16155,4138,4055,2749,2631,2938,2487
AT4G16160,13,7,0,10,25,22
AT4G16162,51,32,35,47,69,27
AT4G16180,7202,6512,4917,6382,8408,5569
AT4G16190,16628,16888,10161,28031,38667,22378
AT4G16210,3087,2857,2015,2852,3608,2315
AT4G16220,0,0,0,4,7,8
AT4G16230,22,18,11,9,23,6
AT4G16233,12,7,8,2,7,6
AT4G16250,1600,1562,869,2521,3046,2424
AT4G16260,1398,1254,983,1329,2380,1204
AT4G16265,1232,1061,1077,910,1130,540
AT4G16267,4,5,0,2,0,2
AT4G16270,2937,3187,2511,467,908,417
AT4G16280,2891,2757,2261,2528,3766,2481
AT4G16310,2288,2073,1306,1681,1971,1740
AT4G16330,3639,3552,2718,4440,5651,3811
AT4G16340,11518,11397,7994,5149,6744,5924
AT4G16350,754,617,571,210,334,142
AT4G16355,28,43,11,3,6,3
AT4G16360,6647,6371,4488,4298,6285,4754
AT4G16370,1744,1787,1336,720,842,576
AT4G16380,15182,15671,10875,13149,14655,8595
AT4G16390,1189,1148,726,777,1096,926
AT4G16400,976,905,726,551,661,448
AT4G16410,57,62,32,80,73,30
AT4G16420,2104,2095,1565,2687,2945,2200
AT4G16430,3924,3652,2234,2941,3938,3005
AT4G16440,1751,1370,1118,2790,3381,1987
AT4G16442,1795,1817,1271,3873,4839,3041
AT4G16444,1725,1776,1516,2072,2871,1357
AT4G16447,2289,2106,1794,1669,1927,1105
AT4G16450,24494,24470,20699,17118,24208,12303
AT4G16470,321,285,207,247,303,158
AT4G16480,692,540,450,591,902,666
AT4G16490,5706,5523,4161,4930,6826,4847
AT4G16500,6572,6102,5060,3994,5884,3318
AT4G16510,1143,1081,830,1214,1518,897
AT4G16520,10243,9529,8041,13537,19049,7822
AT4G16530,0,3,0,3,6,0
AT4G16535,1290,1071,745,1540,2085,1049
AT4G16540,162,189,152,272,306,141
AT4G16550,2,7,0,6,7,5
AT4G16560,2,4,0,3,6,5
AT4G16563,3980,4212,3139,672,970,474
AT4G16566,1237,1299,1044,1324,1630,743
AT4G16570,876,868,708,914,1031,757
AT4G16580,2482,2152,1634,2188,2866,1813
AT4G16600,579,546,452,421,529,370
AT4G16610,326,252,188,181,197,145
AT4G16620,63,61,92,566,660,506
AT4G16630,5484,5711,3843,3427,4265,3903
AT4G16640,107,124,124,393,347,195
AT4G16650,4652,4490,3104,3757,5012,3751
AT4G16660,18499,18136,12739,5946,8421,6481
AT4G16670,1673,1358,1171,1734,2437,1584
AT4G16680,228,238,173,291,366,162
AT4G16690,11,3,10,195,183,101
AT4G16695,4440,4260,3468,4007,5314,3186
AT4G16700,822,855,570,533,579,522
AT4G16710,1976,1825,1410,1752,2373,1334
AT4G16720,67618,71106,57090,55809,66996,48595
AT4G16745,123,117,84,111,158,102
AT4G16750,330,271,247,952,1291,523
AT4G16760,23640,21847,15449,57511,74119,46491
AT4G16765,2855,2752,2111,3378,3851,2048
AT4G16770,965,1059,875,1061,1098,614
AT4G16780,1358,1202,1202,1105,1500,1080
AT4G16790,1386,1429,1124,965,1364,874
AT4G16800,1063,975,712,831,863,600
AT4G16807,363,344,236,120,106,104
AT4G16820,4,3,0,26,37,18
AT4G16830,9832,9603,7043,7138,9710,5489
AT4G16835,177,143,68,45,43,100
AT4G16840,646,561,434,423,543,411
AT4G16845,4011,3632,2764,5114,5999,3374
AT4G16850,2181,1877,1588,1260,1954,1506
AT4G16855,9,4,3,16,20,11
AT4G16857,196,143,162,84,154,81
AT4G16860,12,10,11,0,0,5
AT4G16870,37,5,20,0,5,4
AT4G16890,425,359,280,246,290,189
AT4G16892,42,51,42,80,109,31
AT4G16900,320,271,171,251,362,283
AT4G16910,25,19,25,23,22,32
AT4G16920,994,981,692,500,602,435
AT4G16940,126,108,76,35,59,86
AT4G16950,978,926,641,551,809,555
AT4G16955,1,3,2,1,1,3
AT4G16957,1049,943,795,928,1168,690
AT4G16960,490,465,258,235,303,342
AT4G16970,1116,1076,683,569,593,528
AT4G16980,913,1137,747,725,882,417
AT4G16983,11,9,14,10,14,0
AT4G16990,36,44,19,3,0,0
AT4G17000,681,675,492,105,143,80
AT4G17010,2624,2330,1669,1894,2508,1416
AT4G17020,2037,1834,1354,1711,2144,1415
AT4G17030,628,679,537,1437,1611,578
AT4G17040,5221,5279,3136,5021,5925,4252
AT4G17050,5067,5127,4093,3439,4630,2632
AT4G17060,2756,2606,1583,3099,3585,2740
AT4G17070,3574,3546,2461,2060,3002,1772
AT4G17080,4080,4102,2966,2161,2992,2037
AT4G17085,1717,1558,1245,1487,1860,944
AT4G17090,0,0,6,301,336,144
AT4G17098,217,103,169,177,241,159
AT4G17100,12411,13865,8121,5627,7923,6490
AT4G17140,9489,8894,6369,12353,16304,11554
AT4G17150,3341,3231,2643,1686,2543,1910
AT4G17170,11069,10335,7438,6829,8271,4337
AT4G17180,762,652,520,431,440,313
AT4G17190,7742,7026,5568,4290,5769,4191
AT4G17210,0,10,0,8,40,19
AT4G17215,4071,4290,3630,7210,9514,3928
AT4G17220,3344,2707,2206,621,829,359
AT4G17230,3639,3669,2750,6990,8488,5356
AT4G17240,684,567,482,292,339,208
AT4G17245,0,3,0,43,33,21
AT4G17250,8,26,14,29,60,24
AT4G17260,2567,2585,1786,1560,2053,1353
AT4G17270,9372,8114,6172,6974,8854,5646
AT4G17280,10091,11150,8748,17100,18258,8390
AT4G17300,2535,2580,1731,1998,2303,1451
AT4G17310,1240,1126,956,1044,1291,675
AT4G17330,10011,10029,6807,10500,12669,9599
AT4G17340,112477,103838,74249,70650,122300,56809
AT4G17350,793,965,621,712,884,567
AT4G17360,335,307,206,230,283,183
AT4G17370,835,762,618,1096,1309,805
AT4G17380,199,204,171,88,122,62
AT4G17390,64675,68312,46317,49734,55507,43788
AT4G17410,1814,1810,1242,2246,2638,1747
AT4G17420,3702,3223,2576,2302,2533,1792
AT4G17430,1107,1050,718,555,788,596
AT4G17440,135,133,132,234,166,92
AT4G17460,9264,8109,6440,3674,3834,2369
AT4G17470,174,129,162,80,153,57
AT4G17480,27,6,5,13,13,8
AT4G17483,363,388,245,405,534,176
AT4G17486,4358,3638,2704,3707,4799,3063
AT4G17490,946,940,547,1777,2191,1358
AT4G17500,1647,1805,1165,2530,3197,1730
AT4G17510,4607,4447,3371,5516,6662,3234
AT4G17520,29311,33195,22091,13911,18259,15130
AT4G17530,29718,26308,21586,28119,34986,16622
AT4G17540,688,623,330,536,574,501
AT4G17550,1017,1086,695,6423,7181,3326
AT4G17560,841,840,603,976,1288,595
AT4G17570,2178,2308,1491,1571,2251,1382
AT4G17580,0,0,0,82,56,18
AT4G17585,0,0,0,7,6,0
AT4G17600,59,122,70,53,68,56
AT4G17610,2121,2289,1258,1370,1416,1416
AT4G17615,2163,1896,1501,2313,3438,1894
AT4G17616,484,497,347,397,455,396
AT4G17620,3502,3486,2437,3877,5066,3067
AT4G17640,5762,5826,4394,6041,8134,5112
AT4G17650,3361,3031,1873,5034,6410,4227
AT4G17660,0,0,0,0,9,5
AT4G17670,285,259,185,222,247,140
AT4G17680,61,66,54,27,64,13
AT4G17695,13,15,10,12,12,9
AT4G17710,6,0,15,5,0,6
AT4G17720,5019,4806,3509,5069,5968,4108
AT4G17730,4461,3599,3084,3766,5349,3563
AT4G17740,696,753,549,735,862,534
AT4G17750,700,602,408,610,763,556
AT4G17760,228,223,163,82,110,67
AT4G17770,4452,4553,2758,1422,1965,1612
AT4G17785,368,355,365,1511,1735,881
AT4G17788,10,8,9,10,9,6
AT4G17790,5685,4849,4479,5451,7426,5433
AT4G17800,8390,8377,6546,5305,7023,3991
AT4G17830,3689,3900,2741,4186,4652,3031
AT4G17840,1682,1490,1180,7755,9195,5007
AT4G17860,38,21,35,9,6,3
AT4G17870,8067,8320,6440,2475,3204,1812
AT4G17880,1879,1787,1218,699,1107,584
AT4G17890,6800,5822,4272,5651,7225,5075
AT4G17895,1844,1611,1178,2183,2564,1699
AT4G17900,9487,9387,7946,9310,13860,5788
AT4G17905,93,89,74,76,64,72
AT4G17908,3,5,5,4,3,0
AT4G17910,2096,1901,1728,1489,2251,1498
AT4G17914,0,0,0,0,9,4
AT4G17915,146,170,105,114,151,77
AT4G17920,3,9,3,0,0,0
AT4G17940,3164,3415,1885,4792,6643,5166
AT4G17950,4607,4345,3068,5009,6178,4351
AT4G17960,878,774,606,677,873,624
AT4G17970,1143,911,779,882,1447,1027
AT4G17980,13,11,8,293,439,268
AT4G18010,1561,1524,1073,3202,3800,2151
AT4G18020,1816,1735,1086,2797,3517,2699
AT4G18030,17982,16818,11451,6695,9440,6709
AT4G18040,6566,6543,4863,5181,6580,3731
AT4G18050,331,333,162,467,542,547
AT4G18060,4903,4653,3801,3411,4508,2572
AT4G18070,9532,8761,6185,5507,8291,5559
AT4G18080,3,0,0,2,3,3
AT4G18100,65214,61790,49413,41754,55018,40748
AT4G18120,7002,6203,5334,5273,7679,4779
AT4G18130,1598,1487,915,1629,2116,1408
AT4G18140,1622,1419,1049,2136,2585,1348
AT4G18160,1430,1321,895,1803,2456,1704
AT4G18170,29,34,20,440,673,321
AT4G18180,0,3,0,0,11,0
AT4G18197,74,45,55,62,94,21
AT4G18205,131,88,87,77,155,72
AT4G18210,0,10,0,14,12,14
AT4G18215,7,3,6,5,6,3
AT4G18230,1875,1583,1402,2655,3218,1997
AT4G18240,2092,2053,1297,2137,2703,2115
AT4G18250,15,14,14,17,12,3
AT4G18260,751,630,594,433,534,297
AT4G18270,1124,1010,933,1270,1781,1338
AT4G18280,219,216,146,3618,4717,2443
AT4G18300,629,686,428,545,722,386
AT4G18335,24,29,14,15,12,25
AT4G18340,5270,5979,4757,2291,2384,1579
AT4G18350,153,127,50,188,161,140
AT4G18360,8308,8456,6616,9821,13264,7095
AT4G18370,372,359,319,561,690,424
AT4G18372,741,707,598,671,877,504
AT4G18375,213,202,134,102,138,58
AT4G18380,4032,3665,2709,2490,3113,2412
AT4G18390,9,3,0,6,5,7
AT4G18400,454,545,367,524,652,402
AT4G18422,12,19,13,161,121,53
AT4G18425,321,390,239,698,672,475
AT4G18430,2803,2760,1989,1294,2381,925
AT4G18440,3117,3145,1976,1305,1770,1333
AT4G18450,46,60,46,136,223,164
AT4G18460,804,764,599,562,678,386
AT4G18465,2159,1967,1471,2751,3417,2889
AT4G18470,374,360,238,537,799,505
AT4G18480,1539,1794,992,1362,1929,1244
AT4G18490,246,263,144,259,249,218
AT4G18501,139,150,131,40,58,40
AT4G18510,2349,2123,2027,337,353,223
AT4G18520,360,328,196,181,215,232
AT4G18530,784,768,660,1220,1198,471
AT4G18550,634,680,507,744,1075,615
AT4G18570,1045,1170,728,258,234,299
AT4G18580,1645,1530,1179,1765,2389,1156
AT4G18590,1966,1795,1321,1553,1929,1072
AT4G18593,1031,1113,855,1005,1197,625
AT4G18596,44,46,90,127,87,33
AT4G18600,2005,1743,1270,1357,1635,1257
AT4G18610,1483,1563,1032,908,1494,557
AT4G18620,0,0,0,12,8,0
AT4G18630,514,434,327,343,664,440
AT4G18640,5312,5807,4014,2758,4115,2489
AT4G18650,23,18,17,644,862,453
AT4G18670,2848,3433,2415,809,1651,1530
AT4G18700,3799,3810,2591,9039,12195,8078
AT4G18710,21915,21028,15612,21300,28703,17416
AT4G18730,33918,31100,24215,26185,30471,20668
AT4G18740,30,52,49,21,26,10
AT4G18750,129,118,60,44,69,36
AT4G18760,3350,2855,2422,642,901,645
AT4G18770,3,2,3,6,4,1
AT4G18780,5245,5196,3206,6156,7507,5325
AT4G18800,2992,2896,2253,1603,2120,1287
AT4G18810,63,50,27,196,382,198
AT4G18820,2685,2610,1782,1744,2554,2224
AT4G18830,0,1,2,2,3,5
AT4G18840,200,187,105,101,164,82
AT4G18870,3,10,0,0,3,0
AT4G18880,893,778,694,1293,1833,901
AT4G18890,1128,930,724,1390,1548,1364
AT4G18905,3998,3989,2546,3021,3557,2987
AT4G18910,456,555,339,349,539,315
AT4G18930,7905,7331,5731,2955,4285,1974
AT4G18940,463,349,232,47,82,28
AT4G18950,7130,5964,4027,4869,6435,4281
AT4G18970,27,17,15,13,28,11
AT4G18975,551,508,394,529,690,393
AT4G18980,24,8,5,20,26,19
AT4G18990,9,3,0,34,36,29
AT4G19003,2666,2569,2237,2876,3545,1921
AT4G19006,8654,8204,5904,5602,8089,4618
AT4G19010,1163,1134,834,1437,1214,918
AT4G19020,2744,2543,1756,1347,1634,1526
AT4G19030,26622,20432,17464,4659,6767,4792
AT4G19040,3671,3800,2834,3020,4126,2720
AT4G19045,2356,2331,2116,1785,2429,1272
AT4G19050,37,19,19,24,19,16
AT4G19060,832,809,601,877,1221,702
AT4G19070,686,662,438,403,647,531
AT4G19080,22,17,16,41,42,18
AT4G19090,225,213,204,268,315,242
AT4G19095,16,0,4,15,13,0
AT4G19100,109,165,85,143,200,75
AT4G19110,36092,34519,26391,35482,44612,24361
AT4G19120,8992,9165,5606,5059,7669,5317
AT4G19130,455,546,344,504,489,461
AT4G19140,1652,1337,1127,2014,2790,1510
AT4G19150,2386,2343,1560,2801,2728,2221
AT4G19160,10318,9598,10106,11778,16823,7843
AT4G19170,15,17,14,25,34,13
AT4G19180,3452,3200,2326,3592,4224,3188
AT4G19185,3996,3827,2792,2939,4000,2521
AT4G19190,1750,1591,1042,1785,2443,1861
AT4G19191,125,134,73,177,140,146
AT4G19200,9572,7840,7403,20523,29616,14555
AT4G19210,15585,15020,10277,18087,21347,16274
AT4G19220,101,95,68,64,67,77
AT4G19230,3806,3399,2161,15259,22236,12298
AT4G19350,1521,1396,1288,1533,2004,898
AT4G19370,50,28,39,16,28,8
AT4G19390,126,135,105,249,379,129
AT4G19395,15,15,12,16,29,29
AT4G19400,100,118,85,538,304,167
AT4G19410,45314,39896,32464,61290,73512,46247
AT4G19420,2420,2315,1915,1969,2823,1187
AT4G19440,1382,1297,919,802,1010,709
AT4G19450,2061,2185,1705,2915,4090,2677
AT4G19460,314,298,190,464,536,585
AT4G19490,10012,9350,6103,6763,8603,7118
AT4G19500,1407,1330,867,1242,1419,1068
AT4G19510,1147,960,843,1268,1737,1036
AT4G19520,492,430,265,32,45,35
AT4G19530,31,22,11,8,10,13
AT4G19540,1091,990,794,1088,1284,927
AT4G19550,443,361,297,439,496,290
AT4G19560,112,95,54,151,157,102
AT4G19590,173,113,102,43,45,33
AT4G19600,2690,2662,2058,2905,3719,2840
AT4G19610,2258,1957,1337,2071,2311,1948
AT4G19630,23,29,20,3,12,3
AT4G19640,11299,10585,8594,15457,21662,9768
AT4G19645,44,49,54,136,88,72
AT4G19650,537,514,323,279,352,248
AT4G19660,2585,2475,1790,1168,1661,1137
AT4G19670,4636,4504,3388,3406,4775,2711
AT4G19680,2176,1981,1829,194,367,248
AT4G19690,1061,734,1205,265,282,89
AT4G19700,1226,1184,949,1708,2264,1416
AT4G19710,5147,5169,3168,4096,4702,4050
AT4G19720,1027,928,844,3906,4546,2616
AT4G19770,0,15,0,0,0,0
AT4G19810,72,112,65,118,286,175
AT4G19830,225,194,119,328,369,191
AT4G19840,1210,1378,861,509,619,322
AT4G19850,12,7,1,13,12,4
AT4G19860,13236,12607,9349,14448,20252,9303
AT4G19865,330,283,240,136,226,165
AT4G19870,483,361,265,481,620,496
AT4G19880,56870,53459,38565,42816,60295,30918
AT4G19890,359,348,279,155,201,232
AT4G19900,1984,1746,1261,1298,1688,1272
AT4G19902,3,3,3,4,6,1
AT4G19920,99,72,73,50,60,52
AT4G19950,191,161,127,153,257,102
AT4G19960,690,653,398,974,1607,1057
AT4G19975,752,937,536,217,371,193
AT4G19980,257,221,231,111,90,86
AT4G19985,356,351,289,171,233,156
AT4G19990,1783,1649,1376,1269,1754,1084
AT4G20000,438,527,331,309,525,333
AT4G20010,1171,1223,885,1126,1594,875
AT4G20020,4050,4026,2799,2560,2914,2357
AT4G20030,311,249,241,405,539,278
AT4G20040,373,391,307,226,307,230
AT4G20050,77,80,54,143,110,134
AT4G20060,488,454,315,434,539,337
AT4G20070,2522,2419,2065,3591,3902,2632
AT4G20090,416,466,234,282,268,223
AT4G20095,10,7,0,6,6,0
AT4G20110,7616,7586,4792,3909,7439,3356
AT4G20130,776,719,498,645,906,514
AT4G20140,7530,7892,4831,4173,7604,5385
AT4G20150,31622,31471,24912,27519,36964,17868
AT4G20160,57,82,74,11,12,14
AT4G20170,2559,2372,2000,2660,3297,1760
AT4G20190,345,378,217,15,73,48
AT4G20210,1218,931,786,101,206,174
AT4G20230,323,344,236,55,111,52
AT4G20235,204,162,132,84,109,65
AT4G20240,3249,4076,2486,342,279,243
AT4G20260,32086,31420,22712,14094,20320,9278
AT4G20270,4843,4785,3410,3345,4164,2929
AT4G20280,1878,1767,1410,2508,2674,1691
AT4G20300,7482,6972,5527,5902,8410,4727
AT4G20310,723,611,520,452,608,354
AT4G20320,4163,4540,3444,3608,5311,3732
AT4G20325,906,807,652,517,560,317
AT4G20330,3783,3640,2539,5149,6736,3667
AT4G20340,1675,1752,1239,2148,2447,1590
AT4G20350,1029,921,760,1090,1433,685
AT4G20360,4727,5113,3022,4999,6735,4568
AT4G20362,3653,2890,2942,753,1128,619
AT4G20380,3512,3105,2652,5286,6972,3918
AT4G20390,847,655,796,320,305,109
AT4G20400,5165,5025,3162,3949,4988,3570
AT4G20410,5629,4730,3735,4380,5895,2518
AT4G20420,2,4,5,3,1,2
AT4G20430,2558,2135,1904,739,1157,941
AT4G20440,9118,9470,7422,6884,8168,5534
AT4G20450,173,164,135,11,12,15
AT4G20460,7100,6697,4178,2191,3603,1786
AT4G20470,6,5,2,2,5,3
AT4G20480,5436,5374,4541,4642,5854,3320
AT4G20500,23,25,11,20,35,12
AT4G20690,76,102,74,81,90,78
AT4G20715,3,0,3,0,5,0
AT4G20720,2164,2127,1602,2186,2588,1905
AT4G20725,3,2,2,3,4,1
AT4G20730,767,745,416,726,989,714
AT4G20735,23,3,0,0,0,5
AT4G20740,504,628,358,352,349,322
AT4G20760,969,905,682,596,830,498
AT4G20770,54,75,9,11,22,24
AT4G20780,3371,3203,2071,959,1709,929
AT4G20820,648,606,426,309,584,219
AT4G20830,24600,23586,13458,43151,58830,45016
AT4G20835,231,292,140,368,568,490
AT4G20840,3167,3403,2020,791,1311,801
AT4G20850,26734,25605,17232,24453,31801,25178
AT4G20860,6243,6485,3211,7458,12463,6283
AT4G20870,9230,8172,7544,5875,7395,4106
AT4G20880,949,1005,757,1132,1936,1019
AT4G20890,18822,16996,11691,9289,12510,9768
AT4G20910,1049,1001,699,879,948,746
AT4G20920,128,77,87,58,57,64
AT4G20930,481,421,344,1510,1755,1026
AT4G20935,27,34,5,0,5,9
AT4G20940,1381,1399,804,476,544,550
AT4G20960,1328,1146,821,1407,1765,1441
AT4G20970,8,0,0,96,116,88
AT4G20980,9394,9275,5564,7261,8338,6993
AT4G20990,9,18,0,18,32,10
AT4G21020,0,0,0,91,86,28
AT4G21060,1400,1320,938,1047,1513,829
AT4G21063,22,27,25,24,34,18
AT4G21065,216,198,131,115,101,78
AT4G21070,718,648,440,406,388,334
AT4G21090,1339,1253,1044,1742,2118,950
AT4G21100,3261,3122,1951,2908,3175,2574
AT4G21105,36344,34820,29091,28742,39560,18960
AT4G21110,4976,4751,3906,7009,8668,4334
AT4G21120,316,226,169,778,1290,866
AT4G21140,1625,1659,1078,998,1184,756
AT4G21150,24498,21892,16391,14279,19281,14167
AT4G21160,5316,4906,3399,4339,5727,2561
AT4G21170,327,262,143,147,238,145
AT4G21180,2460,2338,1749,1679,2095,1457
AT4G21190,207,248,177,249,277,173
AT4G21192,1002,989,835,1207,1342,541
AT4G21200,248,190,210,61,154,89
AT4G21210,33,49,57,58,70,37
AT4G21215,1821,1684,1356,1955,2658,1106
AT4G21220,547,583,382,371,448,294
AT4G21230,1688,1520,1195,597,1189,692
AT4G21250,17,31,23,0,7,14
AT4G21270,1316,1422,974,461,345,239
AT4G21280,339,564,281,164,342,121
AT4G21300,299,300,177,191,289,291
AT4G21310,485,560,430,366,306,127
AT4G21320,254,263,186,938,919,455
AT4G21323,65,76,27,127,165,86
AT4G21326,104,84,56,68,108,50
AT4G21340,3189,2980,2672,2695,5173,2339
AT4G21350,1199,1072,895,864,1353,845
AT4G21380,11,10,11,0,0,0
AT4G21390,2202,2306,1759,1962,2555,1740
AT4G21400,2073,1521,1537,1247,1959,937
AT4G21410,8900,7629,7659,2567,3872,2526
AT4G21420,76,59,47,114,140,92
AT4G21430,1368,1141,811,1578,1750,1455
AT4G21440,6,0,5,167,197,104
AT4G21450,6437,5586,4181,6322,9062,5857
AT4G21460,2296,2248,1569,1730,2154,1638
AT4G21470,3186,3073,2225,4758,5506,3061
AT4G21480,145,145,119,270,308,301
AT4G21490,49,37,10,50,68,32
AT4G21500,207,216,147,250,296,226
AT4G21510,475,403,309,853,905,501
AT4G21520,960,962,744,696,791,616
AT4G21530,1446,1389,994,1395,1456,1207
AT4G21534,1509,1696,1021,1662,2307,1139
AT4G21540,3236,2937,2265,3603,4644,2908
AT4G21550,192,215,164,195,259,182
AT4G21560,3058,2657,2115,4643,5597,3538
AT4G21570,10615,9828,7607,19884,26042,14578
AT4G21580,7418,7981,5029,11551,15523,8500
AT4G21585,711,600,497,378,522,317
AT4G21590,271,211,160,102,140,79
AT4G21600,6450,5873,4600,2740,3783,2255
AT4G21610,1144,1023,683,1016,1186,688
AT4G21620,12,15,10,54,38,30
AT4G21650,0,6,3,55,32,34
AT4G21660,11039,9972,7911,13178,16875,10081
AT4G21670,2785,2812,1741,1780,2143,1752
AT4G21680,245,240,166,1217,1298,928
AT4G21700,1543,1248,947,1003,1294,1170
AT4G21705,691,581,387,530,732,487
AT4G21710,7740,6924,4349,8849,9714,8864
AT4G21720,1532,1618,1236,821,1308,722
AT4G21730,62,74,67,65,55,52
AT4G21740,1117,1125,952,773,1085,524
AT4G21745,209,217,107,34,45,27
AT4G21750,23,10,8,0,0,5
AT4G21760,26,72,36,9,0,0
AT4G21770,1620,1548,1035,992,1341,1224
AT4G21780,29,60,38,5,23,3
AT4G21790,11057,9985,7986,8244,12650,7665
AT4G21800,2215,2131,1565,1528,1843,1206
AT4G21810,6566,6142,5126,5174,7191,3737
AT4G21820,599,776,386,167,137,99
AT4G21830,15804,13143,12261,991,1250,650
AT4G21840,2977,2649,2320,153,253,110
AT4G21850,52829,43821,35671,1813,1760,1023
AT4G21860,3409,3188,2547,2715,3299,2051
AT4G21865,356,362,277,183,238,154
AT4G21870,340,258,494,34,41,19
AT4G21880,579,641,373,291,337,259
AT4G21890,519,469,351,234,318,310
AT4G21900,1852,1741,1059,1547,1646,1282
AT4G21902,62,64,44,31,80,41
AT4G21903,187,137,169,11,12,7
AT4G21910,5107,5018,4320,1792,2430,1694
AT4G21920,8,8,7,5,45,13
AT4G21926,5,0,0,0,3,6
AT4G21940,4,8,3,36,0,14
AT4G21960,84410,83111,64171,37311,48128,33680
AT4G21980,9475,8551,7441,10975,17046,6448
AT4G21990,11037,10283,7738,56894,68406,46481
AT4G22000,3744,3669,2905,2252,3105,1804
AT4G22010,19855,18921,12059,7632,10631,9717
AT4G22060,0,0,0,5,5,1
AT4G22070,2732,2736,2025,2241,4608,2021
AT4G22080,2251,2263,1805,338,806,458
AT4G22090,20,12,5,0,11,0
AT4G22105,3,5,5,0,0,0
AT4G22110,1400,1150,1059,57,96,51
AT4G22120,7060,7490,5109,5331,6742,4145
AT4G22130,7719,6893,4929,3264,4872,3175
AT4G22140,3708,3322,2431,2824,3373,2270
AT4G22150,5754,5703,4222,4698,6192,3488
AT4G22160,1148,1286,858,661,937,496
AT4G22190,1739,1662,1231,1500,1963,1240
AT4G22200,14,3,9,3,5,3
AT4G22212,17877,14549,13351,5070,5031,2549
AT4G22214,5594,4002,4847,1410,1693,906
AT4G22217,993,1131,781,220,279,108
AT4G22220,9068,8395,6108,13231,16655,9536
AT4G22230,1702,1281,1290,201,335,190
AT4G22233,151,123,146,34,62,68
AT4G22235,1669,1440,1192,476,574,423
AT4G22240,5812,5501,3739,10583,13171,8200
AT4G22250,947,901,684,695,897,798
AT4G22260,1989,1953,1499,2515,3185,2066
AT4G22265,0,0,0,0,17,0
AT4G22270,1135,1163,867,1706,2251,994
AT4G22280,217,195,148,289,262,209
AT4G22285,3189,3347,2011,3174,3701,2960
AT4G22290,1533,1552,926,840,885,724
AT4G22300,3795,3463,2571,2444,3060,2187
AT4G22305,925,856,699,482,662,505
AT4G22310,20104,19214,14369,12093,16308,8639
AT4G22320,2024,1882,1333,946,1271,1077
AT4G22330,9758,8965,6243,8226,10722,8075
AT4G22340,1950,1677,1390,1605,1996,1118
AT4G22350,1168,1226,937,1311,1426,942
AT4G22360,2132,1801,1459,2412,2887,1849
AT4G22370,51,29,34,27,39,44
AT4G22380,2405,2461,1937,1576,1658,974
AT4G22390,0,4,0,3,3,3
AT4G22410,363,368,283,380,342,373
AT4G22460,7314,7011,5840,775,1323,685
AT4G22463,83,75,88,11,19,3
AT4G22467,0,2,0,8,23,0
AT4G22470,26,43,8,239,564,371
AT4G22485,15,25,17,0,23,7
AT4G22530,6031,5638,3929,11695,15213,8135
AT4G22540,4790,4742,3422,2210,3218,2582
AT4G22545,30,22,22,32,38,23
AT4G22550,1354,1318,1085,1054,1399,881
AT4G22560,12,5,21,3,18,8
AT4G22570,1648,1547,1223,1728,1859,1069
AT4G22580,1414,1529,957,561,854,596
AT4G22590,5708,5967,3555,2869,3886,2423
AT4G22600,4,11,3,0,0,0
AT4G22610,313,334,403,272,172,99
AT4G22620,85,61,50,133,101,69
AT4G22640,477,495,334,281,466,278
AT4G22660,18,12,8,0,0,3
AT4G22666,18390,17261,13890,526,932,374
AT4G22670,18498,18359,13978,12232,15223,10253
AT4G22680,60,57,51,76,107,44
AT4G22690,24,27,6,414,519,456
AT4G22710,28,16,9,589,664,646
AT4G22720,2385,2073,1557,2451,2838,2270
AT4G22730,127,102,68,23,62,32
AT4G22740,2393,2281,1993,3177,4026,2810
AT4G22745,496,528,419,1193,1519,695
AT4G22750,4654,4452,3445,4851,6603,3477
AT4G22756,2148,2061,1665,726,1039,713
AT4G22758,327,333,281,486,638,288
AT4G22760,274,250,235,203,283,217
AT4G22770,739,846,663,589,754,530
AT4G22780,639,623,603,1124,1392,590
AT4G22790,272,398,204,145,164,106
AT4G22810,4840,4400,3097,1786,2646,2128
AT4G22820,7786,6995,5548,11996,15692,7864
AT4G22830,110,85,57,75,51,71
AT4G22840,1438,1280,999,865,1107,649
AT4G22850,1562,1422,1110,1985,2393,1687
AT4G22860,554,699,593,293,308,292
AT4G22890,987,1069,840,1430,1511,928
AT4G22900,498,425,340,175,317,254
AT4G22910,4090,3966,2477,1434,2125,1857
AT4G22920,314,230,135,489,527,366
AT4G22930,10337,9991,7007,8010,10399,7026
AT4G22940,45,50,29,63,45,51
AT4G22950,6,0,7,21,29,23
AT4G22960,32,55,25,76,68,58
AT4G22970,1280,1439,762,656,758,666
AT4G22980,79,136,49,380,471,315
AT4G22990,181,133,133,310,387,324
AT4G23000,319,303,242,200,274,239
AT4G23010,7766,7753,5737,2912,4574,3030
AT4G23015,37,36,57,30,19,11
AT4G23020,85,91,58,40,30,49
AT4G23030,5,8,3,7,8,8
AT4G23040,1562,1574,1025,1985,2153,1391
AT4G23050,5650,5368,3959,13967,16222,9090
AT4G23060,526,450,358,1209,1166,959
AT4G23070,762,564,441,12,20,16
AT4G23100,51402,46329,35025,33316,39534,25365
AT4G23160,0,3,9,0,0,3
AT4G23180,229,245,182,329,604,316
AT4G23190,1057,1206,762,2621,4188,2392
AT4G23205,23,23,18,5,11,17
AT4G23250,7,4,0,114,140,108
AT4G23260,5,0,0,6,15,5
AT4G23270,6828,5989,4834,3910,6541,3498
AT4G23280,0,9,8,9,7,4
AT4G23310,0,0,6,1,8,0
AT4G23330,1315,1274,1097,1152,1636,964
AT4G23340,8,5,2,9,8,3
AT4G23400,31470,30297,23012,7897,12870,5790
AT4G23410,981,888,638,598,787,469
AT4G23420,2963,2632,2310,1251,1855,1146
AT4G23430,8448,8519,7062,5028,7388,4020
AT4G23440,2679,2568,1723,1399,2021,1784
AT4G23450,601,471,360,2549,2901,1125
AT4G23460,8727,7690,6168,5718,7479,4885
AT4G23470,23752,20578,17456,13233,19207,10621
AT4G23490,2032,1853,1444,581,824,549
AT4G23493,163,182,151,284,333,125
AT4G23496,243,376,136,134,187,109
AT4G23500,3381,3609,2360,1758,2311,1119
AT4G23510,1176,866,753,430,829,580
AT4G23515,94,76,61,24,38,40
AT4G23530,1595,1600,1228,1369,1771,1323
AT4G23540,2252,2286,1416,1316,1667,1466
AT4G23550,1073,834,697,1247,2087,1144
AT4G23570,1529,1330,1221,872,1103,710
AT4G23590,1756,1355,1212,2036,2408,2484
AT4G23600,0,0,0,0,15,0
AT4G23610,1,1,1,9,3,7
AT4G23620,4230,4245,2877,2110,2319,1789
AT4G23630,34416,32223,25427,64075,81653,41446
AT4G23640,7214,7092,5210,6116,8895,5940
AT4G23650,25822,24286,16557,21750,27302,20154
AT4G23660,1279,1002,756,1576,1954,1353
AT4G23670,27297,26239,29064,15643,31411,11824
AT4G23680,569,386,369,494,766,519
AT4G23690,18747,17846,14193,8404,13508,8040
AT4G23700,3144,2806,1413,3631,7263,3361
AT4G23710,14985,14115,11629,8453,12939,5205
AT4G23713,3,3,3,0,1,1
AT4G23730,2174,2200,1502,1404,2199,1231
AT4G23740,3651,3965,2204,1892,2198,1672
AT4G23750,1926,1934,1198,1794,1773,1540
AT4G23760,1572,1427,1385,1460,1859,1271
AT4G23770,49,61,42,21,19,11
AT4G23790,2747,2741,2322,1188,1586,1112
AT4G23800,6471,6770,4993,1220,1524,911
AT4G23810,460,390,299,1187,1589,1160
AT4G23820,1620,1457,1139,1283,1612,1195
AT4G23840,1244,1103,935,2202,2657,2068
AT4G23850,31404,30494,20576,24680,33489,22298
AT4G23860,2774,2761,1907,2038,2547,1704
AT4G23870,1786,1766,1179,334,564,247
AT4G23880,78,83,88,647,634,250
AT4G23885,7344,6760,5824,5629,7346,3525
AT4G23890,350,354,239,382,652,262
AT4G23895,2486,2136,1716,1814,2328,1265
AT4G23900,839,898,649,711,932,461
AT4G23910,2144,1833,1506,2419,2782,1535
AT4G23920,622,768,594,1874,2022,1043
AT4G23930,263,289,249,179,220,99
AT4G23940,2139,2096,1453,1540,1721,1403
AT4G23950,424,419,306,301,290,227
AT4G23960,17,13,10,16,0,19
AT4G23980,2994,3140,2528,1727,2009,1443
AT4G24000,0,0,0,250,233,75
AT4G24015,991,1160,1222,313,414,202
AT4G24020,6693,5980,4649,4743,6654,4406
AT4G24026,1122,1088,1018,930,1384,730
AT4G24030,13,9,10,17,17,11
AT4G24040,141,84,56,1051,1323,821
AT4G24050,1500,1273,980,1166,1543,812
AT4G24060,4272,4036,3353,2323,3403,1948
AT4G24080,496,474,361,294,329,272
AT4G24090,211,234,111,115,167,99
AT4G24100,5155,4947,3570,3209,4233,2901
AT4G24110,191,188,148,420,559,342
AT4G24120,117,94,84,37,41,11
AT4G24130,3310,3628,2748,15493,15163,5981
AT4G24140,208,206,217,248,183,146
AT4G24150,3,4,0,0,6,0
AT4G24160,21423,19969,12929,15087,17454,9478
AT4G24170,88,71,54,13,37,9
AT4G24175,326,402,280,230,215,195
AT4G24180,830,655,657,239,328,177
AT4G24190,53063,49462,33497,15804,20442,17073
AT4G24200,2918,2542,1998,2793,3542,2625
AT4G24204,8,17,10,41,40,23
AT4G24210,2379,2342,1953,1987,2614,1741
AT4G24220,34700,32280,24530,26865,37788,22217
AT4G24230,1633,1439,1256,2751,3025,1344
AT4G24240,2031,2036,1565,1992,2732,1701
AT4G24250,384,447,282,331,387,211
AT4G24260,3,6,5,5,16,13
AT4G24265,75,113,75,28,40,24
AT4G24270,2125,2096,1310,1265,1416,1065
AT4G24275,2381,2155,1719,872,1542,873
AT4G24280,11360,12103,7424,9528,11825,9194
AT4G24290,8788,8209,6123,6823,9255,6636
AT4G24310,2852,2536,1828,831,1518,769
AT4G24320,190,213,141,138,200,182
AT4G24330,19262,18032,13920,11284,15894,12099
AT4G24340,2288,1876,1890,607,887,476
AT4G24350,14,9,34,11,10,12
AT4G24370,736,668,550,861,972,615
AT4G24380,757,807,554,3801,4118,2148
AT4G24390,1944,2007,1245,1720,2133,1894
AT4G24400,7366,7496,5124,10601,12592,7851
AT4G24410,3,0,0,17,0,0
AT4G24413,20,14,10,67,83,47
AT4G24415,395,271,203,1618,1830,955
AT4G24420,13,18,3,62,108,44
AT4G24430,60,54,35,172,107,129
AT4G24440,3301,3233,2427,3451,4337,2622
AT4G24450,173,232,153,171,161,77
AT4G24460,1000,906,683,713,937,575
AT4G24470,2468,2352,1612,3120,3755,2884
AT4G24480,1364,1166,912,4190,5541,3388
AT4G24490,4213,3589,2456,2640,3164,2470
AT4G24500,1221,1121,787,1299,1660,1408
AT4G24510,0,0,3,6,8,0
AT4G24520,22128,19605,14786,15833,22466,18139
AT4G24530,1469,1275,897,1071,1265,926
AT4G24550,10956,9774,7353,9911,12120,6961
AT4G24560,3651,3457,2435,3302,3857,2954
AT4G24570,284,230,209,1529,1749,988
AT4G24580,2717,2866,1968,983,1571,1224
AT4G24590,2565,2133,1823,4562,5419,2431
AT4G24600,0,4,0,7,6,0
AT4G24610,2262,2105,1471,1406,1543,1439
AT4G24620,24325,23573,14524,13152,16503,12538
AT4G24630,1173,1174,997,1319,1842,1301
AT4G24670,496,610,363,66,103,62
AT4G24680,5888,5940,4046,5523,7380,5762
AT4G24690,27813,28363,19389,31048,43273,25856
AT4G24700,8,3,3,5,11,0
AT4G24710,736,712,477,366,466,444
AT4G24715,0,0,0,0,8,3
AT4G24730,1069,947,779,1325,1536,950
AT4G24740,5420,5372,4176,5818,7482,3783
AT4G24750,2003,1820,1490,1812,1927,1274
AT4G24760,4830,4352,3283,3306,4595,3070
AT4G24770,3514,3706,2379,2899,3339,2258
AT4G24780,9669,8914,6762,4445,5757,5252
AT4G24790,1472,1337,1085,1584,1944,1561
AT4G24800,9064,7874,5426,12622,14833,12021
AT4G24805,3633,3435,2544,1842,2433,1846
AT4G24810,396,395,244,299,466,247
AT4G24820,31475,29287,20302,23367,30866,20067
AT4G24830,10830,11282,6898,6097,7074,5275
AT4G24840,7362,6781,4595,5681,6915,5996
AT4G24860,69,88,52,57,44,59
AT4G24880,1472,1386,962,1458,1676,1087
AT4G24890,168,113,141,311,239,245
AT4G24900,987,942,861,746,1028,613
AT4G24910,115,85,62,87,143,103
AT4G24920,17985,16562,15710,11472,14988,7457
AT4G24930,80,115,71,116,145,120
AT4G24940,2484,2308,1775,1862,2363,1558
AT4G24960,4880,4630,3516,59752,63598,32517
AT4G24970,543,512,324,628,671,404
AT4G24972,15,33,35,43,72,50
AT4G24990,6398,6144,4833,7033,8936,4887
AT4G25000,88,91,105,90,96,33
AT4G25010,202,305,284,625,652,332
AT4G25020,18,14,15,17,14,7
AT4G25030,17999,17823,13000,19072,24310,13444
AT4G25050,301,336,222,348,544,269
AT4G25070,3161,3212,2468,1404,2116,1252
AT4G25080,1290,1246,934,713,918,831
AT4G25090,2895,2804,1893,443,883,481
AT4G25100,4517,5870,4585,3703,2832,1919
AT4G25110,827,893,569,16,78,39
AT4G25120,1138,1134,802,1006,1128,952
AT4G25130,6733,7534,4995,7356,9176,5199
AT4G25150,257,208,151,226,309,192
AT4G25160,909,939,630,260,479,338
AT4G25170,2239,1787,1665,3236,4416,2240
AT4G25180,674,719,549,928,1248,818
AT4G25190,716,763,475,77,286,209
AT4G25200,0,7,3,6,14,6
AT4G25210,5415,5099,3620,4484,5703,3328
AT4G25220,1734,1509,1625,160,403,226
AT4G25225,293,317,240,377,493,246
AT4G25230,10357,9806,7198,15191,19917,13406
AT4G25240,1759,1826,1165,480,562,506
AT4G25250,5309,5130,3746,1279,2361,1657
AT4G25260,4567,4055,3084,1961,3346,1704
AT4G25270,174,200,78,149,156,176
AT4G25280,1724,1508,1146,1660,2167,1201
AT4G25290,653,609,347,541,788,596
AT4G25300,168,175,102,106,177,144
AT4G25310,803,920,605,611,709,417
AT4G25315,1008,1063,620,972,1270,800
AT4G25320,4308,4119,2964,2361,3106,2747
AT4G25340,9576,10565,7069,4662,4912,3906
AT4G25350,759,536,376,366,705,551
AT4G25360,4767,4625,3299,3603,5255,3678
AT4G25370,4606,4294,3311,4437,5531,3394
AT4G25380,37,40,31,220,169,80
AT4G25390,1533,1223,827,3675,4357,2418
AT4G25400,3375,3013,2780,2715,3030,1352
AT4G25410,1301,1033,1225,1290,1408,718
AT4G25420,76,138,77,50,47,45
AT4G25430,15,14,27,0,0,7
AT4G25433,32,21,23,480,641,237
AT4G25434,869,759,487,921,865,402
AT4G25440,1704,1479,1105,1999,2323,1740
AT4G25450,1900,1818,1217,1711,2397,1743
AT4G25470,0,7,3,100,68,18
AT4G25480,25,43,23,308,161,63
AT4G25490,0,0,0,161,115,35
AT4G25500,7528,6690,5897,7649,9386,5661
AT4G25515,1313,1524,1160,1062,1496,1164
AT4G25520,3968,3616,3052,4428,5665,3865
AT4G25530,6,0,0,0,5,5
AT4G25540,480,487,246,129,175,158
AT4G25550,6320,5817,4350,6114,7609,5500
AT4G25560,881,838,710,204,427,191
AT4G25570,32705,30760,25530,25791,39542,20151
AT4G25580,8,0,0,13,9,0
AT4G25600,565,612,442,320,407,277
AT4G25610,2250,1996,1519,1958,2258,1708
AT4G25620,1335,1271,979,1476,1914,1157
AT4G25630,27889,31067,20329,12240,13705,11615
AT4G25631,51,40,35,18,27,17
AT4G25640,11648,12687,6865,11594,16399,10456
AT4G25650,2307,2233,1442,2392,2717,1577
AT4G25660,3901,3917,3139,3718,4649,2178
AT4G25670,4205,3895,2800,10621,11311,6648
AT4G25680,5116,5279,4200,8566,9825,5455
AT4G25690,4839,4377,3443,12248,14158,7002
AT4G25700,831,775,507,6283,7494,3344
AT4G25707,393,338,355,510,579,359
AT4G25710,3570,3413,2520,1411,2071,1668
AT4G25719,27,27,29,10,17,14
AT4G25720,3629,3290,2272,1875,2512,1943
AT4G25730,9041,9343,6497,5801,7135,6014
AT4G25740,20613,20262,14808,13322,15315,10086
AT4G25760,557,666,483,146,197,106
AT4G25770,1924,1892,1271,1401,1684,1022
AT4G25780,47,60,49,10,9,4
AT4G25790,1820,2360,1846,79,189,150
AT4G25800,270,282,180,246,273,192
AT4G25810,715,597,426,4248,4398,2632
AT4G25820,11794,12098,9189,3039,7091,4901
AT4G25830,1582,1296,1142,810,1323,625
AT4G25835,1304,1224,841,537,864,594
AT4G25840,4482,4235,3442,3168,4234,2349
AT4G25845,73,85,42,67,112,58
AT4G25850,3,0,0,0,8,0
AT4G25870,4811,4289,3154,1338,1827,1507
AT4G25880,4435,4149,2972,2758,3581,2610
AT4G25885,11,2,0,0,0,0
AT4G25890,10457,10234,7514,5361,7184,4044
AT4G25900,9830,9518,6776,6501,9993,5297
AT4G25910,245,208,167,224,283,208
AT4G25940,791,768,927,324,683,204
AT4G25960,6,8,3,83,33,44
AT4G25970,6486,5950,4530,4488,5816,4424
AT4G25980,101,83,88,68,109,60
AT4G25990,0,0,0,7,18,3
AT4G26000,4042,4002,2834,5809,6968,4537
AT4G26010,12828,13536,8102,1158,2586,1683
AT4G26020,25,19,22,17,24,20
AT4G26050,76,92,44,39,52,13
AT4G26055,221,220,171,111,206,109
AT4G26060,3698,3450,2892,2974,4157,2332
AT4G26070,613,525,464,180,245,121
AT4G26080,6969,6671,4287,38014,47697,29438
AT4G26090,389,342,268,1388,2138,1413
AT4G26095,711,587,486,521,666,559
AT4G26100,6232,5884,4414,6066,8031,5704
AT4G26110,13723,13014,9611,10168,12077,8100
AT4G26120,21,25,12,30,56,38
AT4G26130,4122,3808,2997,1164,2036,1467
AT4G26140,4415,4626,3340,3040,5946,3218
AT4G26145,4,4,3,3,4,2
AT4G26160,1161,959,907,1270,1556,670
AT4G26170,0,10,14,0,3,0
AT4G26180,1126,1190,852,1261,1556,943
AT4G26190,4532,4158,3061,4420,5096,3925
AT4G26200,684,579,395,1218,2200,1649
AT4G26210,5367,5711,4101,4822,6053,3770
AT4G26220,4363,4474,2894,3121,5328,2538
AT4G26230,18217,18189,13529,17277,20562,13164
AT4G26240,1841,1820,1564,2615,3149,1597
AT4G26260,124,56,75,11,22,10
AT4G26270,320,313,239,606,663,495
AT4G26288,38,42,40,49,95,35
AT4G26300,10316,9812,7238,9475,10728,8031
AT4G26310,2518,2321,1671,1707,2121,1366
AT4G26320,18969,19137,15623,1277,1826,691
AT4G26330,39,29,17,50,44,53
AT4G26370,300,288,235,186,202,92
AT4G26390,4,7,0,0,6,0
AT4G26400,2541,2317,1782,3753,5431,3468
AT4G26410,6436,5924,4279,5423,6527,4046
AT4G26430,1403,1508,987,1527,1310,918
AT4G26450,4358,4406,3040,3111,4067,3033
AT4G26455,3293,3057,2127,2235,3470,2695
AT4G26470,2437,2203,1642,1981,3147,1714
AT4G26480,7113,7160,5359,8297,11357,7463
AT4G26488,21,5,42,80,58,37
AT4G26490,34,62,25,140,148,111
AT4G26500,448,289,225,329,375,363
AT4G26510,4849,4887,3382,2235,3463,2147
AT4G26520,58,84,57,125,111,72
AT4G26540,7516,6876,4625,7846,9241,8470
AT4G26542,115,125,76,106,94,83
AT4G26550,2833,2452,1975,1667,2297,1306
AT4G26555,385,397,355,294,330,186
AT4G26560,25,28,28,22,58,13
AT4G26570,8855,8843,6790,6432,8629,4487
AT4G26580,876,810,531,887,993,825
AT4G26582,427,353,306,294,433,305
AT4G26590,31,24,18,34,31,22
AT4G26600,1894,1994,1278,717,619,473
AT4G26610,4235,3828,2675,3700,4610,3677
AT4G26620,3153,3128,2294,3486,3977,3278
AT4G26630,10153,9846,6596,6856,10398,6540
AT4G26640,2940,2776,1907,3108,3796,2558
AT4G26650,14860,14427,10156,11239,15180,12313
AT4G26660,1475,1400,979,305,370,181
AT4G26670,3131,2950,2504,3305,3811,2490
AT4G26680,104,88,54,32,50,47
AT4G26690,14916,14866,10355,5092,8340,5258
AT4G26700,933,909,539,1807,2000,1368
AT4G26710,12752,12247,9639,9383,13515,6293
AT4G26720,3579,3338,2447,3025,3876,3063
AT4G26740,0,0,0,11,0,0
AT4G26750,3274,3510,2518,5527,7163,3907
AT4G26760,5953,5414,3983,2868,3791,3499
AT4G26770,1322,1150,1041,655,1058,800
AT4G26780,2101,2054,1398,806,918,565
AT4G26790,121,215,111,344,211,209
AT4G26795,200,168,100,72,146,108
AT4G26800,160,195,87,87,71,56
AT4G26810,688,705,607,485,600,348
AT4G26820,8,6,15,0,0,0
AT4G26830,97,153,76,9,21,24
AT4G26840,8477,7659,6459,5602,7235,3966
AT4G26850,5228,5740,3019,7498,10318,6488
AT4G26860,1635,1432,1098,2252,3198,1569
AT4G26870,6739,6841,4647,7171,8304,6530
AT4G26880,126,172,77,431,428,584
AT4G26890,292,311,207,280,368,246
AT4G26900,7716,6962,4765,5768,6342,5230
AT4G26910,12153,12036,7895,8634,11933,8939
AT4G26930,8,7,0,8,14,0
AT4G26940,15086,14001,9823,11308,16080,10257
AT4G26950,18,9,27,3,3,6
AT4G26960,543,570,467,304,341,226
AT4G26965,1392,1446,1112,1412,1710,1023
AT4G26970,55658,56632,37898,37407,55633,34322
AT4G26980,803,866,516,999,1194,817
AT4G26990,2527,2326,1849,943,1362,749
AT4G27000,16656,15616,11369,15268,18186,12592
AT4G27010,2029,1993,1235,1062,1174,1014
AT4G27020,2852,2686,1871,8475,9655,5079
AT4G27030,513,681,348,751,1031,598
AT4G27040,4469,4253,3192,4339,5208,2751
AT4G27050,2390,2121,1744,1549,1975,1410
AT4G27060,3249,3070,2195,2937,3367,3049
AT4G27070,1907,1936,1232,1704,2056,1477
AT4G27080,10690,10067,7319,7063,10202,6112
AT4G27090,67497,64392,48211,51218,55355,40160
AT4G27100,2014,1891,1261,1101,1542,890
AT4G27120,3533,3241,3041,3373,4826,2602
AT4G27130,14065,12500,11149,18984,26095,15207
AT4G27170,12,14,25,3,0,0
AT4G27180,6845,6861,4771,2215,2922,2075
AT4G27220,1,2,4,1,3,0
AT4G27230,7035,6996,5132,4311,4757,2827
AT4G27240,223,197,172,190,185,134
AT4G27250,151,83,74,31,115,37
AT4G27260,2527,2439,1733,1717,2184,1465
AT4G27270,4456,4013,3354,1999,3187,1573
AT4G27280,1719,1619,1278,3237,4502,1922
AT4G27290,698,729,441,209,346,201
AT4G27300,21,23,19,10,11,0
AT4G27310,835,652,619,1764,2029,1024
AT4G27320,16214,15187,11721,15640,21875,13317
AT4G27340,491,509,294,251,233,218
AT4G27350,1475,1611,1047,2497,2542,1413
AT4G27370,887,813,688,487,660,372
AT4G27380,2280,2376,1871,2187,2441,1298
AT4G27390,382,339,275,403,533,305
AT4G27400,1733,1762,946,1185,1339,1251
AT4G27410,2371,2457,1688,27705,33485,14735
AT4G27430,8511,8465,5583,4087,5355,3964
AT4G27435,2039,2135,1406,1685,1821,1295
AT4G27440,175,230,131,73,121,79
AT4G27450,2121,1459,1466,5274,6772,3733
AT4G27460,243,265,274,187,322,195
AT4G27470,1619,1737,1432,1254,1996,987
AT4G27480,1607,1481,1062,492,724,418
AT4G27490,1851,1735,1194,1785,1979,1417
AT4G27500,32546,30647,21946,29475,41695,30147
AT4G27510,113,122,137,93,68,47
AT4G27520,699,893,564,10901,12208,7338
AT4G27530,4,11,3,68,50,30
AT4G27540,963,958,722,1777,2311,1104
AT4G27550,9,0,0,26,34,32
AT4G27560,338,582,302,1128,905,625
AT4G27570,32,37,32,42,30,24
AT4G27580,10,7,0,46,18,15
AT4G27585,5478,5866,4201,4565,5693,3578
AT4G27590,140,154,115,196,273,160
AT4G27595,1080,990,694,397,650,482
AT4G27600,1517,1480,1058,1519,2002,1354
AT4G27610,2037,1920,1533,2428,3156,2092
AT4G27620,847,866,610,734,824,529
AT4G27630,1279,1173,998,928,1240,792
AT4G27640,7955,7543,5178,5434,6013,4444
AT4G27650,2525,2333,1942,3006,3640,2033
AT4G27652,847,754,442,3058,3581,1478
AT4G27654,34,35,15,112,90,37
AT4G27657,16,20,11,104,172,67
AT4G27660,213,230,180,60,81,73
AT4G27680,3406,2971,2016,5726,5587,3745
AT4G27690,2824,2599,2074,2869,3559,2058
AT4G27700,255,261,218,412,550,282
AT4G27710,1433,1395,1178,881,1688,997
AT4G27720,5104,5115,3571,4096,5813,4194
AT4G27730,721,523,477,176,217,153
AT4G27740,1277,989,845,553,959,343
AT4G27745,2224,2251,1742,2188,3510,1408
AT4G27750,2314,2132,1690,2476,3137,2096
AT4G27760,4501,3839,3008,2596,3729,2582
AT4G27765,2,0,2,0,5,5
AT4G27780,2891,2978,2382,2488,3647,2217
AT4G27790,0,0,0,15,11,9
AT4G27800,964,923,721,1064,1206,826
AT4G27810,75,63,70,29,42,21
AT4G27820,56,48,33,277,294,88
AT4G27830,2515,2468,1874,11055,14432,6715
AT4G27840,1286,1184,801,748,1084,827
AT4G27845,0,6,0,16,22,0
AT4G27850,190,174,87,175,311,164
AT4G27852,120,120,147,229,301,143
AT4G27860,7320,7063,5563,2222,3666,2565
AT4G27870,12344,11126,7775,10052,14603,10065
AT4G27880,2394,2196,1928,3277,4243,2431
AT4G27900,962,878,764,1227,1359,908
AT4G27910,1879,1727,1183,1964,2103,1711
AT4G27940,1461,1597,1208,3372,3522,2715
AT4G27950,1980,1880,1475,3153,2914,2522
AT4G27960,18832,17418,14697,17291,23908,11329
AT4G27970,1338,1238,1216,440,561,340
AT4G27980,11,20,8,12,5,3
AT4G27990,524,499,369,372,453,303
AT4G28005,3,0,9,15,15,11
AT4G28010,643,589,363,466,475,437
AT4G28020,646,748,512,1616,1653,1254
AT4G28025,2214,2327,1895,4228,5342,2582
AT4G28030,1197,1039,902,1678,2609,1040
AT4G28040,5810,4542,4253,11187,17060,7727
AT4G28050,4461,4012,2885,2154,2870,2184
AT4G28060,16754,16831,13318,13287,17806,8074
AT4G28070,1153,1026,818,1475,1733,1397
AT4G28080,813,874,513,1527,1705,1523
AT4G28085,1060,892,794,761,1191,662
AT4G28088,160,155,115,15,38,7
AT4G28100,2480,2272,2041,1270,1875,1435
AT4G28110,52,56,56,3234,3019,1152
AT4G28140,22,11,21,189,146,111
AT4G28150,266,211,149,229,334,140
AT4G28162,300,290,154,179,200,73
AT4G28170,42,34,36,28,34,9
AT4G28180,452,492,430,283,320,249
AT4G28190,2338,2087,1640,1134,1205,1028
AT4G28200,4706,4516,2862,4541,4581,3832
AT4G28210,798,958,625,774,990,614
AT4G28220,2155,1925,1320,1593,1853,1621
AT4G28230,528,614,326,204,249,169
AT4G28240,3749,3636,3207,4659,6438,3587
AT4G28250,1217,1339,1019,601,665,610
AT4G28260,6300,5551,4457,5953,7224,4794
AT4G28270,689,604,542,275,413,203
AT4G28280,65,19,27,61,32,14
AT4G28290,698,588,518,1183,1494,636
AT4G28300,10832,10914,8429,16617,21882,12138
AT4G28310,1514,1450,1214,392,497,288
AT4G28320,644,569,436,517,596,536
AT4G28330,165,166,125,241,306,143
AT4G28340,5,7,6,0,3,0
AT4G28350,254,206,142,375,659,399
AT4G28360,6440,6628,4492,4409,5531,4486
AT4G28370,3295,3046,2139,2076,3075,1688
AT4G28380,18,25,40,69,57,26
AT4G28390,369,397,257,596,562,375
AT4G28400,879,844,643,749,955,490
AT4G28405,7,3,3,1,6,2
AT4G28410,2865,2656,1844,1743,2268,1422
AT4G28430,254,331,260,40,56,53
AT4G28440,9260,9055,6730,7300,8705,5214
AT4G28450,3991,4208,2947,2893,3301,2683
AT4G28460,29,19,19,26,53,5
AT4G28470,10065,10046,6593,6788,8459,6978
AT4G28480,6213,6094,4116,4281,5832,3545
AT4G28485,15,14,21,8,13,6
AT4G28490,132,114,102,208,285,166
AT4G28500,505,633,322,830,777,651
AT4G28510,3133,3474,2458,2786,2926,2840
AT4G28530,74,95,68,177,341,134
AT4G28540,9437,9284,6475,8437,10824,7509
AT4G28550,1474,1535,1149,930,1408,900
AT4G28556,13,0,0,4,0,0
AT4G28560,8,3,2,8,2,22
AT4G28570,3522,3431,2519,2954,4360,2890
AT4G28580,0,5,0,0,4,3
AT4G28590,320,242,216,314,354,224
AT4G28600,3175,3153,1947,3695,4240,3474
AT4G28610,4093,3963,3053,4904,6602,3718
AT4G28630,2187,1965,1399,613,1086,766
AT4G28640,1022,1018,725,1888,2092,1062
AT4G28650,8412,7481,5237,3926,5872,5277
AT4G28652,460,333,258,399,453,514
AT4G28660,271,376,119,355,397,256
AT4G28690,155,141,85,118,222,130
AT4G28700,15,8,2,16,26,10
AT4G28703,137,68,101,412,365,154
AT4G28706,2592,2397,2015,1733,2030,1390
AT4G28710,6516,6444,4777,3598,5713,4144
AT4G28720,1138,975,668,1099,1261,983
AT4G28730,899,1038,691,1579,1998,1032
AT4G28740,415,407,248,552,655,392
AT4G28750,208,249,144,221,391,167
AT4G28760,2884,2783,2022,3687,4741,4324
AT4G28770,13846,12736,10983,9887,13533,7309
AT4G28790,402,359,488,106,155,110
AT4G28800,23,60,17,11,19,2
AT4G28820,921,739,562,968,1177,666
AT4G28830,1737,1560,1175,2685,3258,2159
AT4G28840,2528,2089,1835,3107,4232,1935
AT4G28850,584,544,469,18,28,16
AT4G28860,5318,4715,3662,4571,5981,3533
AT4G28880,10524,9584,7162,8047,10514,6490
AT4G28890,2065,2026,1617,1139,1871,998
AT4G28900,653,602,476,70,57,20
AT4G28910,6691,6123,4371,6196,7492,5153
AT4G28930,11,8,7,19,15,15
AT4G28940,2486,2908,1833,398,1048,397
AT4G28950,293,258,184,116,99,74
AT4G28980,3849,3701,2340,2773,3277,2539
AT4G28990,1384,1423,1122,1677,1950,1304
AT4G29000,829,758,523,933,960,875
AT4G29010,11646,12218,7855,9370,13068,7797
AT4G29020,27,11,9,16,16,14
AT4G29040,19834,20291,12906,14162,19340,11341
AT4G29050,0,3,7,0,9,3
AT4G29060,1186,1500,781,847,1026,943
AT4G29070,582,709,433,1353,1375,839
AT4G29080,313,386,279,307,206,115
AT4G29100,4809,5280,3198,2595,3334,2476
AT4G29110,233,198,163,191,312,105
AT4G29120,2950,2967,2029,1769,2423,2057
AT4G29130,17803,17020,11663,13815,19248,12366
AT4G29140,1657,2210,1429,841,1338,864
AT4G29150,31,35,21,34,47,59
AT4G29160,7428,7138,5570,10624,14260,8116
AT4G29170,403,445,327,289,308,204
AT4G29180,3014,3045,2248,377,885,505
AT4G29190,141,152,115,2781,2907,1607
AT4G29210,7231,6407,4415,4983,7240,4880
AT4G29220,6759,7313,5000,4147,6483,3658
AT4G29230,550,472,424,665,845,622
AT4G29240,45,44,41,22,24,17
AT4G29260,5863,5610,4695,3913,5094,2758
AT4G29270,8711,6832,6726,3380,5399,2914
AT4G29310,1808,1751,1230,484,972,833
AT4G29330,7994,6998,6508,5218,7113,3459
AT4G29340,114,96,86,89,104,29
AT4G29350,59628,59365,44209,36949,51814,30920
AT4G29360,1557,1293,998,1077,1342,1253
AT4G29370,3,2,3,0,3,3
AT4G29380,6046,5518,4118,8101,10465,7623
AT4G29390,18832,18505,16457,12302,17418,10298
AT4G29400,218,273,142,122,150,59
AT4G29410,21984,23325,16855,19792,24333,18620
AT4G29420,626,519,376,804,813,652
AT4G29430,2522,2416,1888,1549,1833,1147
AT4G29440,1245,1348,909,1277,1530,1002
AT4G29450,25,39,35,0,0,0
AT4G29470,25,24,8,17,40,15
AT4G29480,19962,19776,15934,12847,19540,9882
AT4G29490,4364,4372,3079,4446,5403,3150
AT4G29510,5858,5785,3873,4763,5054,3564
AT4G29520,7110,5953,5021,1649,2274,1332
AT4G29530,567,470,424,704,803,561
AT4G29540,498,487,357,408,462,362
AT4G29550,159,215,138,81,135,72
AT4G29560,352,366,190,298,338,298
AT4G29590,1197,1356,923,1298,1920,1032
AT4G29610,124,101,92,17,5,8
AT4G29640,1,1,0,3,6,5
AT4G29660,1080,864,669,1270,1525,843
AT4G29670,1269,1160,737,3395,3535,2408
AT4G29680,9095,9457,5312,5094,6768,5936
AT4G29690,10363,9984,7235,2726,2999,2322
AT4G29700,6602,7296,5396,972,1394,1090
AT4G29720,2132,1792,1298,767,1065,787
AT4G29730,996,1202,775,659,787,513
AT4G29735,11414,10007,9202,10476,12759,6733
AT4G29740,71,38,23,11,11,11
AT4G29750,1232,997,708,546,833,570
AT4G29780,277,225,174,3421,3992,2477
AT4G29790,3262,3133,2522,3499,4770,3206
AT4G29800,1715,1879,1414,980,1173,765
AT4G29810,4473,4156,3092,2878,3528,1971
AT4G29820,800,712,483,1603,1493,1151
AT4G29830,3664,3292,2537,3621,4189,3098
AT4G29840,12023,11390,7209,11162,12232,11144
AT4G29850,332,298,276,613,810,542
AT4G29860,1024,943,712,1205,1367,690
AT4G29870,4522,4220,2998,2714,3942,3515
AT4G29880,0,3,14,10,16,5
AT4G29890,997,875,798,992,1415,681
AT4G29900,7470,7576,5188,5839,7345,4862
AT4G29905,7263,7135,5500,4300,6373,2739
AT4G29910,980,946,631,524,657,493
AT4G29920,493,471,338,163,219,196
AT4G29930,480,493,399,4314,4865,2009
AT4G29940,1342,1286,1023,1674,2082,1283
AT4G29950,7122,6861,4775,7158,9108,5597
AT4G29960,4151,3945,3248,4321,5556,3045
AT4G29980,0,3,3,8,3,3
AT4G29990,258,282,248,445,609,323
AT4G30000,883,802,515,417,661,612
AT4G30010,35861,34764,24877,28725,37595,19467
AT4G30020,3985,4117,2414,1621,2156,1935
AT4G30060,6572,6168,4427,1635,2783,1408
AT4G30067,10,0,0,0,0,0
AT4G30080,2455,2523,1747,2239,3289,2883
AT4G30090,177,194,148,172,202,122
AT4G30100,9143,8782,5335,6661,8927,7230
AT4G30110,305,424,251,67,67,37
AT4G30120,62,90,64,23,27,22
AT4G30130,156,200,114,47,42,49
AT4G30140,389,309,358,131,269,133
AT4G30150,2342,2383,1412,1650,1839,1699
AT4G30160,15900,14556,10011,7102,11206,8425
AT4G30170,95966,83476,68033,12869,22757,11837
AT4G30180,268,181,127,131,184,127
AT4G30190,149005,152908,93664,44889,76975,58166
AT4G30200,9030,8499,5951,8980,10599,7714
AT4G30210,13982,14383,9600,16778,21418,13600
AT4G30220,7156,7202,5876,5042,5841,3207
AT4G30230,6,12,6,6,3,0
AT4G30240,2341,2402,1595,3543,3864,2508
AT4G30260,6835,6500,4671,6257,8154,5116
AT4G30270,2194,1863,1302,4790,7538,2696
AT4G30280,13640,13317,9128,1479,2567,1174
AT4G30290,11877,12196,8497,4574,6743,4210
AT4G30310,5409,5430,4378,5336,7318,4635
AT4G30320,846,970,692,135,197,124
AT4G30330,1703,1545,1338,807,1048,585
AT4G30340,1523,1270,952,807,898,699
AT4G30350,6879,7107,5007,4037,5659,4010
AT4G30360,2347,2164,1489,1265,2232,1635
AT4G30370,375,315,325,321,471,204
AT4G30390,1265,1126,927,1962,2292,1127
AT4G30400,1654,1482,1252,922,1164,879
AT4G30410,1628,1517,1277,2268,3016,1540
AT4G30420,3362,3022,2487,1120,2204,1166
AT4G30430,68,73,66,124,119,86
AT4G30440,10315,9437,7381,7330,9472,4701
AT4G30450,7606,7730,5546,4237,5323,2455
AT4G30460,10454,10621,6496,23614,27821,11358
AT4G30470,2504,2500,1214,5299,5556,2598
AT4G30480,2796,2283,1722,2192,2974,1570
AT4G30490,4349,4023,3687,4680,5494,2853
AT4G30500,2149,1871,1697,1837,2134,1339
AT4G30510,1615,1577,1224,1879,2269,1097
AT4G30520,1685,1622,1181,1182,1557,1548
AT4G30530,9064,9376,7818,10164,12715,6080
AT4G30550,6045,5575,4610,4939,6782,4050
AT4G30560,2050,2051,1287,932,1589,1195
AT4G30570,341,328,268,764,964,483
AT4G30580,2594,2598,2085,2595,3564,2453
AT4G30600,18644,17757,13379,20297,23771,15154
AT4G30610,1826,1701,1249,482,619,456
AT4G30620,954,981,628,1127,1359,987
AT4G30630,1320,1235,1149,1070,1663,1048
AT4G30640,348,255,201,93,166,119
AT4G30650,2980,3064,2162,1213,1839,1114
AT4G30660,4254,3974,3243,2022,3320,1829
AT4G30662,14,18,14,19,27,12
AT4G30670,12836,12703,10564,4236,6454,3322
AT4G30680,639,581,411,763,854,780
AT4G30690,1299,1008,889,1252,1744,1069
AT4G30700,380,368,268,194,239,287
AT4G30710,1517,1337,1115,894,1172,865
AT4G30720,995,924,644,704,898,691
AT4G30730,86,87,73,95,104,54
AT4G30740,41,35,17,7,8,3
AT4G30750,2813,2723,2113,3343,3851,2250
AT4G30760,4099,3861,3178,5404,6527,4221
AT4G30780,1929,1602,1132,1729,2074,1243
AT4G30790,2831,2949,2286,3744,4866,2859
AT4G30800,2680,2937,1813,853,917,547
AT4G30810,8964,8348,6894,5565,7470,4744
AT4G30820,1168,1160,885,1110,1490,836
AT4G30825,323,344,172,239,273,210
AT4G30830,47,26,18,366,341,143
AT4G30840,2155,2041,1513,1805,2129,1925
AT4G30845,115,97,57,43,89,65
AT4G30850,4361,4105,3387,10487,11373,6518
AT4G30860,1194,1223,761,1450,1417,1116
AT4G30870,837,966,644,711,884,534
AT4G30890,6660,6446,4431,6722,8545,6781
AT4G30900,2643,2550,2120,1909,2584,1819
AT4G30910,2759,2937,2080,2192,2768,1730
AT4G30920,6268,6333,4253,6877,8353,6590
AT4G30930,5536,5889,3619,3651,4184,3662
AT4G30935,1315,1175,917,2507,2997,1696
AT4G30940,739,637,455,735,940,580
AT4G30950,5884,5565,4080,5514,6727,4736
AT4G30960,28003,26316,17854,32831,46722,32476
AT4G30975,183,168,126,120,176,83
AT4G30980,5407,5904,4085,2457,4169,2367
AT4G30990,4107,4011,2699,3043,3346,2836
AT4G30993,2283,2177,1709,1739,2655,1401
AT4G30996,4527,4275,3138,3838,5328,2843
AT4G31000,1091,1087,782,1307,1943,1141
AT4G31010,930,926,683,1158,1331,713
AT4G31020,562,458,412,133,128,99
AT4G31030,1,1,2,4,2,1
AT4G31040,4526,4314,3023,3410,4246,3721
AT4G31050,364,269,202,193,237,212
AT4G31060,503,479,412,487,525,385
AT4G31070,112,121,97,66,92,76
AT4G31080,6650,6279,4554,5835,8286,5891
AT4G31100,1975,2034,1453,860,1353,880
AT4G31110,1854,1614,1367,688,1114,716
AT4G31115,903,774,610,1482,1776,1013
AT4G31120,6680,6544,4368,5123,5299,4526
AT4G31130,8089,7358,5830,5052,8202,3600
AT4G31140,2451,2297,1595,3281,3505,1973
AT4G31150,1610,1511,1195,1636,2145,1167
AT4G31160,4881,4929,3034,5937,7031,5706
AT4G31170,4074,4002,2739,3381,4862,2960
AT4G31180,13621,13456,9560,13169,15335,12863
AT4G31190,33,24,25,26,24,16
AT4G31200,2088,2119,1595,1863,2069,1730
AT4G31210,2915,2724,1482,933,956,1144
AT4G31230,27,28,30,20,39,21
AT4G31240,518,466,350,1257,1311,724
AT4G31248,195,231,215,226,312,222
AT4G31250,2709,2615,2021,1287,1797,1266
AT4G31270,328,329,239,537,720,408
AT4G31290,14542,12949,9468,21590,25155,26150
AT4G31300,23066,22609,17577,21121,26974,12243
AT4G31310,1824,1665,1120,1157,1605,935
AT4G31320,6319,6044,4547,3530,4867,4399
AT4G31330,570,616,516,120,135,54
AT4G31340,51072,46591,35837,27822,36298,26684
AT4G31350,2038,2254,1660,1330,1559,1016
AT4G31351,14,15,9,8,9,20
AT4G31354,65,62,56,59,104,64
AT4G31360,1369,1261,1123,450,535,297
AT4G31370,39,26,16,249,334,169
AT4G31380,7,1,0,137,120,58
AT4G31390,1504,1640,1041,2734,3592,2358
AT4G31398,49,35,37,47,67,32
AT4G31400,561,572,376,307,399,231
AT4G31405,14,19,18,16,36,8
AT4G31408,44,25,33,51,73,40
AT4G31410,2527,2432,1965,2456,3385,1818
AT4G31420,4856,4556,3406,7846,9916,5605
AT4G31430,4757,4013,3661,5419,7024,5332
AT4G31440,603,504,376,436,553,503
AT4G31441,95,90,74,109,126,83
AT4G31450,4843,4637,3542,3228,4400,2173
AT4G31460,4744,4451,2791,2497,3374,2813
AT4G31470,4515,4819,3483,2157,3869,2041
AT4G31480,21847,20594,13900,17421,22978,19710
AT4G31490,17036,16086,10422,8417,11418,10325
AT4G31500,18720,23769,14808,5420,7087,4812
AT4G31510,305,235,209,604,764,432
AT4G31520,31,39,8,19,48,17
AT4G31530,1791,1708,1261,1942,2485,1316
AT4G31540,1092,1076,727,531,786,649
AT4G31550,5563,4849,3542,6781,9901,4060
AT4G31560,619,657,529,1011,1242,748
AT4G31570,6159,5871,4033,4410,6535,4715
AT4G31580,9185,8731,6091,8589,9976,6429
AT4G31590,6964,6760,4742,5203,6848,5565
AT4G31600,2526,2191,1660,905,1331,1012
AT4G31650,358,339,223,68,189,96
AT4G31670,2247,2200,1677,2516,3181,2146
AT4G31700,69676,68319,48500,42850,55106,45876
AT4G31710,6,4,16,12,30,19
AT4G31720,5847,5370,4440,7159,8785,5747
AT4G31730,2661,3331,2580,1808,2162,920
AT4G31750,5176,4849,3848,7485,8678,4158
AT4G31760,0,0,0,0,9,3
AT4G31770,1155,1129,863,1450,1693,1278
AT4G31780,1665,1683,1182,2825,2912,2458
AT4G31790,2877,2966,1866,2156,2497,1719
AT4G31800,418,434,320,2108,2249,1236
AT4G31805,0,13,3,5,3,4
AT4G31810,5759,5722,3629,4207,4441,3547
AT4G31820,1641,1649,1154,829,1076,859
AT4G31830,8,6,9,579,653,287
AT4G31840,4089,4037,3228,172,234,175
AT4G31850,228,224,132,125,116,141
AT4G31860,7151,6298,5221,18049,21393,12240
AT4G31870,16,7,22,75,48,18
AT4G31875,214,174,158,145,204,84
AT4G31880,5927,5671,3968,4615,5677,4024
AT4G31890,1542,1524,1106,671,1036,869
AT4G31900,6,17,0,8,0,0
AT4G31910,6532,6659,4917,2487,2774,1592
AT4G31920,6009,5781,3572,2550,3510,2179
AT4G31930,840,838,586,852,1111,927
AT4G31940,152,167,204,39,37,3
AT4G31950,0,0,0,19,38,20
AT4G31960,0,0,13,0,9,6
AT4G31980,1168,1145,893,992,1224,879
AT4G31985,22327,25079,20138,21654,25432,11973
AT4G31990,24386,23150,15625,16791,23653,13489
AT4G32000,911,773,721,899,1072,715
AT4G32010,3255,3161,2025,2309,3057,2376
AT4G32020,23728,21554,16935,17010,23662,14923
AT4G32030,4413,3971,3134,4739,5505,3739
AT4G32040,5301,5144,3665,5856,7385,4194
AT4G32050,1158,1312,865,1791,2010,1169
AT4G32060,14522,12736,10129,11273,15401,8849
AT4G32070,8609,7366,4721,10151,11957,7757
AT4G32080,28,21,24,9,19,5
AT4G32120,2292,2311,1807,1834,2418,1964
AT4G32130,7267,6909,4967,6276,8562,5772
AT4G32140,5805,5659,4406,3307,4483,3007
AT4G32150,17461,15772,12941,16308,21839,11582
AT4G32160,2442,2169,1526,2989,4090,2827
AT4G32175,841,721,632,720,752,494
AT4G32180,7473,7015,4939,6414,9155,6187
AT4G32190,549,566,311,1097,1250,857
AT4G32200,817,855,610,861,872,679
AT4G32205,7,8,9,0,4,16
AT4G32208,362,407,300,281,380,116
AT4G32210,19593,18233,14733,16781,23123,12981
AT4G32212,137,143,85,67,86,0
AT4G32220,37,33,12,42,40,24
AT4G32240,4181,4121,3283,3616,4738,2625
AT4G32250,2299,2238,1698,3193,3416,2602
AT4G32260,2112,2420,1793,2639,3765,2616
AT4G32270,990,989,686,762,899,568
AT4G32272,1656,1583,1211,1640,2020,1303
AT4G32280,95,87,61,79,97,70
AT4G32285,14150,13067,9561,10771,15086,11107
AT4G32290,1851,1683,1661,1068,1349,950
AT4G32295,216,188,153,528,527,355
AT4G32300,1095,945,838,1456,1788,1128
AT4G32320,564,426,379,1088,1109,602
AT4G32330,8982,9034,6469,3941,5602,4574
AT4G32340,0,12,8,7,15,9
AT4G32342,12,19,0,14,11,8
AT4G32350,1582,1460,987,819,1068,697
AT4G32360,1172,1067,787,625,1034,593
AT4G32390,13908,12916,9163,8692,12269,10087
AT4G32400,5494,5543,3420,5168,6030,4875
AT4G32410,70353,69661,47119,37810,48682,40912
AT4G32420,3447,3285,2459,2228,3138,2274
AT4G32430,221,207,160,130,180,139
AT4G32440,3076,2604,2157,3123,3943,2628
AT4G32445,12,6,5,4,1,3
AT4G32450,976,838,688,668,706,466
AT4G32460,6403,6646,4315,4813,7791,5420
AT4G32470,31703,30620,23561,25641,33727,16911
AT4G32480,1869,2270,2318,1674,1818,958
AT4G32500,16,3,8,8,5,5
AT4G32510,8,0,3,0,0,0
AT4G32520,7136,7084,5209,5709,5778,3973
AT4G32530,21200,20613,16449,13361,20456,10191
AT4G32540,0,0,0,7,6,0
AT4G32551,6633,6247,4290,6408,7714,6584
AT4G32560,1161,930,745,813,1158,619
AT4G32570,1715,1583,1245,799,1216,954
AT4G32580,22,7,0,3,0,6
AT4G32590,1097,1157,903,1122,1408,535
AT4G32600,4580,4277,3282,4924,6656,3943
AT4G32605,2488,2343,1810,1072,1136,748
AT4G32610,4267,3907,2612,4227,5337,4512
AT4G32620,3078,2910,1987,2943,3633,2877
AT4G32630,7,0,0,141,72,41
AT4G32640,10808,10221,7194,7985,10257,8647
AT4G32650,5632,5383,3767,3461,5836,2941
AT4G32660,4272,3845,3084,5006,6237,3473
AT4G32670,1142,1100,810,805,829,639
AT4G32680,2727,2651,2200,2901,3998,2131
AT4G32690,1227,1372,941,1007,1157,553
AT4G32700,1276,1194,802,939,961,929
AT4G32710,2822,2735,2480,772,942,603
AT4G32720,9900,9655,5926,7466,8628,7287
AT4G32730,4822,4472,3533,4921,6179,3985
AT4G32750,1026,974,630,954,1221,763
AT4G32760,14232,13801,10551,13877,19009,12820
AT4G32770,691,902,474,2345,3044,1863
AT4G32780,1301,1440,1032,467,754,394
AT4G32790,1060,840,676,480,637,454
AT4G32800,70,52,28,58,103,78
AT4G32810,35,36,18,68,117,56
AT4G32820,2131,1987,1395,1455,1898,1416
AT4G32830,2294,2318,1708,865,1070,711
AT4G32840,2526,2267,1877,1427,1660,1112
AT4G32850,11241,10333,8776,7404,10234,6753
AT4G32860,1208,1194,790,1093,1309,773
AT4G32870,1793,1789,1210,1515,1952,1472
AT4G32880,3861,3801,2971,1286,1594,1328
AT4G32890,1845,1702,1355,1065,1700,1291
AT4G32900,875,871,634,1203,1454,963
AT4G32910,3386,3019,2138,3157,3586,3521
AT4G32915,2283,2329,1833,2084,2411,1525
AT4G32920,4710,5143,3267,6430,8541,6615
AT4G32930,4321,3971,3546,3543,4842,2586
AT4G32940,16380,15917,10985,29126,40332,16720
AT4G32950,8,12,7,137,175,56
AT4G32960,1412,1396,921,1550,1593,1378
AT4G32970,899,892,573,666,927,624
AT4G32980,5,0,0,23,33,22
AT4G33000,441,343,304,203,269,233
AT4G33010,13856,13715,8640,14520,18073,11852
AT4G33020,502,444,353,26,53,34
AT4G33030,1514,1417,1009,1738,2021,1406
AT4G33040,584,559,486,774,1071,525
AT4G33050,556,608,432,677,1217,512
AT4G33060,2400,2320,1561,3304,3443,2520
AT4G33070,3678,3419,1968,19090,26451,12270
AT4G33080,8740,8411,6184,6660,7933,5047
AT4G33090,26254,25813,17675,19518,26499,18710
AT4G33100,1703,1556,1300,1201,1515,959
AT4G33110,1265,1117,902,1386,1690,899
AT4G33120,9883,6832,6816,10673,13251,7282
AT4G33130,1739,1634,1314,1591,2316,1423
AT4G33140,2454,2495,1647,2375,2823,1892
AT4G33145,137,132,110,28,44,26
AT4G33150,5385,4862,3798,6934,11537,5731
AT4G33160,681,689,385,662,725,478
AT4G33170,177,143,120,67,87,73
AT4G33180,636,519,483,722,966,463
AT4G33200,3876,3718,2439,3009,3391,2396
AT4G33210,4796,4532,3322,5223,6266,5139
AT4G33220,407,425,345,363,495,335
AT4G33240,5964,5641,3840,9296,12139,8142
AT4G33250,13160,12001,9690,12124,13962,8308
AT4G33260,3810,4022,2891,795,992,590
AT4G33270,4552,4620,3487,1061,1290,923
AT4G33280,17,8,12,21,13,8
AT4G33300,7372,6889,4782,6071,8308,6264
AT4G33310,8,11,19,6,6,17
AT4G33320,6,13,8,13,13,5
AT4G33330,1325,1337,966,1471,1636,946
AT4G33350,2037,2282,1549,3263,3762,2257
AT4G33355,32,21,17,25,36,20
AT4G33360,18053,18544,13548,10079,14966,7815
AT4G33380,8651,7907,5899,6081,8006,5446
AT4G33390,6,0,6,3,6,3
AT4G33400,3197,3234,1935,2187,2451,2165
AT4G33410,2830,2628,1981,2277,2841,1877
AT4G33420,3928,4127,2904,9444,10390,5116
AT4G33430,12253,11635,8166,9277,13109,8736
AT4G33440,2061,1904,1328,1939,2291,1544
AT4G33460,580,580,441,987,1167,646
AT4G33465,0,2,0,182,193,45
AT4G33467,53,54,38,4652,5635,1673
AT4G33470,173,160,134,239,278,214
AT4G33480,1392,1196,936,1750,1866,1551
AT4G33490,825,771,657,930,1000,719
AT4G33495,626,685,411,415,381,385
AT4G33500,444,379,261,305,388,211
AT4G33510,3183,2947,2217,4229,5461,3297
AT4G33520,2161,2076,1365,2258,2584,2050
AT4G33530,8224,7740,4947,4175,5162,4531
AT4G33540,6242,5816,4163,18394,23462,13032
AT4G33550,4298,4164,2958,11769,14469,7312
AT4G33560,45,40,22,162,247,139
AT4G33565,1836,1853,1301,2384,3242,1786
AT4G33580,13403,12488,9896,11386,15974,10127
AT4G33585,2,0,2,5,5,0
AT4G33590,159,135,97,99,128,141
AT4G33610,55,62,82,549,461,130
AT4G33620,1283,1212,959,1324,1675,1049
AT4G33625,4554,3973,3181,3406,4949,2148
AT4G33630,3540,3321,2370,4044,4873,3584
AT4G33640,4418,3874,3187,2324,3002,1519
AT4G33650,5617,5764,3903,4014,5139,3383
AT4G33660,411,469,334,967,1616,907
AT4G33666,1425,1212,868,2058,2553,1087
AT4G33670,1626,1748,1300,1994,2446,1682
AT4G33680,9843,8946,6006,5065,6487,4633
AT4G33690,860,979,732,1166,1463,773
AT4G33700,3855,3465,2647,6717,7019,4238
AT4G33730,1882,1691,1909,137,272,190
AT4G33735,12,14,14,2,2,1
AT4G33740,4904,4672,3816,2965,4269,2182
AT4G33760,1992,2101,1392,1699,2022,1532
AT4G33770,1649,1782,1221,417,511,353
AT4G33780,5080,4897,3204,5350,7361,4126
AT4G33790,2357,3135,1778,57,151,49
AT4G33800,446,442,347,514,501,325
AT4G33810,65,67,44,83,79,63
AT4G33860,0,6,0,7,0,0
AT4G33865,31157,29313,25413,23904,26310,16250
AT4G33870,25,25,18,3,21,26
AT4G33880,2389,2245,1595,562,1377,864
AT4G33890,2784,2441,1923,2104,2916,1975
AT4G33905,184,188,153,2703,2173,1118
AT4G33910,4311,4250,3639,5362,7704,4025
AT4G33920,3949,3661,2612,6763,8653,4237
AT4G33925,105,112,70,90,148,92
AT4G33930,6,5,0,447,255,150
AT4G33940,1733,1669,1438,3742,3964,1936
AT4G33945,4930,4063,3030,4449,5333,3641
AT4G33950,809,826,540,2113,2507,1661
AT4G33960,844,811,639,588,996,448
AT4G33970,0,0,0,3,5,4
AT4G33980,243,337,250,604,683,311
AT4G33985,278,311,209,590,598,355
AT4G33990,365,344,223,289,364,386
AT4G34000,7945,7659,5672,19850,25700,12589
AT4G34020,839,742,616,817,1147,916
AT4G34030,3606,3486,2516,4644,6100,3772
AT4G34040,3946,4053,2698,4890,5961,4057
AT4G34050,177647,178397,137884,122415,176546,84184
AT4G34060,0,0,0,16,13,14
AT4G34070,3271,3082,2163,2962,3906,2496
AT4G34071,12,4,0,5,6,7
AT4G34090,311,319,199,395,366,232
AT4G34100,11988,11834,8029,11737,15496,11713
AT4G34110,77951,75531,52731,58178,70369,53648
AT4G34120,1450,1434,1191,2216,3256,1502
AT4G34131,8665,8565,4697,9498,12453,8448
AT4G34135,16600,16279,11110,15381,18437,11453
AT4G34138,8466,8553,5545,5312,8228,5001
AT4G34139,124,116,142,121,189,54
AT4G34140,3600,3276,2721,4127,6037,2976
AT4G34150,4323,3665,2947,5470,7567,4042
AT4G34160,702,674,464,144,202,118
AT4G34180,12641,12412,9097,12681,20626,10256
AT4G34190,531,658,441,1358,1690,797
AT4G34200,41315,43494,24800,25574,31373,27270
AT4G34210,0,5,0,106,85,37
AT4G34215,3691,3700,2730,2662,3329,2384
AT4G34220,660,631,473,187,298,157
AT4G34230,7890,7804,5509,22793,24134,12257
AT4G34240,1309,1499,943,1697,2213,1557
AT4G34260,7964,8014,4830,3348,3990,3575
AT4G34265,6072,5496,4271,5212,6094,3809
AT4G34270,4901,4376,3424,5077,5767,3723
AT4G34280,901,859,632,1470,1635,1178
AT4G34290,1375,1291,980,418,575,359
AT4G34300,5,0,4,19,17,10
AT4G34310,2304,1966,1585,2684,3043,2231
AT4G34320,51,55,47,137,179,108
AT4G34332,11,24,23,50,18,18
AT4G34340,986,911,672,1535,1674,1079
AT4G34345,19,133,36,48,61,22
AT4G34350,5391,5174,3670,11677,14171,8027
AT4G34360,825,885,639,564,525,424
AT4G34370,2857,2586,1988,3760,4829,3390
AT4G34380,86,77,52,128,184,157
AT4G34390,2791,2654,1820,2589,3405,2245
AT4G34400,12,18,11,30,20,19
AT4G34410,14,16,6,260,91,24
AT4G34412,1275,1215,1073,1559,1854,1044
AT4G34419,232,272,139,3,13,15
AT4G34420,261,258,217,29,47,45
AT4G34430,3351,3292,2182,3390,4194,3517
AT4G34440,6,0,5,43,27,19
AT4G34450,38085,37325,25399,31493,38734,29531
AT4G34460,5636,5472,4655,6052,8070,5132
AT4G34470,2,3,0,17,19,9
AT4G34480,1981,2123,1496,4054,4472,2222
AT4G34490,14976,13453,9553,9853,12911,8760
AT4G34500,2805,2881,2148,1820,2094,1250
AT4G34510,25,41,29,12,5,7
AT4G34530,50,55,99,67,83,78
AT4G34540,1257,1149,909,1428,1758,1170
AT4G34550,4,4,0,11,3,13
AT4G34555,9344,9129,7261,6946,8392,5780
AT4G34560,418,391,367,230,366,159
AT4G34570,2394,2484,1427,1922,1984,1697
AT4G34580,3672,4028,2673,1590,2917,1696
AT4G34590,3078,3483,2547,6872,6512,3778
AT4G34600,6083,5569,4664,10295,10962,4218
AT4G34610,925,1030,501,2551,2881,2005
AT4G34620,4251,4325,2943,5115,5559,2851
AT4G34630,4360,3998,3389,1919,2590,1346
AT4G34640,18237,15518,12134,11141,14206,9313
AT4G34650,41,49,45,1548,1610,868
AT4G34660,4128,3753,2875,3294,3825,2595
AT4G34670,51123,50745,38505,42955,50881,38850
AT4G34680,677,641,578,1219,1310,557
AT4G34700,40778,40416,34018,33830,45536,26289
AT4G34710,23611,27619,15028,120149,131319,117911
AT4G34720,55708,54361,45053,36739,55445,28219
AT4G34730,1457,1314,953,1270,1526,1006
AT4G34740,1533,1611,947,1285,1444,1164
AT4G34750,1283,1286,867,563,853,678
AT4G34760,460,437,295,118,102,128
AT4G34770,0,5,6,0,0,0
AT4G34790,6,3,6,3,0,0
AT4G34800,994,753,642,178,218,127
AT4G34810,930,849,601,122,183,149
AT4G34830,212,245,89,235,312,182
AT4G34840,1403,1177,908,1107,1256,753
AT4G34850,17,8,12,10,11,0
AT4G34860,5643,5448,3445,5105,6975,5264
AT4G34870,114808,113849,76478,46164,58903,42935
AT4G34880,596,567,383,127,248,162
AT4G34881,3753,3361,2997,2289,3337,1705
AT4G34890,12438,11431,7720,19764,27764,19900
AT4G34900,100,108,66,25,46,40
AT4G34910,2440,2478,1498,2129,2641,2411
AT4G34920,3825,3891,2455,1602,2203,1266
AT4G34930,321,323,307,20,56,33
AT4G34950,307,324,315,263,296,210
AT4G34960,4214,4076,3473,1913,2785,1784
AT4G34970,606,438,335,1227,1037,854
AT4G34980,4503,4653,3503,1507,1809,1448
AT4G34990,244,203,174,1152,999,586
AT4G35000,7058,6827,5218,6859,8105,4731
AT4G35010,11,0,0,0,11,0
AT4G35020,1694,1462,1328,1131,1387,818
AT4G35030,3265,3534,3000,1336,1873,1055
AT4G35040,7539,7178,5084,4803,6674,3805
AT4G35050,1808,2078,1031,887,920,944
AT4G35060,8527,8618,6514,7183,11506,4378
AT4G35070,246,254,232,994,842,720
AT4G35080,9863,8582,6274,9122,12469,8899
AT4G35090,35833,37207,22335,39014,53153,36125
AT4G35100,104452,88118,73785,40183,42418,26512
AT4G35110,1533,1250,902,2218,2843,1563
AT4G35130,130,117,84,57,59,51
AT4G35140,1527,1401,874,1888,1921,1292
AT4G35160,6721,6560,5988,10136,11317,6963
AT4G35180,59,54,38,178,195,125
AT4G35190,38,36,30,2045,1994,1089
AT4G35200,543,567,335,69,117,89
AT4G35210,161,205,154,7,18,13
AT4G35220,3841,3682,2554,3221,4236,2651
AT4G35230,4902,4771,3137,4481,5649,3682
AT4G35240,1351,1243,940,1085,1315,944
AT4G35250,1098,1054,677,1261,1703,1034
AT4G35260,18084,17686,12351,10253,14566,8749
AT4G35270,2033,1983,1339,817,1347,1068
AT4G35290,158,154,89,131,162,105
AT4G35295,6,5,3,31,30,16
AT4G35300,4857,5252,3581,8660,10740,6731
AT4G35310,12945,13237,9105,10014,12275,7676
AT4G35320,2471,1957,1618,1128,1600,754
AT4G35335,3865,3264,2829,2484,3025,1594
AT4G35350,10150,10281,6585,13539,13028,8604
AT4G35360,4285,3892,2774,4281,5050,3624
AT4G35380,3674,3537,2384,1228,2195,1540
AT4G35390,1100,861,808,582,638,469
AT4G35400,6,5,4,2,2,2
AT4G35410,2113,1861,1647,1041,1353,770
AT4G35420,314,363,281,618,503,315
AT4G35430,1,2,3,3,5,1
AT4G35440,183,281,127,259,459,335
AT4G35450,14362,13454,9441,12125,15906,7462
AT4G35460,2649,2488,1502,1611,1768,1422
AT4G35470,3840,3102,2577,1946,2594,1426
AT4G35480,272,278,236,3158,3578,1933
AT4G35485,1,0,0,3,5,2
AT4G35490,5493,5511,3901,5943,5682,4467
AT4G35500,1656,1760,1154,1955,2180,1541
AT4G35510,1645,1536,1022,2815,3211,2217
AT4G35520,233,234,164,152,168,133
AT4G35530,1108,1054,883,1144,1508,853
AT4G35540,609,555,386,468,587,549
AT4G35550,834,927,609,1765,2133,1511
AT4G35560,2395,2316,1472,3902,5055,3047
AT4G35570,7153,6664,5069,5737,6931,4592
AT4G35580,3008,2679,1952,3141,4456,2410
AT4G35590,81,92,64,64,99,53
AT4G35600,2276,2014,1708,1550,2525,1512
AT4G35620,988,1123,693,341,408,247
AT4G35630,17416,16613,9978,8404,13069,10369
AT4G35640,96,91,53,138,161,95
AT4G35655,0,0,0,19,36,16
AT4G35660,109,121,87,44,30,21
AT4G35680,23,25,19,11,67,75
AT4G35685,51,0,0,0,0,0
AT4G35690,10,3,6,90,146,58
AT4G35720,201,206,120,211,239,349
AT4G35730,589,675,451,406,432,207
AT4G35740,904,850,681,862,1075,631
AT4G35750,11186,10569,9897,15603,18847,8797
AT4G35760,930,797,617,675,894,652
AT4G35770,87,79,108,710,499,218
AT4G35780,3618,3301,2508,2082,2714,1403
AT4G35783,57,44,32,65,55,27
AT4G35785,5943,5465,4676,5226,7131,4292
AT4G35790,15173,15012,9936,25762,32575,22192
AT4G35800,12949,13303,9193,11244,14666,11306
AT4G35830,61581,60224,40534,50934,67673,46605
AT4G35840,420,375,315,509,566,268
AT4G35850,10039,9925,6759,7204,8398,7228
AT4G35860,6130,6014,4757,11772,13958,6180
AT4G35870,1449,1359,876,983,1557,1136
AT4G35880,2648,2499,2211,1194,1594,1150
AT4G35890,12338,12147,8217,10142,12498,10544
AT4G35900,147,136,175,49,46,55
AT4G35905,1742,1595,1385,1648,2086,1027
AT4G35910,1454,1368,782,1917,2129,1995
AT4G35920,5078,5238,3329,2313,3086,2111
AT4G35930,1165,1067,747,860,967,726
AT4G35940,1217,1169,823,1338,1552,1090
AT4G35950,3367,3253,1753,2074,2566,1737
AT4G35970,601,645,377,644,630,377
AT4G35980,2449,2117,1729,2113,2576,1465
AT4G35985,490,580,387,436,614,449
AT4G35987,1429,1461,1144,695,928,669
AT4G36000,70,77,38,61,105,51
AT4G36010,922,890,748,6724,4578,2961
AT4G36020,3086,3238,2008,2679,2644,2046
AT4G36030,356,392,218,189,201,218
AT4G36032,1173,1028,845,582,884,709
AT4G36040,4167,3911,4048,11149,10039,4502
AT4G36050,778,648,523,710,822,704
AT4G36052,17,19,19,56,50,12
AT4G36060,484,419,285,331,246,110
AT4G36070,0,0,2,25,34,31
AT4G36080,4407,4052,2709,3477,3960,3486
AT4G36090,2059,1877,1479,1879,2365,1442
AT4G36105,16,33,3,14,18,9
AT4G36110,82,65,59,17,33,53
AT4G36120,948,1175,837,397,484,242
AT4G36130,32242,32073,22298,25296,28132,25165
AT4G36140,1518,1398,1224,1266,1994,1422
AT4G36150,260,191,187,118,144,171
AT4G36160,281,260,195,283,365,204
AT4G36180,6710,6349,4656,2118,2537,2331
AT4G36190,1388,1471,1157,839,1199,847
AT4G36195,7240,7016,5453,7188,9990,5739
AT4G36210,5512,5376,4107,8524,11868,7216
AT4G36220,682,759,976,53,42,38
AT4G36230,318,297,159,89,112,60
AT4G36240,264,298,220,281,292,153
AT4G36250,490,589,349,162,257,267
AT4G36260,11,0,0,12,8,8
AT4G36270,307,283,173,188,222,138
AT4G36280,41,60,22,39,46,55
AT4G36290,1524,1436,1060,1086,1353,967
AT4G36350,0,0,0,43,34,22
AT4G36360,11100,10921,7822,27165,30201,18009
AT4G36380,4348,4618,3589,4484,6045,3383
AT4G36390,2331,2285,1464,3151,3583,2811
AT4G36400,2492,2159,1734,3257,4104,2330
AT4G36410,1177,1211,1002,438,560,305
AT4G36420,5863,6026,3531,2997,4206,3602
AT4G36430,222,208,163,8692,16626,8601
AT4G36440,5487,5147,4074,4439,5936,4309
AT4G36450,30,32,17,18,40,9
AT4G36470,249,272,139,135,131,97
AT4G36480,5793,5722,4398,4347,5913,3897
AT4G36490,7,10,0,9,16,9
AT4G36500,2568,2781,1666,5730,6662,2294
AT4G36510,0,6,6,0,10,0
AT4G36515,746,754,742,629,755,354
AT4G36520,2022,1705,1430,876,1138,765
AT4G36530,644,853,415,1036,1313,742
AT4G36540,344,352,251,118,130,82
AT4G36550,275,304,222,161,220,141
AT4G36580,653,674,409,377,325,290
AT4G36590,3,0,3,0,5,0
AT4G36600,13,8,12,368,266,128
AT4G36610,1107,1504,1023,6332,5662,3318
AT4G36620,403,381,287,163,148,145
AT4G36630,4574,4287,3234,3973,5502,3476
AT4G36640,7961,6811,5492,2560,4729,2592
AT4G36648,14331,11733,10436,9236,13267,7117
AT4G36650,1272,1102,817,1567,2149,1433
AT4G36660,2626,2852,1811,1470,2075,1389
AT4G36670,2229,2028,1458,156,256,120
AT4G36680,2693,2864,1618,1534,1751,1556
AT4G36690,14387,13122,9795,12311,16723,10884
AT4G36710,668,554,448,1012,1051,657
AT4G36720,1663,1674,1399,3113,3790,2095
AT4G36730,3127,2586,2293,5004,5162,3477
AT4G36740,38,21,10,368,301,267
AT4G36750,7697,7828,6134,4831,6896,4009
AT4G36760,13425,12630,9355,16851,22327,14514
AT4G36770,21,27,34,76,73,44
AT4G36780,6258,5431,4548,10911,11923,8443
AT4G36790,2940,2466,2105,5038,5783,4687
AT4G36791,9,14,4,32,31,21
AT4G36795,24,39,13,73,119,128
AT4G36800,12971,12295,9117,11410,14423,6684
AT4G36808,161,149,115,116,152,103
AT4G36810,2484,2490,1816,1715,2619,1559
AT4G36820,48,57,49,43,106,22
AT4G36830,398,451,400,255,411,276
AT4G36840,586,488,376,566,610,521
AT4G36850,11,37,12,49,84,27
AT4G36860,5936,6172,4929,2717,3824,2357
AT4G36870,277,254,243,47,81,67
AT4G36880,2249,2093,1110,3601,3806,2710
AT4G36890,5141,5044,3591,3753,5249,3720
AT4G36900,837,827,577,1420,1481,903
AT4G36910,921,924,600,909,1087,769
AT4G36920,8595,8372,6538,4623,6468,3755
AT4G36925,9,6,14,9,0,3
AT4G36930,1731,1496,1246,3345,3629,2729
AT4G36940,5252,4877,3795,2986,3934,2115
AT4G36945,1883,1856,1374,1819,2201,1209
AT4G36950,24,56,33,99,105,67
AT4G36960,4506,4031,3100,4951,6346,3509
AT4G36970,1220,1465,875,1130,1612,1010
AT4G36980,8709,7909,7716,9321,13671,7060
AT4G36990,12197,12125,9246,16964,21666,10783
AT4G37000,375,381,303,240,364,265
AT4G37010,8012,7283,6121,4028,6821,2616
AT4G37020,1099,980,683,946,1156,901
AT4G37022,3,0,2,9,10,9
AT4G37030,659,518,438,566,688,364
AT4G37040,1382,1206,862,895,1038,579
AT4G37050,11,12,19,25,38,4
AT4G37060,17,33,22,0,0,0
AT4G37070,12424,11297,8305,6167,13146,5360
AT4G37080,1624,1624,1352,419,551,349
AT4G37090,3234,3235,2575,3131,3567,1978
AT4G37095,0,178,153,0,0,0
AT4G37100,1778,1622,1002,810,1123,1011
AT4G37110,1139,1126,752,574,645,546
AT4G37120,7165,7014,4924,7173,9785,5963
AT4G37130,2105,2238,1431,1769,2097,1516
AT4G37150,463,511,335,1373,1860,718
AT4G37160,3803,4891,2308,425,844,854
AT4G37170,223,245,158,81,113,71
AT4G37180,2548,2516,1780,4999,6493,3563
AT4G37190,1512,1420,1024,999,1412,902
AT4G37200,1123,1037,793,1199,1689,774
AT4G37210,3579,3597,2504,3117,3967,2680
AT4G37220,231,159,235,341,445,151
AT4G37225,27,30,26,107,91,39
AT4G37230,0,0,0,7,5,2
AT4G37235,230,181,173,10,14,6
AT4G37240,595,580,442,132,230,94
AT4G37250,4232,3784,3067,2770,3033,2679
AT4G37260,5320,5198,3475,4285,5174,2725
AT4G37270,3857,4119,2851,2984,4304,3049
AT4G37280,3321,2924,2222,2653,3386,2259
AT4G37290,22,22,12,3,17,16
AT4G37295,77,70,38,158,177,87
AT4G37300,2762,3291,2258,2310,2925,2280
AT4G37310,592,883,425,624,1242,643
AT4G37320,665,763,467,814,1320,787
AT4G37330,1528,1459,1014,1826,2784,1613
AT4G37340,660,808,576,281,539,325
AT4G37370,639,747,401,2102,2828,1881
AT4G37380,191,193,122,77,97,66
AT4G37390,1212,1249,1025,993,1657,878
AT4G37400,4279,3940,2769,581,688,588
AT4G37409,1677,1667,1864,657,973,449
AT4G37410,41828,48438,34798,14184,19756,13817
AT4G37420,12,18,12,27,69,44
AT4G37430,1357,1730,930,1339,1821,1155
AT4G37432,1007,1053,868,1536,1755,1883
AT4G37440,3370,3076,2458,2809,3795,2419
AT4G37445,236,287,144,247,267,147
AT4G37450,5404,5698,4764,1555,1878,1070
AT4G37460,5632,5491,3866,7144,8539,5479
AT4G37470,4773,4492,3264,5570,7393,3419
AT4G37480,929,799,650,765,1174,859
AT4G37483,56,42,43,72,91,36
AT4G37490,929,1082,857,257,307,239
AT4G37500,3,0,0,13,12,5
AT4G37510,1699,1735,1240,1947,2549,1552
AT4G37520,10292,8879,6928,6106,9983,5057
AT4G37530,3891,3687,2296,797,1787,937
AT4G37540,7022,7394,5992,1523,1946,1159
AT4G37550,359,357,319,191,266,212
AT4G37553,154,159,90,90,153,158
AT4G37560,28,16,23,15,14,7
AT4G37580,130,185,137,56,96,32
AT4G37590,9981,9274,6596,6814,8567,6417
AT4G37608,249,239,189,250,319,197
AT4G37610,4450,5369,4298,2291,2241,978
AT4G37620,5,5,5,5,3,7
AT4G37630,1133,1082,773,378,536,424
AT4G37640,10448,10199,6636,5284,7075,5281
AT4G37650,3234,3186,2178,1111,1476,1418
AT4G37660,2498,2230,1470,1233,1585,1349
AT4G37670,294,299,201,225,224,234
AT4G37680,6738,6254,4882,7216,9920,5943
AT4G37682,31,36,26,21,25,30
AT4G37685,35,37,22,24,25,29
AT4G37690,56,48,17,38,34,31
AT4G37700,578,742,455,242,441,123
AT4G37710,0,11,2,24,3,3
AT4G37730,482,455,371,783,657,471
AT4G37740,1559,1355,1149,1333,1408,1059
AT4G37750,63,66,41,53,52,32
AT4G37760,2640,3015,1783,5884,7513,3823
AT4G37770,21,13,8,177,172,190
AT4G37780,0,0,0,56,44,24
AT4G37790,2991,3419,2805,9920,10287,4384
AT4G37800,17,21,7,126,85,51
AT4G37810,17,16,23,0,7,16
AT4G37820,2227,2001,1566,1172,1953,1289
AT4G37830,32339,31022,24864,26419,35670,17515
AT4G37850,424,339,308,131,215,190
AT4G37860,5,11,3,18,7,14
AT4G37870,16048,14900,8815,17214,21573,18351
AT4G37880,3785,3634,2490,2940,3828,2174
AT4G37890,917,1118,744,1377,1673,1247
AT4G37895,23,34,32,61,66,33
AT4G37900,442,395,284,334,282,236
AT4G37910,21771,23509,13662,10977,12568,11351
AT4G37920,384,356,314,394,513,438
AT4G37930,4605,5123,3224,4492,5562,3132
AT4G37940,2978,2771,2139,4837,5523,3091
AT4G37950,508,540,364,23,39,34
AT4G37970,123,163,176,184,182,131
AT4G37980,0,0,0,336,366,285
AT4G37990,3,0,0,735,914,713
AT4G38000,0,3,0,7,2,6
AT4G38010,259,267,144,120,126,97
AT4G38020,268,226,162,299,313,268
AT4G38030,0,0,0,13,0,0
AT4G38040,3903,3497,2988,2722,3316,2389
AT4G38050,686,697,460,339,415,384
AT4G38060,3131,2931,2371,6224,7567,3446
AT4G38062,653,626,409,133,170,86
AT4G38070,3,0,3,4,9,0
AT4G38080,3799,3894,4442,2256,2574,1807
AT4G38090,1499,1370,1201,1653,2288,1319
AT4G38092,0,10,15,19,25,0
AT4G38100,3315,3022,2291,2813,3556,2593
AT4G38120,4017,3848,2870,2781,3555,2786
AT4G38130,17290,16809,10418,13645,17119,14013
AT4G38140,97,94,43,148,121,104
AT4G38150,593,551,426,229,267,294
AT4G38160,404,399,276,350,407,354
AT4G38170,807,794,563,678,831,526
AT4G38180,671,681,543,891,925,821
AT4G38200,6937,6362,4293,3283,4471,3954
AT4G38210,406,489,323,346,476,367
AT4G38213,0,0,5,15,15,7
AT4G38215,185,175,160,423,400,239
AT4G38220,16030,15902,11718,11573,16630,8573
AT4G38225,871,963,626,1431,1528,1085
AT4G38230,3898,3139,2676,2356,3349,2130
AT4G38240,4964,4463,3678,3211,4904,2785
AT4G38250,10151,10622,8105,8074,11768,6744
AT4G38260,2287,1969,1655,1537,1994,1043
AT4G38270,3307,2951,2198,3314,4234,2412
AT4G38280,1223,1163,973,1373,1674,1303
AT4G38290,310,303,236,505,645,342
AT4G38300,63,30,44,29,48,39
AT4G38310,18,19,15,15,6,22
AT4G38320,3242,3002,2153,2725,3491,2387
AT4G38330,260,213,160,237,400,129
AT4G38340,98,72,61,115,224,77
AT4G38350,11417,10175,8463,10116,13167,7666
AT4G38360,4431,4445,2970,4173,5661,3953
AT4G38370,1014,1061,852,750,942,509
AT4G38380,1149,1102,746,1209,1318,793
AT4G38390,551,481,390,90,210,104
AT4G38400,726,771,500,794,463,240
AT4G38410,335,451,242,3922,3167,2520
AT4G38420,125,145,66,23,22,11
AT4G38430,3805,3435,2784,4701,5629,4940
AT4G38440,1323,1295,822,1495,1611,1593
AT4G38460,3492,3380,2464,3645,5084,2995
AT4G38470,8922,8248,7749,4544,6324,3109
AT4G38480,961,1035,622,902,1018,766
AT4G38490,932,829,690,1344,1415,1018
AT4G38495,1052,937,850,1009,1431,857
AT4G38500,5184,4674,3241,3728,4524,3580
AT4G38510,29766,29131,19710,20671,27437,18988
AT4G38520,6277,6036,4243,3376,4666,3362
AT4G38530,82,96,55,83,75,41
AT4G38540,5271,4627,3616,6644,10772,5490
AT4G38545,512,607,369,633,854,470
AT4G38550,7662,7442,4985,4585,8239,4846
AT4G38552,1645,1502,1151,1591,2263,1684
AT4G38570,2574,2488,2169,2677,3081,1867
AT4G38580,540,594,442,1722,1609,969
AT4G38590,8,0,11,0,0,4
AT4G38600,16852,16890,10201,16542,19642,16297
AT4G38620,3677,3600,2976,1759,1968,1046
AT4G38630,19686,19458,14799,17846,23805,12398
AT4G38640,6175,6032,4418,5696,7411,5334
AT4G38650,255,171,178,92,187,118
AT4G38660,5665,4956,4173,2240,2607,2028
AT4G38670,1098,923,731,790,951,673
AT4G38680,33985,31603,21677,16195,19032,11478
AT4G38690,914,757,618,263,295,124
AT4G38700,21,13,8,9,0,6
AT4G38710,7842,7774,5511,5366,7810,4302
AT4G38730,1104,1073,844,1181,1844,785
AT4G38740,38494,36907,30268,19640,22950,13268
AT4G38760,5138,5043,3397,2891,3939,2960
AT4G38770,85,73,67,28,23,20
AT4G38780,51,85,67,71,55,69
AT4G38790,6644,6517,5177,5688,7757,4981
AT4G38800,22203,20565,14792,16469,21443,14807
AT4G38810,5825,5411,3713,11515,13419,9720
AT4G38830,495,444,283,80,174,77
AT4G38840,9,5,4,0,6,0
AT4G38860,114,121,48,149,299,117
AT4G38890,4756,4937,3084,3173,3450,2901
AT4G38900,1886,2092,1399,1331,1656,1483
AT4G38910,257,319,213,458,573,387
AT4G38920,81248,76063,61768,48158,75215,40057
AT4G38930,2991,2899,2081,3134,3839,2332
AT4G38932,1921,1522,1261,2470,3232,1632
AT4G38940,570,486,352,936,984,639
AT4G38950,2962,2630,2106,2144,2703,1964
AT4G38960,1111,1056,784,760,1032,527
AT4G38970,17,31,17,8,15,0
AT4G38980,500,532,391,905,1016,605
AT4G39000,83,102,80,20,49,5
AT4G39010,128,133,73,141,97,91
AT4G39030,5543,5459,3832,1689,2062,1303
AT4G39040,912,1012,688,949,1471,913
AT4G39050,7955,7473,5923,5250,6762,5489
AT4G39060,0,0,4,9,0,0
AT4G39070,5579,5360,3865,2774,3708,1724
AT4G39080,47424,48142,31635,29246,43147,30692
AT4G39090,66856,67464,52091,128024,183319,88075
AT4G39100,3553,3423,2776,4215,5442,2687
AT4G39110,83,86,53,19,14,22
AT4G39120,1815,1719,916,658,829,834
AT4G39140,2445,2527,1664,2770,4010,2324
AT4G39150,6618,6752,4931,3778,4854,2610
AT4G39160,2506,2474,1768,2259,3609,2619
AT4G39170,5733,5855,3814,3496,4477,2998
AT4G39180,179,194,130,188,289,178
AT4G39190,360,344,222,240,371,219
AT4G39200,68655,63790,49844,57748,66463,47795
AT4G39210,938,887,629,717,822,634
AT4G39220,9488,8757,7348,9493,12744,6678
AT4G39230,769,929,769,1233,1675,1064
AT4G39235,182,215,188,312,273,153
AT4G39240,2766,2679,1816,1912,2392,1768
AT4G39260,37444,35975,24339,15041,23212,13841
AT4G39270,5059,4730,3373,2677,4261,2559
AT4G39280,6784,7012,4855,4329,4959,3583
AT4G39290,4,3,2,2,6,12
AT4G39300,4005,3698,3165,1999,2459,1394
AT4G39320,363,271,187,199,246,128
AT4G39330,62,47,49,127,83,46
AT4G39350,24274,24621,16588,3563,5875,4336
AT4G39360,49,65,62,208,284,162
AT4G39361,139,156,85,95,102,97
AT4G39363,186,174,151,117,139,106
AT4G39364,282,267,226,175,219,142
AT4G39366,400,331,338,187,258,151
AT4G39370,1546,1444,1007,1253,1815,1090
AT4G39380,795,901,560,641,661,427
AT4G39390,7083,6905,4872,3972,5543,4842
AT4G39400,10392,9382,6576,7110,10261,9131
AT4G39403,4,0,5,9,8,4
AT4G39404,11,12,9,28,31,23
AT4G39410,61,49,44,24,28,32
AT4G39420,4563,4167,2896,3573,4857,3825
AT4G39460,2856,2966,2865,2282,2681,1688
AT4G39470,542,534,352,369,391,282
AT4G39510,106,117,56,75,48,39
AT4G39520,7860,7165,5168,8448,10392,7700
AT4G39530,159,210,138,80,96,70
AT4G39540,3012,2785,2124,1820,2395,1419
AT4G39550,453,445,276,301,335,323
AT4G39560,965,755,652,812,1127,732
AT4G39570,695,626,405,526,642,600
AT4G39580,72,81,43,179,248,148
AT4G39590,42,44,55,30,24,31
AT4G39600,221,244,131,100,130,169
AT4G39620,572,572,427,330,471,412
AT4G39630,546,548,455,266,238,171
AT4G39640,2545,1989,1917,1257,1736,1088
AT4G39650,0,20,5,9,10,8
AT4G39660,17154,15430,12474,6156,6382,4394
AT4G39670,837,730,484,852,1047,609
AT4G39675,2048,1438,1287,775,750,196
AT4G39680,12424,11707,8775,10229,13272,8896
AT4G39690,6710,6189,4647,5510,7089,4891
AT4G39700,180,187,110,819,1130,557
AT4G39710,14,25,0,0,5,3
AT4G39720,168,187,181,490,414,289
AT4G39730,17712,18535,13215,16635,23569,11025
AT4G39740,390,364,249,238,316,180
AT4G39753,7,3,0,3,0,3
AT4G39770,524,605,477,159,169,105
AT4G39780,1311,1361,1035,1837,2631,1386
AT4G39790,249,245,177,132,154,124
AT4G39795,384,330,343,331,433,114
AT4G39800,11551,10497,7326,7851,8958,7603
AT4G39810,67,78,62,92,104,81
AT4G39820,4157,3886,2449,2855,3757,2629
AT4G39830,224,153,125,364,445,354
AT4G39838,973,840,730,804,1228,638
AT4G39840,4248,4764,3270,3748,4906,4304
AT4G39850,6261,6203,4039,7931,9483,7645
AT4G39860,7216,6820,4854,4787,6219,4489
AT4G39870,2132,2041,1544,2132,2929,1507
AT4G39880,5366,5447,3875,3198,4092,2880
AT4G39890,632,475,377,741,1094,546
AT4G39900,2657,2429,2018,3793,4165,2766
AT4G39910,5641,5208,3759,5498,7009,4359
AT4G39920,1046,957,673,614,840,631
AT4G39925,210,158,154,286,301,158
AT4G39930,149,117,115,131,161,139
AT4G39940,3502,4227,3168,876,1068,520
AT4G39950,5723,7507,4958,1054,1243,1076
AT4G39952,177,186,140,107,137,135
AT4G39955,3663,3605,2579,5558,7770,4958
AT4G39960,1967,2072,1211,1655,2465,1573
AT4G39970,156,184,152,84,106,44
AT4G39980,14629,14668,9605,8693,10140,8134
AT4G39990,5639,5561,3870,3561,4417,2541
AT4G40000,1348,1172,731,598,595,464
AT4G40010,2291,1904,1670,4814,6176,2223
AT4G40011,24,17,9,5,9,13
AT4G40020,21,13,16,23,35,6
AT4G40030,21358,19095,15522,18126,24289,13004
AT4G40040,37573,30996,25861,48286,64039,28896
AT4G40042,1987,1932,1686,1718,2337,1217
AT4G40045,740,635,566,567,798,517
AT4G40050,7726,6990,5800,6680,8609,5926
AT4G40060,11715,11762,8534,11412,14180,7847
AT4G40065,289,264,228,163,284,131
AT4G40070,1464,1270,986,232,400,201
AT4G40080,1952,1833,1380,1461,2233,1288
AT4G40085,82,104,92,100,154,72
AT4G40090,16306,15136,15269,1832,4695,2285
AT5G00325,6,6,0,0,0,0
AT5G00335,27,29,20,34,69,32
AT5G00350,2,0,0,18,7,5
AT5G00360,15,16,7,13,27,8
AT5G00365,4025,1699,3081,5089,6456,1455
AT5G00375,0,0,2,3,5,0
AT5G00395,410,332,13,30,483,785
AT5G00400,7,26,6,7,8,6
AT5G00405,9,2,0,2,10,4
AT5G00410,0,0,0,11,8,2
AT5G00420,276,239,233,123,161,68
AT5G00430,3,4,3,25,22,4
AT5G00435,9,9,3,29,29,14
AT5G00445,45,61,65,33,39,19
AT5G00450,14,11,13,0,6,3
AT5G00455,3,0,5,2,0,0
AT5G00460,8,3,3,6,0,0
AT5G00470,4,0,4,2,0,0
AT5G00510,531,504,353,605,673,480
AT5G00540,26,22,29,5,11,7
AT5G00545,0,22,0,11,8,3
AT5G00550,12,11,8,3,12,3
AT5G00560,78,56,46,65,126,35
AT5G00580,266,211,210,1835,2728,1113
AT5G00585,60,61,36,132,147,122
AT5G00590,139,218,79,122,158,54
AT5G00595,10,13,8,13,7,9
AT5G00610,0,0,0,7,6,6
AT5G00615,3,13,0,24,28,20
AT5G00660,34,39,16,30,29,7
AT5G00670,8,7,8,4,5,0
AT5G00680,8,5,5,25,19,14
AT5G00685,7,14,2,8,10,16
AT5G00710,26,43,23,14,23,14
AT5G00715,43,49,46,0,3,3
AT5G00750,20,17,9,6,3,3
AT5G00755,21,16,10,11,9,5
AT5G00760,42,42,26,19,35,14
AT5G00765,61,63,42,41,60,36
AT5G00775,6,5,2,5,8,1
AT5G00780,340,269,273,189,233,140
AT5G00820,5,0,1,7,3,3
AT5G00845,3,3,2,0,0,3
AT5G00865,13,12,7,11,20,9
AT5G00870,7,4,9,4,6,6
AT5G00875,24,22,24,20,14,0
AT5G00925,13,13,0,0,18,11
AT5G00965,2,2,1,2,3,2
AT5G00980,0,16,3,11,14,7
AT5G00985,2,2,0,2,4,3
AT5G00990,27,35,31,151,126,52
AT5G01010,10887,10893,7092,8758,10650,8095
AT5G01015,25,36,26,77,82,54
AT5G01017,0,0,0,7,5,0
AT5G01020,7045,6727,4755,4742,6264,6098
AT5G01030,566,646,387,731,692,565
AT5G01040,11304,10725,6788,4230,5693,3878
AT5G01045,13,15,3,8,8,3
AT5G01050,936,754,698,505,841,400
AT5G01060,184,172,172,44,76,38
AT5G01070,119,145,124,35,76,42
AT5G01075,112,86,104,55,52,31
AT5G01090,2948,2542,2096,1945,2656,1639
AT5G01095,6,6,4,5,9,5
AT5G01100,569,532,455,2225,2793,1468
AT5G01110,137,202,82,112,119,109
AT5G01135,10,8,19,4,13,10
AT5G01145,15,16,16,5,6,3
AT5G01160,3193,3069,2304,4394,5544,3712
AT5G01165,7,7,6,4,2,1
AT5G01170,496,528,292,200,284,227
AT5G01175,375,409,321,400,519,211
AT5G01180,0,16,21,8,27,10
AT5G01190,953,1059,589,744,928,442
AT5G01200,385,422,240,335,445,273
AT5G01205,8,8,12,0,10,0
AT5G01210,3954,5201,2971,571,865,735
AT5G01215,577,552,506,307,452,307
AT5G01220,5025,4939,3481,2186,2777,1925
AT5G01230,1548,1352,1086,1845,1866,1168
AT5G01240,814,659,495,324,356,208
AT5G01250,1513,1622,1121,1260,2151,903
AT5G01255,13,18,12,38,52,21
AT5G01260,769,619,404,1122,1553,936
AT5G01265,0,0,0,5,5,4
AT5G01270,4310,3895,3082,2967,4066,2367
AT5G01280,684,646,395,274,466,303
AT5G01290,3025,2905,2016,3041,3157,2368
AT5G01295,20,18,10,8,7,11
AT5G01300,14,17,10,326,382,170
AT5G01310,861,885,591,656,830,533
AT5G01315,20,15,11,7,7,9
AT5G01320,0,21,18,8,17,7
AT5G01330,3019,2623,1884,318,490,365
AT5G01335,168,114,114,32,78,55
AT5G01340,3528,3352,2457,3272,3860,3271
AT5G01350,9286,8444,7614,10669,12853,6848
AT5G01360,865,1028,692,931,990,532
AT5G01370,150,165,148,186,234,171
AT5G01380,21,41,29,1280,1340,652
AT5G01390,1639,1514,1186,1565,1919,1329
AT5G01400,3249,3183,2049,2753,3479,2765
AT5G01410,6977,7516,4585,26843,25239,15984
AT5G01420,117,108,52,8,18,11
AT5G01430,4041,3579,2870,4218,5318,2993
AT5G01435,6,6,3,12,5,3
AT5G01445,173,168,138,137,154,91
AT5G01450,2539,2271,1667,1724,2527,1365
AT5G01460,11237,10272,8150,5545,7665,5314
AT5G01470,916,925,677,756,893,619
AT5G01480,140,190,127,176,196,106
AT5G01490,1519,1278,1107,464,937,390
AT5G01495,50,22,32,9,24,28
AT5G01500,4113,4248,3168,2734,3453,1946
AT5G01505,43,42,37,13,23,22
AT5G01510,684,600,536,565,754,510
AT5G01515,83,50,36,15,32,28
AT5G01520,1698,1509,1302,3432,4140,1593
AT5G01530,806,1099,605,1684,2086,1183
AT5G01540,22,37,19,146,202,160
AT5G01542,12,17,16,15,23,11
AT5G01545,11,9,7,3,8,3
AT5G01550,952,1018,521,846,1310,828
AT5G01555,6,1,4,11,8,2
AT5G01560,358,294,216,307,515,441
AT5G01570,192,150,130,86,133,58
AT5G01580,62,65,46,33,34,20
AT5G01590,2902,3209,1886,1699,1841,1669
AT5G01595,88,66,47,39,56,42
AT5G01600,12620,14860,9296,53799,46535,28753
AT5G01610,2480,2424,1913,1193,1981,898
AT5G01620,3129,2999,2179,1070,1552,1189
AT5G01630,1350,1432,1046,839,824,689
AT5G01640,371,370,326,251,353,223
AT5G01645,4,2,1,1,0,2
AT5G01650,2707,2385,2150,1974,2564,1319
AT5G01655,0,1,1,9,2,2
AT5G01660,146,179,98,100,102,117
AT5G01670,280,223,209,1056,1098,461
AT5G01675,1,0,0,2,12,7
AT5G01700,1371,1240,875,458,696,445
AT5G01710,7208,6898,5009,4574,6378,4236
AT5G01715,80,63,70,78,88,67
AT5G01720,4937,4499,3508,5519,6838,3863
AT5G01730,1359,1607,1131,1466,1663,1217
AT5G01732,82,76,71,112,144,79
AT5G01740,277,435,187,9,19,3
AT5G01747,15,8,9,6,6,0
AT5G01750,7796,7112,5667,10854,15836,6582
AT5G01760,20,27,21,72,79,65
AT5G01770,981,936,763,679,975,795
AT5G01775,257,284,214,58,79,56
AT5G01780,436,506,394,217,275,245
AT5G01790,147,174,102,49,41,21
AT5G01800,18032,17106,14312,15955,23133,12021
AT5G01810,9842,8944,7647,6086,8299,5341
AT5G01815,118,92,83,356,390,141
AT5G01820,3762,4120,2569,9721,12707,7905
AT5G01830,3252,3418,2088,1925,2643,1864
AT5G01835,89,52,61,78,66,22
AT5G01840,755,873,546,541,852,409
AT5G01850,940,1014,803,1065,1505,982
AT5G01870,27,6,47,26,58,16
AT5G01880,438,304,225,689,681,443
AT5G01881,49,156,112,20,16,7
AT5G01890,6397,6453,4102,2846,3918,4055
AT5G01895,2,4,1,2,2,1
AT5G01910,596,515,445,80,110,33
AT5G01920,799,946,518,471,588,444
AT5G01930,572,571,416,822,962,691
AT5G01935,109,88,93,161,204,96
AT5G01940,379,348,237,324,475,310
AT5G01945,0,6,4,3,6,3
AT5G01950,3816,3519,2645,2805,4324,2368
AT5G01960,5519,5101,4013,6555,8524,5280
AT5G01970,2974,2878,2141,1385,2050,1282
AT5G01980,3170,3061,2329,4010,5568,3799
AT5G01990,3368,3029,2629,4583,6046,2924
AT5G02000,402,383,266,33,86,52
AT5G02010,1668,1490,1154,1149,1581,1236
AT5G02020,1165,926,962,30452,26262,15612
AT5G02030,104,106,68,336,266,248
AT5G02040,4942,4575,3884,5662,6973,3291
AT5G02050,8413,8747,5493,2504,2968,2409
AT5G02055,37,63,32,27,16,27
AT5G02060,398,419,254,300,394,279
AT5G02065,426,368,307,415,549,377
AT5G02070,239,175,111,126,171,177
AT5G02080,310,340,206,195,225,192
AT5G02090,1008,1152,656,636,927,426
AT5G02095,23,35,22,36,59,33
AT5G02100,6674,6007,4496,5014,6699,3971
AT5G02120,163,178,116,405,616,221
AT5G02125,0,5,0,0,3,3
AT5G02130,1028,994,720,1250,1541,869
AT5G02140,277,305,265,72,125,88
AT5G02150,656,681,400,1062,1263,1062
AT5G02155,4,7,5,2,0,0
AT5G02160,162,150,124,559,471,246
AT5G02170,1521,1247,1218,429,538,425
AT5G02180,240,210,236,109,158,121
AT5G02190,268,220,203,285,310,270
AT5G02195,13,13,10,29,45,10
AT5G02200,230,182,142,253,435,214
AT5G02210,19,27,22,5,9,6
AT5G02220,142,167,115,93,83,47
AT5G02230,4931,4635,3609,36459,48707,20575
AT5G02240,2737,2890,1839,2897,3315,2204
AT5G02244,0,0,0,17,21,9
AT5G02250,1397,1322,850,1570,1763,1439
AT5G02260,19486,17893,10702,28294,33343,28397
AT5G02270,25008,25578,14786,11577,16439,10835
AT5G02280,3338,3108,2868,2869,3914,1961
AT5G02290,2006,1781,1473,2246,3277,1893
AT5G02310,5995,5881,3911,4999,6447,5102
AT5G02320,538,464,283,749,746,503
AT5G02330,74,94,66,7,11,13
AT5G02350,2597,2150,1936,718,1429,931
AT5G02360,1067,899,559,126,285,271
AT5G02370,1162,1025,765,619,745,520
AT5G02380,27592,25562,20161,52599,51055,25305
AT5G02390,96,151,100,22,15,12
AT5G02400,1153,1153,710,478,800,477
AT5G02410,2818,2593,1883,1192,1694,1400
AT5G02415,13,5,10,0,0,0
AT5G02420,2138,2072,1600,1806,2799,1520
AT5G02430,1036,1049,786,794,951,766
AT5G02440,795,663,672,646,754,527
AT5G02450,36682,34854,28955,30020,36149,23618
AT5G02460,303,280,222,86,123,84
AT5G02470,1726,1636,1303,1390,1682,1065
AT5G02480,10136,10178,6912,7686,10869,7044
AT5G02490,1628,2274,1337,797,758,492
AT5G02500,268370,249644,169388,125263,164134,162238
AT5G02502,3168,2730,2360,2021,2646,1105
AT5G02510,7,14,8,7,0,15
AT5G02520,342,346,275,155,226,173
AT5G02530,8198,7487,5480,5412,7259,5109
AT5G02540,29,12,26,3,5,0
AT5G02550,3091,2747,2679,1572,3429,3291
AT5G02560,1594,1561,1231,1600,2088,900
AT5G02565,152,123,89,96,88,30
AT5G02570,1,2,1,10,12,11
AT5G02575,347,348,215,129,107,74
AT5G02580,609,466,462,1683,1548,596
AT5G02585,9,0,0,7,0,0
AT5G02590,663,601,394,525,568,653
AT5G02600,900,1012,630,1254,1241,831
AT5G02605,1,2,5,2,3,3
AT5G02610,10579,10208,7395,7177,8547,4946
AT5G02620,1445,1444,1151,1538,2419,1300
AT5G02630,143,72,112,154,183,100
AT5G02640,540,540,368,534,625,249
AT5G02645,19,23,10,0,12,8
AT5G02650,356,312,186,306,392,345
AT5G02665,6,4,1,0,2,0
AT5G02670,356,299,265,309,328,178
AT5G02675,3,4,2,1,7,0
AT5G02680,721,565,512,526,690,414
AT5G02690,382,268,271,272,390,200
AT5G02695,5,0,2,6,1,0
AT5G02710,188,279,204,165,179,149
AT5G02715,4,3,3,1,5,11
AT5G02740,6121,6348,4626,4495,5228,4013
AT5G02750,478,521,456,317,453,291
AT5G02755,2,2,2,4,2,1
AT5G02760,60,45,52,7,1,0
AT5G02770,15163,13026,9996,12771,14910,10412
AT5G02780,75,89,61,280,450,288
AT5G02790,1261,1260,1047,1146,1624,750
AT5G02800,2298,2029,1576,2161,2769,1759
AT5G02810,3130,2486,2270,2948,3734,1781
AT5G02820,3015,2914,1828,2363,2860,2293
AT5G02830,761,718,398,517,785,631
AT5G02840,4748,3894,3145,6590,8314,4554
AT5G02850,1626,1444,1014,1442,1814,1504
AT5G02860,653,641,372,1129,1218,989
AT5G02870,56286,59251,39595,36876,40697,36943
AT5G02875,13,0,0,16,14,0
AT5G02880,7288,6810,5321,8758,11456,6979
AT5G02890,1410,1705,1075,117,249,129
AT5G02895,162,131,95,308,310,221
AT5G02905,16,16,14,7,21,4
AT5G02910,780,708,584,635,756,514
AT5G02915,12,18,14,11,8,6
AT5G02940,230,196,143,264,327,232
AT5G02950,76,70,71,57,78,39
AT5G02960,76601,73243,55523,50682,59482,41988
AT5G02970,2158,2080,1613,1553,1945,1546
AT5G03010,75,50,61,21,23,19
AT5G03020,30,47,33,21,18,11
AT5G03030,2615,2775,1998,4380,4769,2381
AT5G03040,14718,14760,9949,5671,7188,5422
AT5G03050,406,384,263,353,477,224
AT5G03060,10,0,3,7,0,0
AT5G03070,921,1046,633,1623,1527,1179
AT5G03080,5626,5008,3512,3942,6203,3731
AT5G03100,717,686,433,751,811,670
AT5G03110,218,272,171,168,184,132
AT5G03120,15,5,9,8,8,0
AT5G03140,1210,1153,838,492,677,629
AT5G03150,4500,4884,3519,2454,3656,2898
AT5G03160,8048,7246,5113,2350,3279,2383
AT5G03165,0,25,30,22,23,11
AT5G03170,5361,5603,3820,4788,4853,3027
AT5G03175,3,8,7,0,10,5
AT5G03180,697,607,518,3187,3675,1983
AT5G03185,27,28,15,34,42,15
AT5G03190,1409,1563,893,6658,8443,5308
AT5G03195,22,20,22,6,12,8
AT5G03200,1162,1104,911,769,1057,718
AT5G03204,0,0,0,9,4,7
AT5G03210,32,7,14,3445,3579,1325
AT5G03220,1121,1087,891,1207,1598,641
AT5G03230,385,513,370,459,663,332
AT5G03235,6,6,7,3,9,3
AT5G03240,97042,93000,68298,142118,164085,96313
AT5G03250,373,366,272,164,272,195
AT5G03255,191,186,117,192,239,143
AT5G03260,5381,4967,3066,6831,7729,5605
AT5G03270,0,10,3,0,0,0
AT5G03280,14686,14899,9847,7616,10632,9242
AT5G03285,280,249,199,403,574,224
AT5G03290,22334,21309,14964,18419,24119,14105
AT5G03300,36677,36086,26559,16520,22536,14084
AT5G03315,3,3,0,4,0,0
AT5G03320,2760,2685,1815,1934,2670,1393
AT5G03330,1898,1731,1534,1689,2387,1297
AT5G03340,5215,4569,3407,5424,6316,4499
AT5G03345,5854,5073,4816,3676,5348,2399
AT5G03355,568,524,380,29,85,68
AT5G03360,2,9,13,0,0,0
AT5G03370,1069,971,741,1142,1252,850
AT5G03375,9,7,5,5,5,4
AT5G03377,15,15,12,5,12,3
AT5G03380,8211,8788,7195,4189,5647,3408
AT5G03390,20,32,20,19,21,6
AT5G03406,586,507,498,393,529,321
AT5G03415,1474,1491,1092,1828,2045,1347
AT5G03420,1526,1280,986,1835,2323,1514
AT5G03430,4372,4339,2991,4109,5293,3723
AT5G03440,1164,1005,826,1214,1831,857
AT5G03450,1063,936,744,1249,1457,962
AT5G03455,2015,2240,1606,1537,2034,940
AT5G03460,9171,8510,7549,8768,12619,6062
AT5G03470,1680,1507,1043,1474,1759,1616
AT5G03475,48,39,27,28,34,25
AT5G03485,49,40,28,18,15,9
AT5G03490,1183,1234,752,2402,2757,2296
AT5G03495,10,18,18,59,67,43
AT5G03500,2463,2215,1795,3428,4372,2260
AT5G03510,1457,1349,1029,844,1082,756
AT5G03515,11,19,8,12,15,0
AT5G03520,10539,10168,6943,8565,10414,5630
AT5G03530,3073,3198,2449,3616,4543,2752
AT5G03540,10328,10054,7715,7465,9849,6481
AT5G03545,3775,3167,3632,2481,3309,1791
AT5G03550,54,26,23,51,94,35
AT5G03552,1964,1508,1100,1270,1787,1075
AT5G03553,192,146,144,152,214,103
AT5G03555,3912,3932,2431,2883,3971,2802
AT5G03560,1117,1195,866,1963,2159,1544
AT5G03570,637,463,420,352,554,307
AT5G03585,64,83,44,69,99,40
AT5G03610,9399,8506,7149,9070,11657,6536
AT5G03615,5,0,6,7,2,0
AT5G03620,0,0,0,12,8,5
AT5G03630,51699,49116,29196,27571,35073,28192
AT5G03635,8,7,4,14,14,9
AT5G03640,609,657,450,87,216,158
AT5G03650,2130,2358,1360,1492,1862,1326
AT5G03660,3678,3854,2793,3531,4649,2711
AT5G03668,27,19,9,4,12,4
AT5G03670,2102,1902,1559,897,1618,1218
AT5G03680,0,0,0,22,14,8
AT5G03690,811,874,585,910,1143,736
AT5G03700,4264,3720,3057,2923,4355,2489
AT5G03720,26,52,20,307,195,146
AT5G03730,6820,6270,4335,6272,8405,6281
AT5G03740,8215,7631,6090,4752,5949,3787
AT5G03760,8319,8574,5048,1890,2357,2004
AT5G03770,576,537,407,933,1091,797
AT5G03780,317,306,250,237,251,253
AT5G03790,6,0,0,0,5,0
AT5G03795,280,402,224,334,409,173
AT5G03800,326,341,253,168,198,207
AT5G03805,118,159,217,133,217,116
AT5G03830,674,580,672,702,835,452
AT5G03840,10,5,8,0,5,0
AT5G03850,28133,28032,24051,18812,23851,14352
AT5G03860,1850,1396,882,3205,5045,3067
AT5G03870,838,842,636,113,115,71
AT5G03880,1869,1737,1419,1970,2001,1262
AT5G03885,66,36,49,3,8,8
AT5G03890,108,75,64,209,161,117
AT5G03900,1980,1920,1341,2412,2720,1904
AT5G03905,1931,1872,1355,2899,3327,1617
AT5G03910,1312,1189,981,1798,2018,1631
AT5G03940,1476,1403,944,1642,2081,1503
AT5G03960,3360,3043,2510,497,790,477
AT5G03970,620,590,420,727,811,588
AT5G03985,6,9,5,5,12,6
AT5G03990,503,494,353,781,891,532
AT5G03995,367,532,330,12,8,0
AT5G04000,227,162,128,506,622,293
AT5G04010,14,0,0,93,68,28
AT5G04020,1767,1685,1161,903,1373,1112
AT5G04040,3611,3382,2546,4385,5697,3893
AT5G04050,455,385,268,655,758,608
AT5G04055,0,0,0,13,0,0
AT5G04060,2576,2411,1822,1818,2394,1633
AT5G04065,19,20,18,27,27,32
AT5G04070,794,681,645,615,697,429
AT5G04080,1372,1152,937,3675,3789,1657
AT5G04085,0,4,0,2,6,0
AT5G04090,3455,3147,2588,4313,5540,2955
AT5G04105,5,7,10,2,16,5
AT5G04110,1407,1367,1031,1347,1771,1172
AT5G04120,7915,7320,9474,13546,16104,6962
AT5G04130,3015,3244,2136,2152,2300,1552
AT5G04140,323,610,162,155,187,186
AT5G04150,60,57,62,43,80,40
AT5G04160,4707,4568,3690,1899,2489,1459
AT5G04170,13109,12393,9429,10559,15527,7959
AT5G04175,3,3,5,7,6,2
AT5G04185,0,14,11,23,25,14
AT5G04190,16,0,8,0,0,0
AT5G04200,1080,1213,659,2797,3256,2646
AT5G04205,45,58,35,39,51,38
AT5G04210,6,6,16,25,16,0
AT5G04220,425,339,302,1285,1470,710
AT5G04235,756,673,581,668,849,401
AT5G04240,2981,2717,2035,2861,3454,2642
AT5G04250,568,608,427,3257,3345,1597
AT5G04260,1584,1302,1105,1303,1906,963
AT5G04270,1463,1384,1182,1112,1187,575
AT5G04280,5843,5552,3786,5659,7083,4652
AT5G04290,2192,2284,1579,1612,2419,1911
AT5G04305,4,4,0,5,5,3
AT5G04310,687,608,512,206,285,196
AT5G04320,2298,2255,1723,1649,1964,1332
AT5G04325,8,16,3,4,3,5
AT5G04330,2380,2029,1925,422,460,234
AT5G04340,941,843,756,8275,8367,3681
AT5G04355,8,6,9,11,7,7
AT5G04360,335,262,270,340,458,305
AT5G04370,89,66,65,757,917,497
AT5G04375,2,3,6,7,9,2
AT5G04380,0,0,0,17,13,4
AT5G04390,176,171,90,14,32,20
AT5G04410,8963,8350,6463,11550,12832,8844
AT5G04415,14,7,10,10,13,2
AT5G04420,8340,7699,5517,5801,7242,5050
AT5G04425,25,34,24,30,33,17
AT5G04430,26741,25353,18350,18205,20502,13428
AT5G04440,3087,3202,2450,3622,4842,3026
AT5G04455,3,3,2,5,7,2
AT5G04460,2840,2872,2039,2312,3323,2254
AT5G04465,6,0,0,2,2,4
AT5G04470,7807,9151,6528,5054,7030,4052
AT5G04475,62,35,34,51,63,25
AT5G04480,4154,4082,2872,4581,5525,4194
AT5G04485,6,23,16,12,12,7
AT5G04490,440,290,252,500,635,328
AT5G04500,0,3,0,10,0,4
AT5G04510,7068,6504,5180,4279,5930,3708
AT5G04520,733,644,560,978,1162,725
AT5G04540,3779,3846,2364,4638,6278,5044
AT5G04550,5763,5427,3874,6582,8433,6070
AT5G04560,5655,5475,3906,4541,6072,5101
AT5G04590,33062,31166,20035,33825,44182,35684
AT5G04600,9715,9280,6971,8997,10688,6724
AT5G04610,2,2,3,2,1,1
AT5G04620,2091,2019,1585,1478,1819,1099
AT5G04630,14,15,0,18,13,14
AT5G04660,5,8,4,53,35,22
AT5G04670,1834,1730,1084,1328,1644,1647
AT5G04680,217,389,223,275,275,237
AT5G04690,42,43,37,35,31,29
AT5G04700,103,107,126,257,229,226
AT5G04710,2736,2993,1979,2572,2911,2543
AT5G04720,3339,3170,1883,3811,4492,2877
AT5G04730,13,0,0,0,0,0
AT5G04740,33849,34688,27394,20271,28480,13984
AT5G04750,6654,5970,5028,5375,7856,2588
AT5G04760,1010,972,827,3858,4980,2581
AT5G04770,2378,2083,1829,4985,6140,3671
AT5G04780,285,215,187,262,341,303
AT5G04781,33,34,32,19,30,18
AT5G04800,25380,24857,18173,18275,20463,13359
AT5G04810,2635,2559,1834,3098,3674,2651
AT5G04820,2760,2764,1948,1180,1686,1426
AT5G04830,8735,7946,6513,9438,13437,6354
AT5G04840,1055,781,789,947,1094,719
AT5G04850,3415,3519,2534,4513,5488,3354
AT5G04860,4410,4381,2927,2523,4666,2749
AT5G04870,2233,4977,3445,3560,3881,2393
AT5G04880,5510,2767,1535,2456,3792,3936
AT5G04885,1292,1315,927,1053,1135,1025
AT5G04890,659,530,533,866,954,689
AT5G04895,1435,1425,832,557,526,588
AT5G04900,240,244,163,358,402,270
AT5G04905,90,67,426,36,46,66
AT5G04910,1662,1656,1180,2199,2934,1729
AT5G04920,6353,5844,3716,5578,7402,5344
AT5G04930,10563,9469,7328,6841,8777,5783
AT5G04940,2269,2158,1404,2068,2259,1839
AT5G04950,862,975,1004,438,590,255
AT5G04960,9627,10486,7162,528,1499,1057
AT5G04970,3848,4341,2368,1308,2483,1885
AT5G04980,435,454,332,816,795,468
AT5G04990,5393,4883,3790,4147,5410,3145
AT5G05000,5565,5153,3955,4207,5428,3095
AT5G05010,34465,31843,23841,24030,29965,20814
AT5G05040,0,0,6,5,0,0
AT5G05060,835,656,672,697,755,474
AT5G05080,10787,9903,7467,7519,9345,6011
AT5G05085,88,88,56,61,62,28
AT5G05090,917,891,618,259,351,310
AT5G05100,7433,6662,5500,11155,14238,8344
AT5G05110,1325,1371,1046,1756,2321,1100
AT5G05130,395,334,211,407,454,407
AT5G05140,4539,4631,2976,6297,8417,5004
AT5G05145,0,0,3,0,7,0
AT5G05160,2091,2270,1606,3489,3767,2376
AT5G05170,68930,69043,45809,32574,42263,32859
AT5G05180,401,440,269,89,128,72
AT5G05190,688,559,515,647,900,683
AT5G05200,2486,2466,1584,3211,3734,2111
AT5G05210,4922,4876,3351,3941,4999,3297
AT5G05220,3,3,0,552,376,188
AT5G05230,1491,1389,1026,1971,2429,1542
AT5G05240,1117,848,611,438,383,287
AT5G05250,549,570,378,86,155,47
AT5G05270,15750,16311,7819,7079,9484,7082
AT5G05275,20,23,7,3,12,5
AT5G05280,0,4,0,22,22,9
AT5G05300,8,0,0,15,3,3
AT5G05310,1772,1736,1375,1443,1907,1133
AT5G05320,128,82,127,120,193,90
AT5G05330,249,173,167,95,110,63
AT5G05340,5,3,0,251,422,293
AT5G05350,59,45,20,40,50,38
AT5G05360,3202,2877,2272,2529,2914,1894
AT5G05365,12,30,18,319,334,258
AT5G05370,10164,10387,7897,5550,9141,3865
AT5G05380,924,833,695,740,1256,545
AT5G05390,44,31,22,1985,1963,1322
AT5G05395,6,0,0,0,0,4
AT5G05400,789,768,517,255,418,235
AT5G05410,1292,1105,781,8091,7808,5033
AT5G05420,7,0,0,0,3,0
AT5G05430,5,5,0,0,0,0
AT5G05435,387,338,341,303,334,175
AT5G05440,4270,3783,3588,1623,1751,852
AT5G05450,3401,3375,2218,2387,2957,2327
AT5G05460,4018,3539,2750,2003,3015,2700
AT5G05465,0,0,0,4,6,0
AT5G05470,2670,2578,1617,1574,2124,1182
AT5G05480,1520,1438,979,1171,1410,1377
AT5G05490,83,70,82,251,173,119
AT5G05500,12304,12279,9270,2270,5387,3458
AT5G05510,568,688,482,365,402,302
AT5G05520,5891,5609,4101,6207,8077,5975
AT5G05530,5,6,6,10,17,7
AT5G05540,2346,2287,1708,2609,3146,2096
AT5G05550,589,588,475,1291,1481,761
AT5G05560,2023,1959,1073,1180,1286,1357
AT5G05570,4426,4237,2943,2904,4037,3201
AT5G05580,480,494,275,178,222,299
AT5G05590,2650,2483,1636,1973,2724,1779
AT5G05600,11854,10515,8336,6551,10454,5080
AT5G05610,5230,5040,3923,5368,6817,4101
AT5G05620,2791,2651,1716,1886,2103,1502
AT5G05630,321,282,188,315,316,282
AT5G05640,1086,783,623,1274,1469,1059
AT5G05653,0,0,50,0,159,117
AT5G05657,0,5,0,5,0,0
AT5G05660,5608,5201,3485,4862,5846,5723
AT5G05670,3385,3182,2332,3886,4768,3231
AT5G05675,4,4,5,8,9,2
AT5G05680,2195,2009,1481,2370,2616,2628
AT5G05690,6933,5938,5118,11944,14534,10692
AT5G05700,3053,3054,2320,2646,3723,2198
AT5G05710,281,314,223,552,521,265
AT5G05730,3324,3509,2324,3884,4464,2969
AT5G05735,5,3,4,5,5,3
AT5G05740,332,322,227,240,246,148
AT5G05750,2530,2479,1474,2752,3609,2655
AT5G05760,1595,1668,1243,1411,2077,1103
AT5G05770,3,6,4,0,2,5
AT5G05775,45,48,27,28,20,12
AT5G05780,21376,21005,15309,18882,23545,15681
AT5G05790,2309,2681,1973,4118,6240,2721
AT5G05800,2049,1829,1380,2773,3246,2129
AT5G05805,3,4,0,0,4,0
AT5G05810,148,193,139,211,365,176
AT5G05820,5317,5356,4110,4136,5605,3659
AT5G05830,1073,1048,722,616,740,655
AT5G05840,447,563,350,56,146,112
AT5G05850,1253,1202,884,1757,2440,1821
AT5G05860,1330,1486,1095,1059,1521,780
AT5G05870,585,523,372,969,1244,679
AT5G05880,2915,2560,1867,2050,3349,2662
AT5G05890,3643,3274,2445,690,1221,1014
AT5G05900,971,782,521,178,292,162
AT5G05920,1599,1544,959,1131,1047,759
AT5G05930,2024,1950,1554,2341,2923,1640
AT5G05940,90,88,77,24,46,28
AT5G05945,3,2,3,1,0,1
AT5G05950,2258,2096,1829,2056,3185,2430
AT5G05960,3737,4197,2631,1585,1778,647
AT5G05965,0,16,0,823,873,387
AT5G05970,2146,1867,1476,2018,2392,1743
AT5G05980,6460,5893,4346,5612,6819,3939
AT5G05987,2084,1957,1748,3387,3956,2248
AT5G05990,866,910,572,410,434,310
AT5G05995,0,0,0,11,3,0
AT5G06000,1046,972,677,684,675,555
AT5G06050,3269,3430,2132,2016,2528,2250
AT5G06060,2204,2146,1746,1529,2000,1168
AT5G06070,1,0,0,12,3,3
AT5G06080,27,16,7,149,186,86
AT5G06090,213,195,121,8708,7300,4044
AT5G06100,1610,1480,1176,1831,2383,1670
AT5G06110,7430,7181,5202,10962,13612,11490
AT5G06120,7118,6716,4610,5342,6559,4681
AT5G06130,2803,2477,2047,3989,5040,3165
AT5G06140,7183,6527,5428,7619,9668,6180
AT5G06150,2689,2789,1916,450,524,381
AT5G06155,25,26,54,71,91,37
AT5G06160,4484,4350,2994,3872,4350,2746
AT5G06165,64,86,70,45,35,19
AT5G06180,1222,1194,946,1109,1367,952
AT5G06190,555,521,398,787,881,384
AT5G06195,16,20,19,20,9,12
AT5G06200,11780,10163,8667,9720,17534,6470
AT5G06210,1502,1566,1183,2191,2074,1586
AT5G06220,2332,2016,1370,2981,3445,2354
AT5G06230,946,1009,687,653,812,449
AT5G06235,78,61,56,38,36,23
AT5G06240,879,893,675,1122,1258,871
AT5G06245,1,3,6,3,3,2
AT5G06250,0,6,6,0,0,3
AT5G06260,4294,4052,3143,3870,5351,2700
AT5G06265,1999,1965,1583,1418,1861,935
AT5G06270,1101,1258,763,429,868,567
AT5G06275,10,1,13,4,8,3
AT5G06278,157,94,91,152,143,67
AT5G06280,1558,1313,1114,2097,3039,1305
AT5G06290,1774,1594,1146,1693,2289,1095
AT5G06300,6160,5670,4315,7905,11423,5776
AT5G06305,6,2,2,3,2,2
AT5G06310,609,610,530,634,834,643
AT5G06320,3279,3623,2483,7143,9303,4606
AT5G06330,951,1031,779,199,353,142
AT5G06335,0,0,3,6,1,0
AT5G06340,1580,1565,1092,1529,2107,1754
AT5G06350,2358,2273,1489,2210,2480,2035
AT5G06360,11737,12012,8589,14254,16437,11287
AT5G06370,3360,2979,2500,6526,7535,4019
AT5G06380,25,16,6,23,11,21
AT5G06385,25,13,15,18,27,23
AT5G06390,9751,9728,6219,2293,2817,2552
AT5G06395,502,466,677,804,1225,644
AT5G06400,149,153,54,67,75,60
AT5G06410,1307,1200,954,1593,1868,1097
AT5G06420,216,305,228,324,407,396
AT5G06430,402,383,268,422,457,328
AT5G06440,1577,1443,1105,1199,1714,1041
AT5G06450,1841,1809,1301,2021,2491,1491
AT5G06460,5668,6155,3540,4849,5269,5145
AT5G06465,7,4,0,0,2,3
AT5G06470,133,97,94,66,62,45
AT5G06475,64,77,60,144,89,58
AT5G06480,282,216,242,311,359,230
AT5G06490,32,39,58,0,23,16
AT5G06500,10,12,12,8,24,6
AT5G06510,73,103,79,140,165,74
AT5G06530,508,639,302,4073,5018,2843
AT5G06540,173,239,113,119,93,123
AT5G06550,2471,2344,1507,1119,1325,1148
AT5G06560,3592,3250,2352,2527,3518,2378
AT5G06565,9,8,1,5,0,2
AT5G06570,1292,1111,1100,529,829,374
AT5G06580,1453,1334,1071,1195,1520,899
AT5G06590,856,813,539,588,627,410
AT5G06600,17066,16083,11559,14136,18538,12603
AT5G06610,1884,1980,1348,1178,1502,1023
AT5G06620,523,499,451,400,439,310
AT5G06630,3937,6113,4622,79,312,208
AT5G06640,6823,8947,7543,402,992,662
AT5G06645,9,18,7,2,50,4
AT5G06650,3,5,3,0,0,0
AT5G06660,5816,5236,3834,4053,5301,3253
AT5G06665,5,4,10,3,4,3
AT5G06670,1308,1335,951,584,772,522
AT5G06680,1924,1817,1167,987,1182,1103
AT5G06690,35,21,15,5,27,3
AT5G06695,1786,1729,1024,1904,3255,2287
AT5G06700,6666,6865,4507,4187,5628,3582
AT5G06710,335,305,325,595,585,356
AT5G06720,11,28,8,97,77,63
AT5G06730,382,217,264,86,120,91
AT5G06740,786,696,631,154,256,235
AT5G06750,2339,2282,1657,2196,2769,1961
AT5G06755,0,0,0,42,13,16
AT5G06760,227,207,161,62419,59851,27514
AT5G06770,685,713,490,912,1265,512
AT5G06775,0,0,0,13,11,9
AT5G06780,2667,2260,1761,3473,4074,2674
AT5G06790,18,19,10,13,3,3
AT5G06800,3448,3303,2870,1233,2058,1026
AT5G06810,483,392,278,306,325,228
AT5G06811,493,432,316,209,326,300
AT5G06820,85,52,61,97,123,92
AT5G06825,8,8,9,7,14,7
AT5G06830,4313,4049,3174,3943,5111,3284
AT5G06835,1,4,4,3,1,3
AT5G06839,4383,4017,3386,2809,4828,2048
AT5G06845,57,85,42,21,25,9
AT5G06850,2121,1882,1278,969,1133,699
AT5G06860,33227,30637,18730,34354,54181,38429
AT5G06865,81,72,307,715,920,518
AT5G06870,11,18,12,10,11,10
AT5G06875,0,4,0,7,8,2
AT5G06910,1602,1538,1211,1113,1462,728
AT5G06930,3792,3839,2618,1105,1720,1273
AT5G06940,780,621,536,213,270,240
AT5G06950,2067,1782,1423,1693,1955,1309
AT5G06960,2244,1987,1432,2346,2723,1678
AT5G06970,12453,11209,8037,6835,8779,6063
AT5G06980,538,450,439,2597,2315,991
AT5G06990,679,867,462,169,253,210
AT5G07000,538,497,320,533,591,375
AT5G07010,1286,1100,889,2962,3563,2389
AT5G07015,6,4,4,12,12,10
AT5G07020,725,812,561,1303,1502,671
AT5G07030,11685,13618,9796,6196,7694,5117
AT5G07040,395,415,303,327,321,287
AT5G07060,6,8,0,0,0,0
AT5G07070,396,322,306,557,576,412
AT5G07080,1083,1115,637,1457,1597,1365
AT5G07090,53996,54675,39402,38367,44121,36909
AT5G07095,43,58,55,28,41,30
AT5G07100,565,529,517,505,951,494
AT5G07105,28,43,44,24,29,19
AT5G07110,5493,4953,3590,1401,1900,1535
AT5G07120,2960,2724,1882,1604,2131,1586
AT5G07125,9,19,36,0,3,0
AT5G07130,650,737,576,1649,1518,1202
AT5G07140,1362,1003,912,999,1124,1112
AT5G07150,679,695,535,578,870,526
AT5G07152,315,321,248,153,196,115
AT5G07165,3,0,2,5,3,0
AT5G07175,3,4,4,0,0,2
AT5G07180,8,22,6,6,3,0
AT5G07190,694,859,469,169,310,209
AT5G07200,488,553,360,29,125,92
AT5G07220,12469,12359,8084,10132,13863,7215
AT5G07240,177,205,159,181,203,144
AT5G07250,2035,2133,1690,2174,2424,1278
AT5G07265,0,2,3,3,1,4
AT5G07270,4399,4500,3201,4920,6577,3744
AT5G07280,223,178,147,325,350,252
AT5G07285,61,53,55,24,61,31
AT5G07290,3682,3508,2422,7843,9097,6764
AT5G07300,6945,6492,5564,6007,7720,4032
AT5G07310,0,3,3,631,833,541
AT5G07320,1634,1756,1035,1304,1700,1314
AT5G07322,4102,4372,3187,3646,5114,2159
AT5G07325,0,19,8,10,24,0
AT5G07330,27,15,13,1868,1735,901
AT5G07340,4996,3979,3409,1368,1739,1058
AT5G07350,32167,30281,18999,24885,32013,27402
AT5G07360,4540,4112,3047,2493,3583,2480
AT5G07370,4155,3801,2989,2626,3676,1833
AT5G07375,3,0,4,1,4,4
AT5G07380,140,107,108,128,177,98
AT5G07390,774,633,525,321,435,279
AT5G07400,816,814,530,394,542,430
AT5G07440,48091,43741,34504,41720,51645,26546
AT5G07450,522,596,345,85,126,103
AT5G07455,5,0,0,3,5,0
AT5G07460,6982,6644,5682,1305,2087,949
AT5G07470,7934,8875,5969,8660,11112,5731
AT5G07475,976,1407,1114,5639,5314,2865
AT5G07480,0,0,0,5,5,8
AT5G07510,5,0,0,8,10,0
AT5G07515,4,10,6,9,8,3
AT5G07550,90,96,42,175,214,158
AT5G07560,28,35,24,0,10,0
AT5G07570,49,37,40,5,9,10
AT5G07571,12,15,33,8,10,5
AT5G07572,0,5,8,0,0,0
AT5G07580,999,964,784,520,682,307
AT5G07590,2833,2546,1897,1715,2074,1754
AT5G07610,41,15,21,11,38,14
AT5G07620,164,129,60,36,57,65
AT5G07630,2323,1963,1751,1534,2127,1186
AT5G07635,21,9,25,16,29,10
AT5G07640,115,95,84,187,228,124
AT5G07650,279,166,171,60,130,68
AT5G07660,270,282,213,155,175,106
AT5G07670,907,776,618,1176,1279,1021
AT5G07680,1432,1164,1026,1855,3299,1167
AT5G07710,625,566,454,761,923,653
AT5G07720,718,671,503,281,373,337
AT5G07725,19,24,15,14,22,6
AT5G07730,617,600,505,882,1004,624
AT5G07735,20,11,6,2,2,0
AT5G07740,5739,5700,4464,8681,9608,7047
AT5G07745,19,9,9,12,16,2
AT5G07770,3268,2917,2699,960,1953,784
AT5G07780,343,325,247,125,293,136
AT5G07790,385,262,219,361,355,358
AT5G07800,415,423,250,269,390,275
AT5G07810,1859,1904,1365,1352,1686,1086
AT5G07820,2122,1951,1538,1246,1813,1061
AT5G07830,2874,3052,2486,3245,4154,2639
AT5G07840,1273,1142,980,1405,1717,1145
AT5G07860,4444,4082,2909,5388,4655,3320
AT5G07870,9846,8909,6235,8481,9450,6262
AT5G07880,49,68,38,66,103,30
AT5G07885,104,90,72,213,195,135
AT5G07890,1703,1562,1285,1450,1882,1082
AT5G07895,3,4,2,0,5,0
AT5G07900,368,342,257,224,243,255
AT5G07910,2625,2562,1873,1931,2503,1248
AT5G07920,3164,3240,2029,4289,5708,3331
AT5G07940,3626,3656,2172,3118,3907,2914
AT5G07950,654,585,445,810,892,755
AT5G07960,7962,7335,5577,6510,8303,4809
AT5G07965,4,3,3,3,9,2
AT5G07970,2711,2608,1659,3444,4002,3143
AT5G07980,1816,1781,1234,1987,2436,1813
AT5G07985,2,5,2,1,2,3
AT5G07990,1817,2457,960,829,1775,1076
AT5G07995,30,40,47,0,3,0
AT5G08000,5,11,0,81,102,81
AT5G08010,614,652,457,321,435,345
AT5G08020,1674,1713,946,453,495,388
AT5G08030,10,0,3,0,0,0
AT5G08040,6632,7095,5469,5960,7057,3916
AT5G08050,433,689,309,1344,1686,860
AT5G08060,20955,20705,15203,16371,21511,11855
AT5G08080,8788,8895,6164,6770,7742,6324
AT5G08090,6,8,0,0,3,2
AT5G08100,4258,3801,2832,3546,3959,2350
AT5G08110,893,922,557,738,677,586
AT5G08120,2287,2354,1802,2523,2957,1745
AT5G08130,7956,7065,5433,8341,10379,7110
AT5G08135,4,0,7,0,0,0
AT5G08139,1024,1030,675,1515,1984,1448
AT5G08141,3,5,3,0,0,0
AT5G08155,146,184,122,151,169,68
AT5G08160,13367,12441,8724,6805,9384,7086
AT5G08170,3216,3347,1839,1835,2359,1921
AT5G08175,3,3,4,8,11,4
AT5G08180,13943,14067,8828,9206,10437,7959
AT5G08185,118,75,79,41,81,48
AT5G08190,2205,2136,1845,2509,3160,1603
AT5G08200,3298,3022,2109,2575,3362,2506
AT5G08210,40,27,40,54,84,23
AT5G08230,1217,1170,824,935,1199,997
AT5G08235,0,0,6,0,5,0
AT5G08240,2060,1725,1702,1684,2193,964
AT5G08250,114,188,153,2406,2490,1182
AT5G08260,2233,1720,1662,1642,2257,1468
AT5G08270,595,571,413,528,675,419
AT5G08275,28,25,22,70,60,25
AT5G08280,4215,4245,2884,3260,4120,3114
AT5G08285,14,22,19,32,32,21
AT5G08290,13658,12922,10107,15520,18451,11212
AT5G08295,496,434,391,224,320,155
AT5G08300,23755,23018,15792,16154,21639,13599
AT5G08305,124,147,63,51,70,73
AT5G08310,300,291,173,147,148,114
AT5G08320,843,933,608,921,1135,618
AT5G08330,3030,2479,1797,616,633,349
AT5G08335,724,619,498,734,885,427
AT5G08340,754,644,591,964,1148,871
AT5G08350,1271,1310,1291,524,510,305
AT5G08360,411,460,375,752,857,664
AT5G08370,2686,2456,2379,1006,1405,718
AT5G08380,1040,880,697,2380,2784,1698
AT5G08390,4286,4462,2956,3590,4455,3568
AT5G08391,162,168,127,131,111,63
AT5G08400,384,312,304,363,509,257
AT5G08410,571,626,450,1246,1445,578
AT5G08415,3105,2812,2033,1848,2086,1531
AT5G08420,6567,6849,5178,5851,6841,5158
AT5G08430,2309,2221,1810,2519,2958,1811
AT5G08440,2052,1974,1652,1738,2377,1468
AT5G08450,6771,6320,4407,5624,7233,5481
AT5G08470,2145,2290,1464,2647,3238,2462
AT5G08480,39,57,35,68,82,46
AT5G08490,188,203,126,125,102,140
AT5G08495,51,50,46,40,44,19
AT5G08500,3351,2951,2524,4071,5569,3344
AT5G08510,731,728,611,869,1049,723
AT5G08515,39,35,28,28,39,17
AT5G08520,2743,2551,1917,2899,4026,2586
AT5G08525,13,8,8,11,6,1
AT5G08530,33612,34977,19889,22869,32524,25218
AT5G08535,1222,1049,775,1661,2009,1179
AT5G08540,2112,2100,1375,2526,2958,2306
AT5G08550,1768,1743,1214,2525,2644,2199
AT5G08560,8922,8716,6098,10171,12359,8726
AT5G08565,764,784,557,825,891,474
AT5G08570,13628,13543,8771,12445,14445,10370
AT5G08580,2889,2676,1938,1952,2565,1771
AT5G08590,7022,6680,4648,4219,6265,4675
AT5G08600,224,214,124,100,134,106
AT5G08610,2883,3162,2032,2150,2216,2283
AT5G08620,4564,4612,3053,3584,4037,4021
AT5G08630,2511,2596,1920,2544,3045,2264
AT5G08640,16847,21515,8535,11918,15710,12663
AT5G08650,1272,1325,881,942,1328,1098
AT5G08660,2366,2131,1676,2184,2766,1895
AT5G08670,91511,95363,62499,68099,94003,71977
AT5G08680,56422,57790,37380,37036,51821,34876
AT5G08690,79917,82318,52851,55210,73259,58789
AT5G08710,1907,2025,1437,2157,2974,1570
AT5G08720,728,715,368,775,881,702
AT5G08730,3,0,6,9,0,3
AT5G08740,1855,1648,1219,1698,2166,1253
AT5G08750,2011,2044,1659,1693,2252,1589
AT5G08760,19,16,0,28,37,22
AT5G08765,0,0,8,3,3,0
AT5G08770,829,797,661,964,1139,842
AT5G08780,645,494,463,630,684,537
AT5G08790,12633,11433,8218,17071,19453,10740
AT5G08805,10,5,4,4,1,7
AT5G08810,2,6,3,6,4,3
AT5G08815,3,4,2,3,6,3
AT5G08820,0,113,122,191,242,112
AT5G08825,7,6,6,16,30,17
AT5G08835,507,490,341,881,913,434
AT5G08840,5,7,12,13,10,0
AT5G08850,12,15,10,2,3,0
AT5G08855,0,57,0,0,0,0
AT5G08860,18,25,10,6,4,2
AT5G08865,52,59,35,19,15,9
AT5G08920,32,45,15,31,49,21
AT5G08960,9,6,8,6,7,6
AT5G08980,2,3,0,2,2,1
AT5G08990,3,4,6,4,12,4
AT5G09020,17,21,8,2,5,2
AT5G09030,9,14,6,2,5,7
AT5G09065,22,26,17,13,29,7
AT5G09115,14,20,12,12,15,12
AT5G09120,2,2,3,7,14,7
AT5G09125,79,111,73,44,37,21
AT5G09155,142,100,137,290,257,98
AT5G09175,440,452,367,449,500,256
AT5G09190,6,0,4,1,1,0
AT5G09195,5,0,0,9,5,0
AT5G09210,11,24,11,32,52,30
AT5G09220,29621,27923,20617,22382,22003,13266
AT5G09225,2839,2338,2071,3934,4715,2548
AT5G09230,1717,1727,1216,2149,2730,1414
AT5G09240,297,295,223,104,110,73
AT5G09250,2159,1967,1672,2333,2719,1267
AT5G09255,0,0,0,11,9,0
AT5G09260,1152,1019,792,1009,1142,670
AT5G09270,1567,1422,1079,886,1200,774
AT5G09275,55,82,51,33,35,14
AT5G09285,65,69,48,67,69,39
AT5G09290,235,89,158,173,189,76
AT5G09295,48,50,38,48,77,35
AT5G09300,4280,3873,3057,4921,6530,3808
AT5G09310,3682,3318,2577,3433,4295,2559
AT5G09315,96,72,39,78,96,94
AT5G09320,0,3,8,20,5,7
AT5G09330,7597,7611,5572,6294,7491,5446
AT5G09335,3,10,3,3,3,0
AT5G09350,1821,1553,1040,1161,1326,1137
AT5G09360,0,3,3,8,0,0
AT5G09380,780,650,457,741,872,523
AT5G09385,7,7,2,0,11,7
AT5G09390,2605,2449,1915,4636,4820,3009
AT5G09395,52,67,43,125,66,70
AT5G09400,5201,5304,3578,3936,5587,3915
AT5G09410,4901,4748,3170,4629,6011,4393
AT5G09415,5,4,1,2,1,4
AT5G09420,1544,1664,1051,939,1005,653
AT5G09430,298,307,228,479,593,247
AT5G09435,2,4,0,3,0,1
AT5G09440,14558,14587,10448,6644,11443,4900
AT5G09443,354,280,282,428,620,412
AT5G09445,67,79,43,81,87,90
AT5G09450,2196,2098,1439,1642,2079,1614
AT5G09460,1771,1765,1379,936,1129,832
AT5G09470,26,19,11,30,30,28
AT5G09480,422,357,406,194,176,139
AT5G09500,95,129,102,144,144,83
AT5G09505,33,18,21,17,14,6
AT5G09510,25962,25241,20379,19590,23467,16936
AT5G09520,899,1075,749,6608,5942,2718
AT5G09525,115,170,97,92,144,48
AT5G09530,7586,8336,6409,40445,38027,18277
AT5G09535,27,24,36,49,47,14
AT5G09540,120,112,68,106,145,127
AT5G09570,0,6,0,0,6,3
AT5G09575,14,6,10,5,25,14
AT5G09580,307,327,257,247,251,161
AT5G09585,6,9,9,17,8,1
AT5G09590,9436,10383,5957,4952,6285,4553
AT5G09595,667,718,589,721,688,559
AT5G09600,19449,18062,14573,16446,22641,12698
AT5G09620,4836,4817,3501,5319,7262,5096
AT5G09630,257,121,114,163,238,124
AT5G09635,34,23,19,21,40,12
AT5G09650,10891,11680,8359,8037,8868,5426
AT5G09660,89,132,105,214,228,141
AT5G09670,2503,2329,1768,2068,2858,1794
AT5G09680,2350,2041,1713,2716,3337,1538
AT5G09690,1317,1179,1039,894,1186,754
AT5G09700,10,8,18,8,10,7
AT5G09710,138,116,85,13,39,27
AT5G09720,116,82,54,20,43,22
AT5G09730,3,0,11,5,10,0
AT5G09735,75,90,81,2,0,3
AT5G09740,1458,1294,889,1604,1739,1201
AT5G09745,458,406,348,10,10,3
AT5G09750,10,25,8,0,3,0
AT5G09760,4372,5190,2924,1380,1793,1070
AT5G09765,10,15,7,1,1,0
AT5G09770,4311,4259,3096,4706,5036,3821
AT5G09780,8,6,0,0,6,0
AT5G09790,684,626,503,725,814,544
AT5G09800,353,519,286,1110,1195,880
AT5G09805,0,6,8,4,6,0
AT5G09810,78217,70982,57284,35397,46545,28331
AT5G09820,612,498,411,453,566,374
AT5G09830,2418,2187,1863,2222,2908,1146
AT5G09840,1018,1121,637,409,448,471
AT5G09850,8034,7516,5425,3626,5429,3397
AT5G09855,11,13,10,27,21,7
AT5G09860,2453,2458,1817,2322,2797,1773
AT5G09870,7931,8514,5074,2927,3920,3461
AT5G09880,7201,6387,4949,6816,8903,4940
AT5G09890,12338,11038,6770,4438,5478,4129
AT5G09900,18240,18154,11992,14079,17805,11431
AT5G09910,66,65,47,31,38,38
AT5G09920,3884,3624,2713,3614,4622,2356
AT5G09930,0,0,0,23,49,16
AT5G09935,11,8,9,24,14,2
AT5G09950,111,101,73,79,74,118
AT5G09960,2573,2710,2184,1373,1897,857
AT5G09976,8,0,7,0,3,0
AT5G09978,2891,2934,1822,728,1455,541
AT5G09980,2801,2414,2179,2133,2128,1363
AT5G09990,31,37,19,65,93,28
AT5G09995,1498,1372,944,821,1105,877
AT5G10000,0,0,3,0,7,3
AT5G10010,6257,6019,4091,5448,6739,4784
AT5G10020,5732,5536,3714,2036,2687,2204
AT5G10030,5621,5882,4606,2605,3974,2222
AT5G10040,2,8,1,11,13,16
AT5G10050,1605,1657,1149,1612,2120,1134
AT5G10060,4929,4807,3629,3700,5064,3569
AT5G10070,1935,2062,1427,2285,3016,1986
AT5G10080,475,504,424,285,438,257
AT5G10090,0,6,0,8,0,5
AT5G10100,641,508,372,1818,2447,1280
AT5G10110,1418,1449,983,1408,1830,1035
AT5G10130,7184,9050,5016,4070,5503,4561
AT5G10140,60,19,33,85,87,32
AT5G10150,0,6,4,11,28,33
AT5G10160,8227,8244,6325,6576,7877,5755
AT5G10170,4414,4580,2926,1593,2038,1610
AT5G10180,472,507,376,922,1256,814
AT5G10190,1800,1581,1128,1780,2493,1905
AT5G10200,2676,2484,1681,1566,2343,1742
AT5G10210,75,131,52,99,70,48
AT5G10230,1785,2687,1839,4489,5096,2632
AT5G10240,4793,4578,2946,2966,3471,2998
AT5G10260,1983,1928,1499,793,1205,628
AT5G10270,2869,2949,1984,3018,3870,2152
AT5G10278,881,762,523,264,539,404
AT5G10280,4097,3776,3767,3160,4805,2339
AT5G10290,3587,3491,3023,1428,2174,1235
AT5G10300,864,1032,743,5350,5984,2718
AT5G10310,48,41,45,7,18,31
AT5G10320,477,449,303,384,457,326
AT5G10330,2973,2848,2350,2124,2482,1397
AT5G10336,11,16,5,2,10,5
AT5G10340,0,4,7,0,0,0
AT5G10350,7606,7165,5398,6608,7947,5210
AT5G10360,62044,60962,45284,53483,63120,51376
AT5G10370,571,553,331,249,362,245
AT5G10380,9,10,5,89,68,21
AT5G10390,2263,2216,1620,366,470,238
AT5G10400,6203,5932,4397,5771,5262,2792
AT5G10410,956,1007,586,1076,1629,1063
AT5G10430,59699,65237,58306,7303,12188,7718
AT5G10435,415,372,660,96,135,70
AT5G10440,305,279,224,197,220,90
AT5G10450,49971,47206,39974,49560,63153,31612
AT5G10460,2215,2015,1638,2171,2519,1461
AT5G10470,2918,2998,1589,1957,2909,2211
AT5G10480,14622,14216,11343,12306,16169,9114
AT5G10490,2796,2714,1895,2653,3482,2467
AT5G10510,2764,2564,2097,3388,3552,3824
AT5G10520,2362,2254,1834,3198,4206,2133
AT5G10530,3,2,3,2,3,2
AT5G10540,14072,13855,9986,13869,17741,13187
AT5G10550,8828,7755,5721,4470,7026,6684
AT5G10560,6191,5647,3919,2417,3526,2462
AT5G10570,3,6,3,0,3,0
AT5G10572,125,132,96,26,24,14
AT5G10580,8536,9079,6433,1510,2096,941
AT5G10600,578,645,313,204,324,213
AT5G10605,294,220,221,239,291,203
AT5G10610,1327,1273,911,989,1393,901
AT5G10620,259,272,213,182,316,177
AT5G10625,1886,1535,1414,1626,1497,819
AT5G10630,2687,2559,1509,2745,3074,2051
AT5G10650,2237,1989,1616,2282,3072,1553
AT5G10660,9,11,5,6,5,3
AT5G10670,8,4,7,4,5,3
AT5G10680,49,38,12,19,33,6
AT5G10690,846,811,654,1115,1251,961
AT5G10695,422,389,264,1888,1970,986
AT5G10700,499,491,301,555,632,427
AT5G10710,1727,1551,1116,2363,2781,1427
AT5G10720,3472,3010,2124,2841,3784,2855
AT5G10730,4267,4392,3249,5798,7634,4157
AT5G10740,2540,2191,1715,2288,3390,1891
AT5G10745,2783,2505,1968,1709,2837,2186
AT5G10750,3221,3015,2173,1930,2576,1507
AT5G10770,6279,6586,4308,5798,10283,5151
AT5G10780,12972,12544,9323,13096,16898,13011
AT5G10790,2492,2309,1530,2090,2664,2010
AT5G10800,449,444,308,243,261,270
AT5G10810,1839,1648,1345,1669,2240,996
AT5G10820,5642,5363,3824,3469,4822,3141
AT5G10830,14215,12746,10619,8090,10723,5268
AT5G10840,22015,20358,15296,13355,18047,14481
AT5G10850,883,921,541,372,433,433
AT5G10860,29732,25418,21464,41724,58326,30385
AT5G10870,1832,1613,1420,1397,1840,1008
AT5G10900,775,711,584,995,1183,891
AT5G10910,1061,976,669,758,946,764
AT5G10920,4202,4451,2921,4092,4699,3833
AT5G10930,2943,2898,1630,4563,5653,3402
AT5G10940,3104,2965,2226,3729,4688,2571
AT5G10946,6,5,0,25,41,3
AT5G10950,2685,2559,2001,2812,4083,2701
AT5G10960,25682,25200,17809,21573,31602,20195
AT5G10965,1009,867,898,311,570,272
AT5G10970,244,204,93,56,106,67
AT5G10980,22714,21181,16989,43112,45196,21794
AT5G10990,1462,1303,905,588,1101,878
AT5G11000,5003,4671,3142,1542,2482,1781
AT5G11010,1604,1543,1241,1727,1902,1125
AT5G11020,1723,1515,1223,1634,1871,998
AT5G11030,2094,2176,1494,1857,2337,1741
AT5G11040,7003,6847,4725,5986,7894,6053
AT5G11050,0,0,0,58,36,19
AT5G11060,24,48,32,20,57,42
AT5G11070,486,544,371,1048,1381,622
AT5G11090,631,2039,372,518,961,2263
AT5G11100,1303,1210,942,1708,1942,1079
AT5G11110,3596,3678,2103,39539,43723,25526
AT5G11140,47,43,30,98,186,106
AT5G11150,2634,2531,1834,1702,2187,1325
AT5G11160,198,178,140,202,325,243
AT5G11170,22252,22345,15731,22298,26047,18381
AT5G11180,17,15,21,0,0,0
AT5G11200,16011,16183,11123,13030,14827,11960
AT5G11210,133,175,92,393,657,362
AT5G11230,9560,9199,6387,5062,8232,5683
AT5G11240,3999,3971,2376,2689,2742,2275
AT5G11242,27,21,16,55,50,25
AT5G11250,333,338,200,531,465,406
AT5G11260,3936,3931,2696,7699,10236,6787
AT5G11270,1187,1137,768,1542,2030,1316
AT5G11280,7253,6384,4750,4721,6834,4375
AT5G11290,19,36,41,58,28,23
AT5G11300,785,806,629,560,503,360
AT5G11310,510,484,303,569,677,510
AT5G11330,1131,1253,834,1421,1803,1080
AT5G11340,4102,4220,3214,3493,4147,2721
AT5G11350,1908,1753,1389,1823,2172,1559
AT5G11360,0,0,11,0,10,0
AT5G11380,1646,1586,965,1741,2020,1656
AT5G11390,2605,2283,1723,3839,4822,2982
AT5G11420,4044,3231,3432,605,806,397
AT5G11430,2048,2086,1505,2466,2792,1930
AT5G11440,1162,1247,935,252,474,295
AT5G11450,1117,1096,813,1040,1198,868
AT5G11460,533,508,295,687,833,746
AT5G11470,476,431,343,335,446,327
AT5G11480,1739,1678,1269,1325,1576,1168
AT5G11490,10883,9978,7327,7976,10673,7994
AT5G11500,20268,20149,13864,12776,17856,12187
AT5G11510,1419,1539,1044,578,622,607
AT5G11520,24890,23264,17745,38458,48100,25641
AT5G11530,1871,1771,1320,2236,2652,1984
AT5G11540,1372,1344,821,453,627,414
AT5G11550,402,436,251,164,221,175
AT5G11560,33909,32826,25578,24981,33738,26795
AT5G11570,463,439,443,173,203,122
AT5G11580,3292,3319,2285,3111,4000,2817
AT5G11590,39,39,47,0,0,3
AT5G11600,772,774,611,892,1189,737
AT5G11610,34,29,29,17,12,13
AT5G11620,150,164,86,185,169,164
AT5G11630,2415,2334,1952,1882,2279,1471
AT5G11640,5109,4698,3970,3735,4869,3022
AT5G11650,2060,2109,1752,4942,6358,2998
AT5G11670,31966,29174,22518,17344,23462,13510
AT5G11680,5560,5591,4166,7490,9554,4469
AT5G11690,1470,1420,1161,788,1052,601
AT5G11700,12824,12812,9080,10809,13374,10364
AT5G11710,12022,11584,8351,8158,11444,7212
AT5G11720,4379,4174,3206,3486,4482,3199
AT5G11730,2787,2366,1856,2371,3224,2085
AT5G11740,42258,37963,30759,47438,54299,31872
AT5G11750,2310,2077,1755,1046,1306,760
AT5G11760,2705,3020,2181,3374,4042,3193
AT5G11770,33245,35416,26514,31923,42614,23589
AT5G11780,421,401,357,344,332,325
AT5G11790,6850,7915,4942,3651,4562,2966
AT5G11800,5983,5653,4706,3033,3730,2644
AT5G11810,5359,4710,3820,2880,3979,2649
AT5G11840,1237,1175,837,1736,2156,1014
AT5G11850,7702,7056,5301,5494,6712,5167
AT5G11860,3175,2919,2042,4763,5663,3731
AT5G11870,627,540,458,509,610,358
AT5G11880,11327,11238,7913,6710,7718,6219
AT5G11890,3913,3978,2832,3403,4394,3519
AT5G11900,5242,4987,3925,4564,6118,3188
AT5G11910,1333,1228,1055,919,1108,573
AT5G11920,393,308,220,67,84,28
AT5G11930,41,41,44,3,7,3
AT5G11950,3088,2810,2297,3229,4633,2730
AT5G11960,6559,6089,4539,5725,7508,4586
AT5G11970,5753,5221,4632,5620,7513,3618
AT5G11975,337,236,278,362,492,148
AT5G11977,3,2,0,6,5,5
AT5G11980,5397,4790,3281,3575,4772,3516
AT5G11990,344,341,317,324,424,197
AT5G12010,2264,1871,1187,6732,9002,5633
AT5G12020,18,8,3,27,38,31
AT5G12030,14,23,11,144,98,70
AT5G12040,5740,5465,4110,5289,7140,4110
AT5G12050,1395,1207,803,1013,1685,1228
AT5G12080,3594,3910,2522,3318,3825,3027
AT5G12100,1011,942,566,558,726,650
AT5G12110,777,893,691,845,745,381
AT5G12120,5621,5228,3658,7509,9240,6478
AT5G12130,1790,1682,1313,1479,1883,1300
AT5G12140,14852,15947,12735,38187,41864,20461
AT5G12150,6482,6377,4403,4551,5771,4630
AT5G12170,3967,3803,2917,4101,5942,3108
AT5G12190,2790,2648,1895,2979,3898,1995
AT5G12200,6657,5931,4534,4704,7621,4231
AT5G12210,5645,5981,3914,4558,6057,3807
AT5G12220,1269,1225,750,936,1066,858
AT5G12230,2497,2423,1987,3522,4770,2919
AT5G12235,0,2,2,3,5,0
AT5G12240,3021,2516,1956,2269,2950,1503
AT5G12250,24023,22349,15410,14306,19094,13703
AT5G12260,2186,2000,1517,1696,2134,1659
AT5G12270,102,147,116,56,54,48
AT5G12280,32,31,34,61,120,45
AT5G12290,4938,4824,3200,4620,5372,3475
AT5G12300,348,362,276,491,722,502
AT5G12310,4409,4183,3299,6395,7681,4183
AT5G12320,1778,1834,1321,1486,1650,981
AT5G12330,451,456,282,1129,1518,991
AT5G12340,222,215,192,415,764,248
AT5G12350,4651,4293,3056,4145,5399,4549
AT5G12360,451,420,342,495,604,368
AT5G12370,11042,10333,7978,7243,8509,5843
AT5G12380,5,0,0,0,3,5
AT5G12390,1457,1283,1034,1480,1995,980
AT5G12400,5763,5720,4096,6007,7894,5790
AT5G12410,5347,5597,3668,4841,6146,4774
AT5G12420,1630,1776,1548,9746,10219,5410
AT5G12430,3781,3812,2463,2440,3334,2606
AT5G12440,1888,1676,1226,1329,1435,1303
AT5G12470,20009,18755,13528,14788,18476,15306
AT5G12480,6304,5395,3915,6277,8333,6231
AT5G12840,1581,1412,1179,3526,4401,2330
AT5G12850,6163,5796,3508,2418,3002,3001
AT5G12860,13952,14693,9463,9149,12562,10817
AT5G12870,699,727,496,1126,1106,764
AT5G12880,3134,2762,2356,1482,2575,1222
AT5G12890,268,219,177,153,289,148
AT5G12900,1516,1369,1094,1027,1680,1182
AT5G12920,617,647,366,283,281,190
AT5G12930,808,797,571,625,830,726
AT5G12940,9168,9117,6236,2372,3930,2609
AT5G12950,2968,2911,1962,1210,1483,1168
AT5G12960,242,298,191,134,165,165
AT5G12970,2081,1981,1296,689,992,1022
AT5G12980,1685,1875,1163,1620,1950,1233
AT5G12990,0,7,0,46,41,31
AT5G13000,8407,8580,5097,5047,6082,5788
AT5G13010,7100,6796,4362,8136,10101,8548
AT5G13020,6225,5802,4702,6733,8768,5553
AT5G13030,6590,6590,4035,7309,9043,5967
AT5G13050,2464,2327,1446,2116,2846,1781
AT5G13060,1301,1227,930,415,468,354
AT5G13070,3752,3564,2405,5203,6174,3608
AT5G13080,465,450,267,1461,2066,1050
AT5G13090,1602,1463,1151,1295,1781,1082
AT5G13100,5369,4646,3305,4318,5228,4143
AT5G13110,8022,7796,5295,8107,9836,6171
AT5G13120,7205,7148,5240,3682,5098,3544
AT5G13140,386,394,296,142,386,220
AT5G13150,1769,1504,1004,514,858,710
AT5G13160,3886,3888,3007,5838,7175,4863
AT5G13170,6,0,5,2878,2465,1671
AT5G13180,13656,12443,8837,15711,19582,9193
AT5G13190,3779,3649,3454,5505,6795,3012
AT5G13200,318,325,220,3419,3538,1561
AT5G13205,0,0,3,42,36,15
AT5G13210,278,263,293,1318,1865,675
AT5G13220,367,269,260,522,549,252
AT5G13230,97,106,57,34,31,28
AT5G13240,2930,2530,2319,2895,3493,1453
AT5G13250,384,405,274,127,163,133
AT5G13260,5432,5666,3798,5202,5829,4548
AT5G13270,212,187,164,111,175,176
AT5G13280,7063,6820,4782,7539,8310,6865
AT5G13290,349,399,267,195,247,223
AT5G13300,6533,6052,4292,3213,3843,2969
AT5G13310,1381,1277,883,2286,2187,1370
AT5G13320,3,6,0,65,48,37
AT5G13330,2304,1982,1597,7614,10521,6300
AT5G13340,991,983,758,1082,1508,907
AT5G13360,1844,1608,1044,2492,3461,2905
AT5G13370,561,445,316,3136,4061,2901
AT5G13390,7965,7324,5202,5451,7415,6510
AT5G13400,39,45,46,55,64,60
AT5G13410,318,299,220,468,569,305
AT5G13420,41657,42109,29367,22790,31237,16778
AT5G13430,25227,24999,16764,19323,24530,18618
AT5G13440,25584,25364,18829,21786,30248,18208
AT5G13450,52442,50354,38839,38546,52453,28056
AT5G13460,3085,3043,2269,4053,5091,3680
AT5G13470,938,1006,701,1050,1248,765
AT5G13480,3199,3157,2452,2783,3355,2505
AT5G13485,36,42,19,17,20,13
AT5G13490,6108,6518,4264,6328,7417,5603
AT5G13500,10102,9381,6971,6121,8655,5191
AT5G13510,1307,1398,1117,946,1593,991
AT5G13520,5817,6043,3703,3749,4333,3807
AT5G13530,4843,4957,3272,4647,5980,5094
AT5G13548,0,0,0,0,5,5
AT5G13550,5464,5379,3972,10434,14687,8345
AT5G13560,7353,6618,5130,6904,8597,5600
AT5G13565,24,15,15,46,80,25
AT5G13570,2600,2701,2100,3427,4358,2448
AT5G13580,1404,1904,1471,17741,18614,10041
AT5G13590,4568,4095,2805,3140,4137,2674
AT5G13610,991,1005,541,588,563,472
AT5G13630,2938,3966,1808,1519,2779,1966
AT5G13640,5586,5617,3969,5116,6519,4305
AT5G13650,4201,4038,2484,4305,5317,4308
AT5G13655,0,0,2,14,2,0
AT5G13660,363,319,247,143,232,136
AT5G13670,6,10,8,8,7,6
AT5G13680,3551,3546,2386,2746,2682,2319
AT5G13690,1525,1409,1002,1267,1574,1040
AT5G13700,272,275,240,1620,1371,899
AT5G13710,30249,26599,21432,19875,25119,15379
AT5G13720,130,141,86,171,183,69
AT5G13730,0,6,0,3,19,12
AT5G13740,5774,4804,4160,13333,15087,9225
AT5G13750,17235,14392,11199,36138,41350,26886
AT5G13760,1717,1529,1197,1342,1703,1219
AT5G13770,176,173,88,176,250,175
AT5G13780,12788,11767,8894,11571,13737,10161
AT5G13790,36,41,29,143,146,105
AT5G13800,2119,1935,1347,2923,4384,2126
AT5G13810,5081,4892,3394,4012,5063,2569
AT5G13820,2308,2060,1592,3364,3714,2758
AT5G13830,542,496,330,499,512,364
AT5G13840,2811,2859,2735,1167,1401,770
AT5G13850,18843,17581,13413,14108,17328,11923
AT5G13860,1064,1119,752,947,1272,924
AT5G13870,2343,2724,1454,1826,1589,1425
AT5G13880,21,20,37,334,310,170
AT5G13887,16,11,3,15,12,7
AT5G13890,2347,2197,1736,1415,2224,1414
AT5G13900,1002,1353,814,8357,8091,3480
AT5G13910,3081,2791,2150,3169,5929,3683
AT5G13920,175,128,138,114,142,129
AT5G13930,86246,106006,47829,53895,76414,58208
AT5G13940,6,0,0,13,12,0
AT5G13950,3193,3230,2231,4111,4871,2902
AT5G13960,1447,1493,1050,1134,1175,855
AT5G13970,1044,951,680,1685,1819,1165
AT5G13980,9272,8892,6873,7946,11316,8524
AT5G13990,2569,2565,1599,725,1388,1126
AT5G14000,4080,3625,2572,2884,4086,2755
AT5G14020,4697,3502,2972,1709,1978,1718
AT5G14030,44131,41573,36421,22917,35803,20711
AT5G14040,70852,74233,47887,42667,55000,43586
AT5G14050,4623,4403,2768,4475,4368,4093
AT5G14060,5573,5432,3266,4148,4675,4111
AT5G14070,238,275,258,49,45,25
AT5G14080,1023,823,615,1606,2057,1483
AT5G14090,33,38,10,22,26,12
AT5G14100,445,447,281,336,405,338
AT5G14105,1783,1754,1396,2035,2396,1091
AT5G14110,113,87,119,124,114,58
AT5G14120,10501,10102,9349,8134,9167,6467
AT5G14130,1144,1471,940,11089,11565,6091
AT5G14140,1044,974,840,1049,1389,824
AT5G14150,2506,2160,1652,1012,1440,1236
AT5G14170,4364,3819,2896,6222,7210,5697
AT5G14180,650,620,487,1739,2036,1420
AT5G14200,1977,3827,1631,499,565,349
AT5G14210,2966,2636,2045,2205,2772,2483
AT5G14220,2331,2197,1662,1763,2396,1502
AT5G14230,696,752,540,1726,2087,1567
AT5G14240,9084,8872,6522,8872,11227,6571
AT5G14250,5799,6068,4069,5321,5991,4037
AT5G14260,3777,3589,2747,3814,4960,3089
AT5G14270,4296,4312,2987,3777,5155,3500
AT5G14280,167,147,101,147,111,120
AT5G14285,1133,1154,899,1420,2277,1250
AT5G14310,3691,3627,2369,2239,3033,2118
AT5G14320,2038,2037,1515,2726,3239,1904
AT5G14330,19193,19269,15153,993,2057,914
AT5G14340,2036,1643,1254,102,118,74
AT5G14345,25,6,25,9,10,0
AT5G14350,46,52,29,34,39,35
AT5G14360,486,419,452,1063,1450,1043
AT5G14370,223,309,135,74,153,88
AT5G14380,24,17,20,8,33,6
AT5G14390,3438,3342,2322,2656,4025,2715
AT5G14410,20,25,6,16,10,6
AT5G14420,4030,3679,2893,6627,7866,4698
AT5G14430,6797,6321,4023,3896,4726,4446
AT5G14440,2076,2069,1468,2758,2806,1627
AT5G14450,459,402,364,180,218,210
AT5G14460,1050,1009,720,816,980,894
AT5G14470,138,119,118,1335,765,502
AT5G14480,518,476,390,1431,1435,702
AT5G14500,1187,1100,738,760,1119,885
AT5G14510,317,345,190,316,294,211
AT5G14515,11,4,4,4,4,2
AT5G14520,12471,12192,8473,10658,12228,9834
AT5G14530,1330,1186,964,1629,1808,1335
AT5G14540,8385,9287,6489,7125,10149,6161
AT5G14550,3149,2991,2354,1936,2465,1784
AT5G14570,268,254,155,783,870,649
AT5G14580,2440,2721,1634,949,890,894
AT5G14590,6051,6491,4461,6762,7343,5500
AT5G14600,1743,1778,1198,1110,1173,854
AT5G14602,8,8,5,20,14,9
AT5G14610,2712,2700,1993,1947,2135,1556
AT5G14620,1191,1155,798,2057,2421,1930
AT5G14640,8708,7776,5805,10890,12994,8361
AT5G14650,7,10,7,5,0,0
AT5G14660,396,496,314,335,378,258
AT5G14680,2611,2320,1957,3821,4474,2675
AT5G14690,2518,2339,1830,2430,3481,1896
AT5G14700,262,270,124,565,607,363
AT5G14710,1038,1042,892,1277,1630,762
AT5G14720,8961,8235,6006,5421,7179,5059
AT5G14730,3093,3117,1920,2003,2452,1331
AT5G14740,14,13,10,0,5,4
AT5G14750,1674,1615,1032,528,716,691
AT5G14760,221,317,196,499,535,413
AT5G14770,766,724,475,602,663,617
AT5G14780,2755,2953,2240,10569,14020,7154
AT5G14790,4978,4972,3913,2730,3300,2079
AT5G14800,19028,19000,11693,17680,20427,19470
AT5G14810,200,199,95,68,76,120
AT5G14820,253,214,160,253,311,250
AT5G14830,224,225,130,130,155,122
AT5G14840,2581,2558,2025,4046,4603,4276
AT5G14850,1930,1803,1378,1918,2420,1745
AT5G14870,149,101,99,82,76,75
AT5G14880,7749,8275,5376,3324,4269,3338
AT5G14890,286,280,232,331,304,210
AT5G14895,26,32,22,23,25,6
AT5G14910,966,939,659,1025,1173,719
AT5G14920,870,736,863,193,249,164
AT5G14930,622,443,392,232,395,306
AT5G14940,252,263,200,216,301,148
AT5G14950,5058,4836,3515,3649,4903,3647
AT5G14960,221,227,157,307,346,247
AT5G14970,1367,1305,1018,1384,1757,1240
AT5G14980,3,3,5,0,5,3
AT5G15010,403,381,305,152,350,275
AT5G15020,6601,6629,4448,6365,8058,5934
AT5G15022,110,136,87,67,71,36
AT5G15025,511,516,379,363,390,236
AT5G15050,2492,2462,1713,1190,1459,1201
AT5G15070,1723,1850,1310,2295,2269,1936
AT5G15080,3229,2810,1995,3514,4202,3544
AT5G15090,39501,38828,29441,25362,32281,20423
AT5G15120,176,118,75,7,0,13
AT5G15130,2694,2313,1911,358,720,539
AT5G15140,3,9,6,0,0,3
AT5G15150,3815,3683,2720,1848,2662,1629
AT5G15160,61,52,68,82,88,41
AT5G15170,1434,1307,899,2130,2978,1910
AT5G15180,6982,6038,4046,10556,21318,8780
AT5G15190,229,259,157,1724,2530,1020
AT5G15200,116678,118641,91651,95324,110852,76467
AT5G15210,234,220,184,351,535,363
AT5G15220,6418,5656,4108,5420,6756,4161
AT5G15230,68268,55769,47923,86885,122791,66545
AT5G15240,199,121,77,585,743,373
AT5G15250,6,7,6,9,12,12
AT5G15260,2289,2046,1678,3768,5047,2970
AT5G15265,3812,3434,3519,1867,2549,1997
AT5G15270,3780,3245,2658,2463,3336,2611
AT5G15280,944,827,716,530,674,545
AT5G15290,4790,2762,2707,9896,14085,6715
AT5G15300,130,157,81,64,82,63
AT5G15320,18039,17921,14300,12859,17493,9523
AT5G15330,1456,1456,1047,1722,2204,1347
AT5G15340,41,49,31,11,25,12
AT5G15350,31118,28046,23929,6904,9900,6071
AT5G15380,11,0,0,46,60,35
AT5G15390,745,780,450,970,1234,960
AT5G15400,7049,7073,4805,5017,6819,4702
AT5G15410,1595,1386,1274,1986,2689,1704
AT5G15430,13,8,4,12,5,0
AT5G15440,2111,1980,1599,1475,2073,1046
AT5G15450,2037,2054,1222,2599,3188,2479
AT5G15460,2332,1951,1471,1504,2219,1103
AT5G15470,7246,7203,4975,3862,5635,4168
AT5G15490,26125,25672,15913,12810,15930,12333
AT5G15500,8,8,2,3,26,3
AT5G15510,973,998,701,216,237,130
AT5G15520,5146,5231,3973,2908,3443,2350
AT5G15530,17229,16323,13710,9523,12806,9299
AT5G15537,72,78,56,119,130,52
AT5G15540,3737,3454,2538,3249,4463,3175
AT5G15550,5346,5670,3704,4628,4664,4106
AT5G15570,1134,1155,810,1251,1526,1233
AT5G15580,6341,5749,4037,2428,3103,3427
AT5G15600,2667,2603,1813,985,1271,898
AT5G15610,8987,8647,6345,8394,9625,6594
AT5G15620,6,0,0,7,7,8
AT5G15630,2554,2455,1644,3594,3589,2056
AT5G15640,4924,4695,3183,3938,5208,3499
AT5G15650,86076,83440,57865,69587,94904,70258
AT5G15660,0,0,0,3,7,3
AT5G15680,6089,6099,4042,5037,6339,5638
AT5G15700,1194,1363,862,925,775,663
AT5G15710,859,687,578,647,914,578
AT5G15720,19,14,14,7,0,0
AT5G15725,260,321,232,121,93,42
AT5G15730,4119,3794,3246,3051,4297,2559
AT5G15740,6999,7068,4892,3399,4462,2664
AT5G15750,3611,3493,2453,2628,2980,1783
AT5G15760,610,632,489,460,522,292
AT5G15770,383,317,233,70,132,56
AT5G15790,1904,1908,1487,1032,1231,692
AT5G15802,236,224,215,230,306,132
AT5G15810,5123,4756,3401,4209,4793,4533
AT5G15820,601,522,380,763,997,568
AT5G15830,1240,1379,1004,229,291,194
AT5G15840,12,23,22,14,0,0
AT5G15843,0,3,0,2,5,3
AT5G15845,118,132,71,25,128,50
AT5G15850,24,51,55,330,267,160
AT5G15860,2889,3107,2233,2375,2790,1797
AT5G15870,2642,2739,1634,3435,4252,3616
AT5G15880,3084,2910,2209,3336,4572,2714
AT5G15890,2474,2512,1546,745,1474,1296
AT5G15900,1166,1064,971,147,365,168
AT5G15910,6404,6332,4427,5332,7574,3609
AT5G15920,1032,1229,694,903,1019,801
AT5G15930,2474,2373,1541,2613,2849,1951
AT5G15940,462,437,302,210,218,204
AT5G15950,2134,1526,1056,2033,2164,1641
AT5G15960,2829,4536,2981,88988,97338,49066
AT5G15970,23556,24080,21402,144434,174963,83043
AT5G15980,4434,4500,2595,1460,1810,1525
AT5G16000,2690,2528,2048,902,887,686
AT5G16010,1764,2072,1445,8661,12811,5195
AT5G16023,16,7,16,11,4,9
AT5G16030,7,11,10,19,12,10
AT5G16040,2462,2963,1850,1850,2315,1425
AT5G16050,20531,18211,14458,20604,25492,14153
AT5G16060,1370,1468,1104,1641,1796,996
AT5G16070,13108,12112,8086,11360,13659,11140
AT5G16080,8,5,0,6,8,8
AT5G16110,18638,16359,15739,23318,29019,16194
AT5G16120,3119,3079,2431,5668,6845,4262
AT5G16130,48173,48116,35257,25182,33644,23264
AT5G16140,237,193,180,423,453,344
AT5G16150,11878,10835,7994,9002,11925,8117
AT5G16160,149,147,126,202,272,134
AT5G16170,1013,832,554,161,369,236
AT5G16180,856,812,553,494,795,497
AT5G16190,1544,1112,1028,122,147,151
AT5G16200,176,212,127,294,331,160
AT5G16210,7373,7172,5146,6638,9329,7700
AT5G16220,3389,3529,2234,3962,5338,4049
AT5G16230,1357,1406,980,1297,1728,1171
AT5G16235,90,67,74,63,100,39
AT5G16240,219,192,130,176,179,126
AT5G16250,4517,4119,4033,824,1138,583
AT5G16260,2942,2990,2043,3185,3979,2340
AT5G16270,4994,4959,3345,4570,5614,3752
AT5G16280,6916,6546,4471,5322,6589,4637
AT5G16290,3044,3005,1974,2457,2717,2375
AT5G16300,7960,7657,5227,5031,6138,5337
AT5G16310,799,827,560,699,893,618
AT5G16320,469,483,326,689,831,593
AT5G16340,180,172,87,139,184,130
AT5G16350,3,0,0,12,14,0
AT5G16360,1406,1241,999,5609,7120,3623
AT5G16370,2766,2402,1869,4925,6523,3362
AT5G16380,1295,1174,1029,2655,2931,1508
AT5G16390,12340,11628,9211,7115,8798,5534
AT5G16400,363,424,279,306,347,149
AT5G16410,80,58,52,13,49,20
AT5G16420,236,325,156,194,276,227
AT5G16440,10421,9368,7187,14297,16851,8971
AT5G16450,3008,3522,2690,5433,6850,3985
AT5G16453,10,8,6,14,28,8
AT5G16470,8000,7712,5102,8993,9794,5480
AT5G16480,1227,1044,881,809,1158,674
AT5G16486,126,100,90,170,228,118
AT5G16490,851,705,454,648,745,441
AT5G16505,2564,2628,1712,3528,4245,3296
AT5G16510,11045,10070,6899,6399,8956,7137
AT5G16520,1815,1715,1281,1414,1671,1000
AT5G16530,47,67,26,0,0,0
AT5G16540,1537,1378,1170,989,1167,820
AT5G16550,4858,4712,3778,5437,7525,3062
AT5G16560,1672,1434,1187,2148,2380,2081
AT5G16570,1690,1201,1028,513,662,287
AT5G16590,12150,10599,7313,1686,2603,2034
AT5G16600,2292,1951,1703,1415,1938,965
AT5G16610,1477,1432,981,1139,1414,943
AT5G16620,3535,3623,2566,3386,4546,3516
AT5G16630,1106,1212,745,2582,3161,2307
AT5G16640,185,198,159,106,172,120
AT5G16650,2394,2021,1836,4382,5020,2947
AT5G16660,4122,3653,3061,4075,5504,2830
AT5G16680,4154,3718,2821,3655,5332,3745
AT5G16690,720,736,505,559,478,291
AT5G16710,1596,1530,1186,1663,1880,1029
AT5G16715,1507,1474,925,1030,1198,851
AT5G16720,1693,1639,1116,401,624,560
AT5G16730,7844,7302,5164,2388,4154,2344
AT5G16740,0,0,0,3,6,3
AT5G16750,4771,4542,2955,3850,4623,4177
AT5G16760,8130,7306,5434,6758,8247,4811
AT5G16770,365,453,514,2291,2946,1305
AT5G16780,4638,4642,2912,5750,6864,5425
AT5G16790,167,114,124,93,140,79
AT5G16800,2866,2384,2035,2700,3032,1819
AT5G16810,538,441,336,724,848,648
AT5G16820,1389,1314,1036,1454,1926,922
AT5G16830,4222,4145,3052,6385,8282,4538
AT5G16840,7473,7317,5497,9653,12396,7109
AT5G16850,137,139,120,64,63,69
AT5G16860,303,323,179,158,247,217
AT5G16870,1595,1420,1264,1413,1929,954
AT5G16880,9938,9245,7028,11954,15514,9532
AT5G16890,1974,2011,1620,1568,1953,1539
AT5G16900,709,620,418,260,411,324
AT5G16910,12545,12555,8007,9620,14393,12277
AT5G16920,22,14,16,23,51,28
AT5G16930,1905,2043,1220,953,1112,817
AT5G16940,477,395,305,242,389,241
AT5G16950,553,541,378,344,467,353
AT5G16960,0,0,0,104,93,35
AT5G16970,235,261,167,2308,2417,1142
AT5G16980,17,14,4,65,69,35
AT5G16990,404,324,252,389,391,228
AT5G17000,2105,1970,1494,4144,4328,1910
AT5G17010,3862,4787,2256,2940,3546,3222
AT5G17020,10545,10483,6568,6847,7847,7128
AT5G17040,439,594,217,344,503,448
AT5G17050,4713,5195,2335,5198,6435,5228
AT5G17060,3130,3286,2473,2564,3124,1806
AT5G17070,2381,2383,1846,2179,2549,1510
AT5G17150,30,24,17,31,37,24
AT5G17160,4599,5764,3775,1097,1460,845
AT5G17165,37,23,19,7,22,3
AT5G17170,0,10,0,0,7,3
AT5G17190,13375,12100,9024,13246,16979,8366
AT5G17210,1920,1837,1367,2764,2845,1720
AT5G17220,82,99,55,23,43,17
AT5G17230,1080,1114,624,1640,1786,952
AT5G17240,424,472,297,247,292,268
AT5G17250,1934,1758,1392,1180,1456,1133
AT5G17260,149,151,114,166,175,143
AT5G17270,2488,2365,1847,1619,2174,1613
AT5G17280,951,938,754,943,1260,688
AT5G17290,2752,2285,1914,3095,4244,2465
AT5G17300,601,558,432,2198,2076,1186
AT5G17310,4810,4533,3382,4025,4758,2600
AT5G17320,8,0,3,0,0,3
AT5G17330,70671,65202,46804,43286,59726,35139
AT5G17340,78,66,74,33,53,27
AT5G17350,189,166,96,613,702,309
AT5G17360,237,193,161,325,342,192
AT5G17370,641,560,434,721,880,666
AT5G17380,22061,22709,13750,26673,36318,23589
AT5G17390,2034,2007,1528,1481,2609,1358
AT5G17400,1567,1416,1134,2131,2488,1894
AT5G17410,2416,2373,1768,1653,2265,1589
AT5G17420,6649,6773,3640,7225,7885,5817
AT5G17430,460,454,267,556,550,537
AT5G17440,3061,2988,2461,3525,4290,2662
AT5G17450,405,417,279,442,492,279
AT5G17460,5564,4695,3465,47781,54689,22115
AT5G17490,444,342,326,784,979,699
AT5G17510,2275,2244,1589,2321,2877,1855
AT5G17520,984,838,674,832,1178,748
AT5G17522,216,144,94,57,118,100
AT5G17523,228,218,94,131,212,190
AT5G17530,6357,6263,4521,4100,5875,3353
AT5G17540,22,15,6,25,27,18
AT5G17550,1525,1668,1090,2716,3263,1979
AT5G17560,3638,3264,2381,3242,3601,2211
AT5G17570,421,431,268,419,473,349
AT5G17580,528,546,502,318,530,289
AT5G17590,248,191,137,18,40,33
AT5G17600,471,418,275,970,1206,679
AT5G17610,3361,3274,2682,3282,4416,2904
AT5G17620,2429,2176,1717,1787,1991,1331
AT5G17630,6176,5822,4241,2149,2616,2238
AT5G17640,5415,4933,4258,2841,4173,3129
AT5G17650,623,650,630,1352,1457,845
AT5G17660,673,576,464,585,664,407
AT5G17670,471,455,390,610,730,441
AT5G17680,309,314,185,183,248,167
AT5G17690,1404,1306,995,1605,1936,1460
AT5G17700,43,59,18,40,59,65
AT5G17710,2778,2697,1474,3151,3291,3165
AT5G17720,40,17,36,6,0,0
AT5G17760,1187,1415,839,9463,9452,6006
AT5G17770,36183,34927,25528,22908,28956,18057
AT5G17780,492,517,323,320,412,317
AT5G17790,1334,1510,1075,1327,1669,1204
AT5G17800,298,348,249,569,593,585
AT5G17810,440,452,249,518,629,320
AT5G17820,40311,40472,23279,7802,12123,7899
AT5G17840,2469,2038,1764,2336,3033,1670
AT5G17850,294,227,195,4651,4654,2813
AT5G17860,321,233,226,695,1019,606
AT5G17870,2911,2973,2401,2313,3111,1903
AT5G17880,638,652,598,416,511,342
AT5G17890,2760,2748,1972,1901,2600,1829
AT5G17900,3007,2600,2018,4832,6260,3660
AT5G17910,8175,7774,5018,4387,6234,4488
AT5G17920,375953,386769,230551,152693,197495,202164
AT5G17930,2606,2590,1635,2518,2777,2098
AT5G17960,73,33,39,35,58,69
AT5G17980,354,347,293,633,851,883
AT5G17990,3589,4132,2561,3339,4071,2614
AT5G18030,0,3,0,0,13,0
AT5G18040,409,400,384,540,610,381
AT5G18065,275,301,215,340,278,142
AT5G18070,2157,2028,1338,1438,1752,1341
AT5G18080,3,3,6,0,3,0
AT5G18090,38,69,19,13,16,26
AT5G18100,1289,1274,1138,1249,1527,790
AT5G18110,7572,7182,4898,12871,14476,9867
AT5G18120,4002,3586,3185,4186,5468,2962
AT5G18130,2027,2060,1647,5953,7152,2730
AT5G18140,1513,1437,1217,1653,2334,1285
AT5G18150,2509,2041,1607,1083,1363,748
AT5G18170,5263,4638,3486,3677,4471,3257
AT5G18180,141,132,80,171,173,71
AT5G18190,5808,5784,3955,4321,6535,4523
AT5G18200,2205,1818,1278,2346,2913,2119
AT5G18202,6,0,6,0,0,0
AT5G18210,386,352,294,220,390,200
AT5G18220,24,51,21,28,30,68
AT5G18230,10407,10328,6895,8790,11546,8433
AT5G18240,73,132,37,24,7,19
AT5G18245,672,585,485,603,741,508
AT5G18250,867,906,727,960,1220,683
AT5G18255,1909,1916,1251,2537,2779,2215
AT5G18260,711,672,521,562,795,392
AT5G18270,1364,1281,885,1338,1858,895
AT5G18280,8079,7864,5593,3424,4662,3327
AT5G18290,429,375,290,509,555,317
AT5G18300,65,49,35,46,69,39
AT5G18310,3943,3784,3262,3461,5161,3278
AT5G18320,6,6,7,10,24,8
AT5G18340,34,12,18,22,8,0
AT5G18350,8,4,12,0,3,3
AT5G18360,480,486,355,382,432,264
AT5G18370,525,470,340,272,291,232
AT5G18380,78778,74270,59929,51149,67493,37713
AT5G18390,660,703,443,558,817,716
AT5G18400,4748,4779,3368,8579,9186,4726
AT5G18410,6765,6790,4670,5187,6503,4887
AT5G18420,3922,3540,2645,4819,5718,3706
AT5G18440,848,853,665,413,487,384
AT5G18460,1534,1485,1034,2535,2645,1720
AT5G18470,243,274,182,4715,5887,3110
AT5G18475,214,182,89,149,190,250
AT5G18480,10210,9113,6680,4795,5920,4457
AT5G18490,1745,1751,1133,1841,2251,1461
AT5G18500,8064,7135,5478,3756,4906,3323
AT5G18510,0,0,0,5,3,3
AT5G18520,19863,18131,13019,12416,17363,12721
AT5G18525,3201,3190,2093,3761,4443,3651
AT5G18540,655,661,518,1225,1125,622
AT5G18550,1490,1487,985,1645,1745,1256
AT5G18560,207,207,117,198,165,122
AT5G18570,692,657,464,510,419,397
AT5G18580,7930,7794,5009,6398,7974,5759
AT5G18590,2419,2328,1700,1871,2524,1854
AT5G18600,2,3,0,11,3,3
AT5G18610,2307,2410,1478,3267,4214,2713
AT5G18620,6613,6257,4186,4459,4933,4074
AT5G18630,4360,4271,3452,6553,9650,4164
AT5G18633,20,31,24,122,162,124
AT5G18636,51,69,49,258,372,174
AT5G18640,3538,3220,2875,2950,4087,1961
AT5G18650,6924,6692,5164,9352,10939,6700
AT5G18660,172,162,118,121,124,115
AT5G18661,421,411,291,106,201,87
AT5G18670,5804,6527,6093,2340,2930,1394
AT5G18680,9194,9256,7432,4512,6924,4283
AT5G18690,2429,2752,2289,1073,1659,972
AT5G18700,1965,2104,1357,676,835,594
AT5G18710,59,59,30,22,24,10
AT5G18720,0,0,3,7,3,0
AT5G18730,37,28,24,18,28,6
AT5G18740,70,62,74,32,16,37
AT5G18750,679,702,455,417,556,447
AT5G18760,818,776,601,1142,1362,668
AT5G18770,496,443,281,287,378,240
AT5G18780,1479,1337,1205,1033,1672,841
AT5G18790,2716,2493,1993,2268,2356,1244
AT5G18800,15212,13708,11593,12554,17393,7291
AT5G18810,396,441,343,404,351,268
AT5G18820,736,645,397,302,343,236
AT5G18830,5383,5351,3220,4985,6544,4645
AT5G18840,1108,1115,1058,195,269,188
AT5G18850,881,767,711,1348,1812,927
AT5G18860,11754,12388,8182,4471,6687,4068
AT5G18870,9,6,0,0,0,0
AT5G18900,7646,7081,5951,5510,7945,3846
AT5G18910,215,223,128,38,130,54
AT5G18920,645,471,471,553,678,309
AT5G18930,147,160,167,59,16,19
AT5G18940,3769,3438,2601,2492,3567,1770
AT5G18950,848,814,528,856,915,689
AT5G18960,2041,2194,1151,1391,1962,1942
AT5G18970,3228,3591,2920,3994,4390,1762
AT5G18980,1363,1243,850,1291,1624,1220
AT5G19000,5315,5324,3454,4975,6525,4256
AT5G19010,7652,6890,5010,3918,5673,3920
AT5G19015,6,6,5,0,4,6
AT5G19020,772,806,536,346,448,380
AT5G19025,404,386,320,501,516,323
AT5G19030,544,551,446,800,892,581
AT5G19040,833,930,549,293,518,189
AT5G19050,4502,4242,3356,3682,5029,2648
AT5G19060,177,214,143,41,52,87
AT5G19070,1209,1153,761,1359,1752,954
AT5G19080,1394,1379,971,1034,1449,805
AT5G19090,4244,4354,2802,3060,4826,3580
AT5G19097,480,418,309,234,321,247
AT5G19100,389,388,260,170,188,185
AT5G19110,2747,2803,2058,1514,1019,699
AT5G19120,5893,7884,6154,5914,7200,4165
AT5G19130,3749,3653,2575,2365,3342,2916
AT5G19140,1216,1157,967,1122,1463,662
AT5G19150,2338,2129,1660,2534,3148,2304
AT5G19151,361,441,341,315,443,179
AT5G19160,569,593,494,323,491,400
AT5G19170,39,19,10,19,16,14
AT5G19180,6045,5585,3908,6137,7461,5091
AT5G19190,1563,1385,1235,473,966,637
AT5G19200,1178,1119,870,1138,1251,1021
AT5G19210,430,295,296,234,290,203
AT5G19220,842,855,652,416,766,397
AT5G19221,130,171,126,105,174,116
AT5G19230,11992,9862,9156,10436,19212,8498
AT5G19240,5920,5943,4596,5607,10666,4319
AT5G19250,14908,14278,11679,6844,11990,6512
AT5G19260,1256,1258,1038,573,833,528
AT5G19280,3446,3186,2498,3924,5156,3497
AT5G19290,3340,3704,2513,2652,3682,2441
AT5G19300,1931,1883,1226,1558,1235,1126
AT5G19310,1379,1281,1018,1487,1898,1382
AT5G19320,3487,3660,2324,2594,3141,2247
AT5G19330,9151,8631,6142,9656,12823,8900
AT5G19340,5649,4652,3740,5333,7325,5084
AT5G19350,5043,4849,3461,5009,6018,4235
AT5G19360,3,1,5,7,8,7
AT5G19370,3507,3437,2634,2572,3156,2227
AT5G19380,2941,2832,2164,1411,2054,1478
AT5G19390,8111,7863,5892,3738,4375,3292
AT5G19400,12459,11994,7997,14451,19197,14431
AT5G19410,229,338,328,2442,1949,1417
AT5G19420,2188,2090,1626,1913,2335,1760
AT5G19430,1231,1121,918,1503,1883,1110
AT5G19440,36281,32133,22062,61474,83669,53707
AT5G19450,7104,6593,4529,7567,9677,6021
AT5G19460,1216,1189,797,604,777,640
AT5G19473,6,0,0,8,6,4
AT5G19480,1588,1589,1194,1529,1902,1208
AT5G19485,3135,2951,2119,3252,3668,2522
AT5G19490,157,117,95,87,98,84
AT5G19500,66,110,116,182,145,61
AT5G19510,55749,53660,41563,45984,52500,32353
AT5G19520,14801,13587,9656,8153,10055,10024
AT5G19530,3314,2856,2507,1479,1533,1157
AT5G19540,1549,1661,1112,1671,2057,1809
AT5G19550,19673,19865,13937,14512,21038,12157
AT5G19560,685,572,437,80,154,75
AT5G19570,1942,1863,1560,1592,1924,1401
AT5G19590,8407,8111,6504,6175,9193,4046
AT5G19600,17,86,59,0,0,0
AT5G19620,2377,2239,1755,1398,2046,1407
AT5G19630,1452,1426,1071,1131,1473,827
AT5G19650,24,66,21,13,27,27
AT5G19660,3459,3210,2556,3434,4523,3430
AT5G19670,831,827,604,357,525,459
AT5G19680,4345,4198,2914,3645,4521,3132
AT5G19690,22437,21123,14008,12748,15823,14001
AT5G19730,2443,2788,1693,777,1090,573
AT5G19740,6532,6430,4296,3331,4917,3452
AT5G19750,5482,4844,3665,3976,5386,3718
AT5G19760,42263,39443,25859,25945,33369,25701
AT5G19770,45120,41603,30891,10948,14044,10119
AT5G19780,41325,38478,25704,16985,19351,14630
AT5G19790,2953,2938,2130,540,1135,818
AT5G19800,2273,2313,2150,301,681,443
AT5G19810,38,55,49,4,8,9
AT5G19820,16831,17245,11086,15442,18514,17071
AT5G19830,563,438,377,544,508,412
AT5G19840,643,538,398,393,582,394
AT5G19850,652,728,487,1619,2356,1124
AT5G19855,524,490,354,2117,2991,1355
AT5G19860,11700,12086,9399,14526,21996,10493
AT5G19870,279,252,206,307,319,229
AT5G19875,993,972,787,4170,5369,2619
AT5G19880,6,0,0,0,11,8
AT5G19890,18,0,39,6,13,12
AT5G19900,4038,3883,2359,3408,4219,2860
AT5G19910,1609,1581,1231,1703,1996,1116
AT5G19920,1520,1423,910,692,1005,863
AT5G19930,5243,5177,4064,3762,5128,2969
AT5G19940,1099,1328,769,1135,1669,773
AT5G19950,1395,1354,881,1320,1678,1146
AT5G19960,1861,1895,1426,2633,2881,1970
AT5G19970,1568,1651,1219,397,767,249
AT5G19980,6287,5729,4404,2506,4493,2896
AT5G19990,12414,11420,8051,9344,12414,7968
AT5G20000,12722,12562,8074,9267,13875,7924
AT5G20010,17265,18585,12694,14615,18029,11696
AT5G20020,30218,30779,22797,20182,24782,18491
AT5G20030,284,307,256,299,396,242
AT5G20040,1387,1460,826,1117,1241,931
AT5G20045,444,550,286,490,558,538
AT5G20050,2922,2744,1843,1506,2650,1402
AT5G20060,8693,8010,5966,6622,8538,5603
AT5G20070,7055,7545,4532,9260,12377,8750
AT5G20080,21593,20871,13174,11803,14881,11339
AT5G20090,22261,21765,17444,13745,20452,12863
AT5G20100,0,2,2,3,7,6
AT5G20110,896,760,709,1392,1756,943
AT5G20120,1984,1865,1624,2746,3645,2079
AT5G20130,1564,1687,1185,1654,1931,1451
AT5G20140,257,345,171,302,352,231
AT5G20150,696,765,577,1451,985,519
AT5G20160,16670,16033,13423,12448,13858,9058
AT5G20165,4125,3529,3263,3468,5226,2231
AT5G20170,1843,1717,1325,1601,2009,1412
AT5G20180,3883,3877,3252,3541,4389,2126
AT5G20190,6381,5674,4285,5920,6365,3986
AT5G20200,4214,3806,2968,3452,4409,3699
AT5G20220,109,123,93,620,794,348
AT5G20225,0,0,0,30,19,6
AT5G20230,33,33,19,2124,1756,991
AT5G20240,35,25,20,28,45,15
AT5G20250,20397,20864,20654,6720,6816,4379
AT5G20260,25,6,16,40,58,20
AT5G20270,503,703,486,7695,7321,3164
AT5G20280,10635,11619,7579,9120,12199,8201
AT5G20290,117347,119486,85203,86482,104735,85839
AT5G20300,2147,2143,1293,2116,2532,2010
AT5G20320,1200,1160,790,811,1042,930
AT5G20350,7823,7196,5927,6724,8906,5434
AT5G20360,1856,1854,977,1910,2025,1592
AT5G20370,0,3,0,23,19,7
AT5G20380,1027,942,777,2979,3553,2511
AT5G20400,8655,6956,5261,2717,3550,2340
AT5G20410,588,547,433,57,94,55
AT5G20420,8,0,8,19,10,6
AT5G20450,523,546,436,418,494,287
AT5G20470,37,128,49,0,17,0
AT5G20480,321,283,226,358,382,211
AT5G20490,14217,14014,9239,7160,10459,7349
AT5G20500,14228,13070,10676,9488,12520,7229
AT5G20510,545,576,427,662,740,451
AT5G20520,7687,6611,5444,10162,13055,8215
AT5G20540,1107,1345,869,776,956,730
AT5G20550,1835,1442,1188,294,537,259
AT5G20570,8771,8715,6552,9912,11165,6194
AT5G20580,1287,1182,999,883,1238,639
AT5G20590,3250,3305,2333,2233,2751,2456
AT5G20600,4495,4177,2630,5056,6060,5299
AT5G20610,3264,2974,2249,4075,4404,3034
AT5G20620,5904,6170,4349,5467,6573,4179
AT5G20635,612,532,400,468,410,320
AT5G20640,160,143,135,22,25,12
AT5G20650,12888,12976,10944,8887,12764,7188
AT5G20660,9116,8880,6471,6116,9029,6939
AT5G20670,245,239,177,187,259,167
AT5G20680,3443,3524,2435,2797,3838,2760
AT5G20690,3,12,0,0,0,0
AT5G20700,20032,21647,13879,19068,25703,13165
AT5G20710,136,97,76,1839,2177,1684
AT5G20720,17205,18099,12708,10707,12923,7082
AT5G20730,6385,6210,4002,6176,7066,5245
AT5G20740,3,5,0,0,5,0
AT5G20790,526,418,277,1513,2824,1006
AT5G20810,356,269,271,520,626,379
AT5G20820,605,553,444,399,861,519
AT5G20830,1985,2389,1304,58436,61251,36115
AT5G20840,4238,3905,2846,5231,6225,3990
AT5G20850,747,595,464,806,667,414
AT5G20860,56,72,32,54,47,42
AT5G20870,226,210,159,249,279,267
AT5G20880,560,538,339,272,446,285
AT5G20885,6265,6030,5079,3963,4981,2513
AT5G20890,28937,27613,18468,18108,22256,19004
AT5G20900,4232,3880,3127,5146,5644,2462
AT5G20910,4130,4119,2832,4838,6999,3339
AT5G20920,12257,11246,8619,12866,15370,9344
AT5G20930,1588,1513,911,1205,1562,1289
AT5G20935,9,8,3,1,0,0
AT5G20940,19,16,28,27,28,19
AT5G20950,18793,17552,12450,12594,15762,13670
AT5G20960,23557,22290,13595,19776,25244,21084
AT5G20970,926,891,766,1221,1260,872
AT5G20980,1367,1679,969,826,918,824
AT5G20990,7521,7214,5099,5291,7350,4312
AT5G21010,1980,1925,1514,2439,2681,1592
AT5G21020,9205,8510,6434,9590,11934,8029
AT5G21030,30,40,25,45,56,32
AT5G21040,2578,2421,1899,2245,3082,1903
AT5G21050,438,467,224,110,173,215
AT5G21060,3310,3257,2127,2243,2569,1926
AT5G21070,4024,3793,3150,3275,4798,3062
AT5G21080,741,786,560,130,286,146
AT5G21090,19237,19805,15641,24450,31015,16957
AT5G21100,276,282,238,50,126,92
AT5G21105,6164,6341,4814,4158,5415,3529
AT5G21120,286,314,193,36,145,99
AT5G21130,206,236,180,16,18,26
AT5G21140,194,192,128,205,215,100
AT5G21150,7,0,5,0,8,0
AT5G21160,7850,7789,4657,7547,8741,7701
AT5G21170,6598,6220,5024,12359,15115,8475
AT5G21222,364,419,246,379,450,338
AT5G21274,11449,10218,7043,8238,9641,5284
AT5G21280,1966,2107,1515,3721,4424,2872
AT5G21326,2116,2071,1499,3354,4403,2760
AT5G21482,97,120,69,104,158,105
AT5G21900,556,510,392,548,662,397
AT5G21910,64,61,72,47,49,22
AT5G21920,1087,1030,851,1422,1886,948
AT5G21930,868,764,588,347,354,305
AT5G21940,9393,11353,9286,11364,12938,5967
AT5G21950,686,588,506,712,1042,450
AT5G21960,0,0,0,8,5,3
AT5G21970,540,571,337,611,673,600
AT5G21990,7205,7000,5085,9487,11401,6589
AT5G22000,4986,5157,3580,8360,10338,7393
AT5G22010,3118,2886,2197,2634,3059,2177
AT5G22020,4645,5164,2735,3197,4679,3379
AT5G22030,4406,4290,2755,3207,4076,3323
AT5G22040,1649,1719,1350,1921,2382,1431
AT5G22050,2739,2321,2178,1423,2120,1066
AT5G22060,18742,17736,13223,15840,20541,14136
AT5G22070,4243,4094,2894,2424,3494,2891
AT5G22080,5393,5181,4193,5910,8319,4566
AT5G22090,2669,3288,1473,1402,1584,1182
AT5G22100,2723,2930,2079,1789,1810,1384
AT5G22110,996,991,761,688,657,521
AT5G22120,3235,2997,2305,7732,8098,4396
AT5G22130,1786,1771,1318,1288,1749,1347
AT5G22140,18564,16176,11298,18436,21279,11349
AT5G22145,74,53,61,97,140,38
AT5G22150,8,0,8,0,0,0
AT5G22200,37,22,13,21,17,5
AT5G22210,442,368,351,555,670,368
AT5G22220,1101,965,701,1245,1351,911
AT5G22240,24,29,18,24,20,6
AT5G22250,153,123,102,189,319,162
AT5G22270,77,81,79,560,600,266
AT5G22280,3557,3391,2879,4552,6214,3771
AT5G22290,545,541,363,1641,1911,1016
AT5G22300,897,700,374,2367,3061,2154
AT5G22310,2542,2089,1470,996,1836,1036
AT5G22320,1425,1408,1059,985,1246,799
AT5G22330,3945,3796,2708,3408,3485,2382
AT5G22340,984,1029,860,1692,2120,1502
AT5G22350,5132,5276,3216,5888,7165,4138
AT5G22355,971,607,496,149,242,277
AT5G22360,5518,4937,3972,5533,7377,4060
AT5G22370,2082,1986,1638,2405,2715,1942
AT5G22380,0,0,0,10,5,0
AT5G22390,16,44,48,79,91,45
AT5G22400,2089,1964,1454,1068,1313,1102
AT5G22410,5608,5556,4651,276,763,512
AT5G22430,20,13,26,16,28,17
AT5G22440,32735,32087,24478,24685,28677,22119
AT5G22450,4398,4307,3049,6024,7400,5495
AT5G22480,3638,3348,2289,4180,4692,3694
AT5G22500,19,42,42,59,118,37
AT5G22510,2535,2485,1608,2827,3584,2362
AT5G22520,0,3,2,22,34,32
AT5G22530,6,0,0,56,57,21
AT5G22540,28,20,15,17,23,8
AT5G22545,0,0,0,22,41,6
AT5G22550,387,387,260,163,275,143
AT5G22555,20,27,20,0,0,0
AT5G22560,41,23,30,0,0,0
AT5G22570,15,11,26,6,0,0
AT5G22580,368,438,282,57,83,31
AT5G22608,270,257,218,334,387,279
AT5G22620,2093,2022,1422,1563,1987,1179
AT5G22630,11169,11487,6666,19658,23613,15258
AT5G22640,4549,4796,2656,3029,3887,3748
AT5G22650,27319,28112,18908,16562,20438,16706
AT5G22660,318,238,146,134,185,89
AT5G22680,0,0,3,14,0,3
AT5G22690,514,432,317,839,1019,720
AT5G22700,2451,2103,1666,1983,2511,1613
AT5G22720,0,0,0,8,10,8
AT5G22730,1247,1075,777,1306,1521,1174
AT5G22740,5793,6915,4723,6663,7400,5848
AT5G22750,927,954,576,565,747,626
AT5G22760,4109,3977,2638,2942,4029,3064
AT5G22770,9061,8427,6157,6498,8537,6731
AT5G22780,9742,8956,6431,5147,7022,5239
AT5G22788,80,56,60,72,70,26
AT5G22790,3319,3613,2364,3425,3893,3318
AT5G22794,158,141,124,40,59,74
AT5G22796,223,235,175,88,138,70
AT5G22799,243,168,137,105,127,65
AT5G22800,559,644,360,548,660,507
AT5G22820,917,803,543,942,1195,757
AT5G22830,1723,1858,1211,1629,2276,1230
AT5G22840,2104,1926,1504,2179,2399,1868
AT5G22850,5550,5230,3950,6527,8008,5066
AT5G22860,117,146,128,768,666,418
AT5G22870,642,666,483,454,485,236
AT5G22875,1253,1173,1073,1260,1669,978
AT5G22880,6678,5996,5110,2570,3274,1794
AT5G22890,2116,1983,1293,1248,2298,1171
AT5G22920,3633,4282,4277,1219,1550,630
AT5G22930,413,513,317,85,126,83
AT5G22940,5573,5124,3853,582,1070,831
AT5G22950,3966,3731,2927,3437,4528,2060
AT5G23000,31,28,13,51,117,34
AT5G23010,93,297,145,70,104,62
AT5G23020,1196,2447,1389,63,69,40
AT5G23030,1432,1611,1234,76,209,126
AT5G23040,6193,5670,4618,7077,9229,5814
AT5G23050,3839,3518,2654,5758,6538,4061
AT5G23060,51,88,43,40,83,47
AT5G23070,922,947,702,732,876,642
AT5G23080,2627,2460,1848,3617,4404,3592
AT5G23090,1316,1110,1009,1703,2029,959
AT5G23100,814,830,545,157,300,178
AT5G23110,5832,5557,4080,4573,6041,4739
AT5G23120,269,337,193,216,348,135
AT5G23130,872,709,563,863,992,756
AT5G23140,5088,4855,3148,4116,5014,3680
AT5G23150,3671,3702,2929,3769,5055,3496
AT5G23155,73,65,86,311,303,230
AT5G23160,46,80,53,23,38,15
AT5G23170,279,243,157,589,534,360
AT5G23190,613,879,633,4818,4558,2884
AT5G23200,1700,1655,1074,1363,1570,1305
AT5G23210,9116,8389,7065,2597,4187,1979
AT5G23220,6471,5849,4601,21047,29337,14983
AT5G23230,470,425,268,646,839,426
AT5G23235,60,68,50,88,106,35
AT5G23240,41,37,43,323,380,188
AT5G23250,4901,5173,3111,2808,3319,2573
AT5G23270,12,7,25,10,0,3
AT5G23280,1804,1679,1195,348,530,258
AT5G23290,4375,4217,3270,4425,5288,3369
AT5G23300,4167,4435,3090,1672,1902,1442
AT5G23310,1079,1064,750,714,1007,730
AT5G23320,197,134,148,187,236,152
AT5G23330,760,731,622,1008,1448,1017
AT5G23340,3164,3002,2516,5766,7316,4150
AT5G23350,769,687,689,302,300,242
AT5G23360,905,778,621,354,414,260
AT5G23370,611,654,517,264,392,244
AT5G23380,1178,1031,993,3043,3899,2599
AT5G23390,5107,4901,3547,4736,6527,4100
AT5G23395,2465,2535,1869,2764,3187,1993
AT5G23400,2595,2344,1821,319,442,385
AT5G23405,505,496,416,544,640,319
AT5G23410,856,767,673,919,1257,625
AT5G23420,2636,2625,1992,589,846,565
AT5G23430,6474,6220,4160,5094,5884,5361
AT5G23440,659,601,482,556,771,469
AT5G23450,11623,11385,7564,9890,12497,9049
AT5G23460,578,492,473,680,838,602
AT5G23480,34,45,27,16,6,12
AT5G23490,1845,1587,1199,1522,1847,1147
AT5G23510,1036,767,739,423,959,406
AT5G23520,2424,2030,1724,2298,2913,1781
AT5G23530,1711,1729,1173,1805,2015,1182
AT5G23535,5192,5511,3990,3717,3942,2376
AT5G23540,27273,27383,19451,24332,33577,20385
AT5G23550,2280,2206,1776,2206,2605,1618
AT5G23570,728,677,465,484,552,348
AT5G23575,17128,14072,11031,14133,17759,12935
AT5G23580,1802,1801,1261,1135,1281,930
AT5G23590,2483,2120,1659,4152,5470,3825
AT5G23600,2,2,1,2,2,1
AT5G23610,2988,2981,2067,3923,4498,3377
AT5G23630,14791,13883,9730,10405,14364,10833
AT5G23660,2318,1259,1059,1895,2853,1176
AT5G23670,8900,7945,6134,8424,11288,8105
AT5G23680,967,923,746,1224,1518,1109
AT5G23690,757,593,476,467,542,510
AT5G23700,720,576,430,806,1023,954
AT5G23710,1599,1420,1007,1268,1500,864
AT5G23720,4587,4350,3121,3839,4889,2905
AT5G23730,1368,1589,768,1547,2258,1864
AT5G23740,32157,30586,24322,26617,29669,19837
AT5G23750,5409,4820,3866,2478,3072,1294
AT5G23760,851,808,517,753,793,377
AT5G23770,82,85,39,46,51,40
AT5G23780,131,105,70,80,113,73
AT5G23800,424,371,322,191,331,202
AT5G23810,1219,1457,1050,360,586,324
AT5G23820,13733,12162,12505,5328,8100,4758
AT5G23830,20030,16014,16758,4827,7472,3811
AT5G23840,3669,3110,2989,1418,2233,1230
AT5G23850,760,694,469,1106,1058,872
AT5G23860,17157,14201,10902,6006,8147,7024
AT5G23870,1632,1295,1112,567,856,344
AT5G23880,2673,2547,1666,2368,2549,1991
AT5G23890,8626,9430,5452,6789,9630,6547
AT5G23900,21150,20140,14794,17602,19398,16130
AT5G23910,898,999,699,324,375,205
AT5G23920,3702,3644,3340,4971,6144,2960
AT5G23930,271,299,199,235,193,182
AT5G23940,155,150,129,183,256,210
AT5G23950,383,322,281,495,950,385
AT5G23955,442,422,396,532,814,497
AT5G23980,1203,1337,1007,25,78,94
AT5G23990,327,445,289,17,38,24
AT5G24000,695,652,545,933,1172,703
AT5G24010,569,594,403,508,574,328
AT5G24020,1712,1601,1235,1804,1921,1236
AT5G24030,7063,6574,4886,4433,6478,4150
AT5G24040,168,143,146,48,114,38
AT5G24060,875,774,562,1153,1411,965
AT5G24070,1168,1264,766,284,569,418
AT5G24080,52,44,43,2965,3213,1386
AT5G24090,6166,5808,4644,6215,11578,5287
AT5G24100,3753,3320,2448,504,879,557
AT5G24105,1166,1407,1030,344,446,257
AT5G24110,97,52,56,320,506,326
AT5G24120,1687,1703,802,3899,5234,2610
AT5G24130,0,3,6,3,0,0
AT5G24140,4921,3856,4053,2567,4843,2018
AT5G24165,9333,9128,7801,4578,8262,3504
AT5G24170,1823,1550,1476,1499,1937,1193
AT5G24190,7,5,8,0,0,3
AT5G24200,8,5,5,0,7,3
AT5G24220,9,5,0,0,0,0
AT5G24230,1254,1101,752,117,209,109
AT5G24240,677,643,446,227,316,219
AT5G24260,5992,5717,3936,5520,6835,5128
AT5G24270,1464,1428,1130,3612,4364,1843
AT5G24275,25,14,17,13,12,18
AT5G24280,114,133,151,126,114,127
AT5G24290,3808,3423,2925,575,919,419
AT5G24300,3838,4527,2808,3916,4944,3553
AT5G24310,1714,1718,1368,1534,2395,1295
AT5G24313,1334,1239,1008,122,306,189
AT5G24314,784,840,565,587,812,501
AT5G24316,10,9,2,33,56,29
AT5G24318,279,280,192,326,330,174
AT5G24320,1907,1643,1326,3085,3900,2586
AT5G24330,689,670,455,135,192,116
AT5G24340,1157,1043,725,859,1160,853
AT5G24350,5220,5135,3373,3609,5238,4642
AT5G24352,751,809,683,1183,1394,594
AT5G24355,7,0,0,0,18,16
AT5G24360,3750,3476,2314,2539,3335,2347
AT5G24380,3388,3939,3191,5666,7380,4843
AT5G24390,824,798,523,581,787,623
AT5G24400,12203,10986,9077,13071,17102,11088
AT5G24410,3006,2321,2055,1089,1590,792
AT5G24430,3553,3279,2206,3677,4568,3084
AT5G24450,3311,3190,2344,3030,3917,2271
AT5G24460,2249,2211,1531,3296,4254,2667
AT5G24470,973,840,665,2543,2823,1615
AT5G24490,1859,1602,1503,4591,5645,2972
AT5G24500,2259,1982,1610,1710,2255,1497
AT5G24510,58,63,49,49,52,21
AT5G24520,3173,3073,2143,2956,3712,2419
AT5G24530,2347,2166,1631,6445,8088,3758
AT5G24570,611,619,381,1287,1298,603
AT5G24575,1,1,1,4,2,1
AT5G24580,4165,3657,3356,2685,3454,2718
AT5G24590,2516,2410,1819,4562,5410,3126
AT5G24600,189,197,134,429,568,366
AT5G24610,6437,5429,4858,11811,13838,8673
AT5G24620,9480,8745,7739,7370,9915,6587
AT5G24630,1476,1379,1206,1004,1158,847
AT5G24640,50,50,31,84,100,40
AT5G24650,4606,4777,3373,4302,4984,2668
AT5G24655,21,32,21,64,77,28
AT5G24660,274,242,274,1336,1224,795
AT5G24670,5183,5126,4200,4990,6365,3825
AT5G24680,857,796,584,910,1246,880
AT5G24690,7516,7013,5077,9435,11441,8647
AT5G24710,10277,9773,6558,6792,8787,8118
AT5G24735,3029,2663,2298,3576,4749,2262
AT5G24740,3285,3286,2322,3159,4098,3429
AT5G24750,1129,943,755,764,1097,686
AT5G24760,7923,7329,5071,3084,3810,2273
AT5G24770,72,43,81,44,55,22
AT5G24780,420,337,442,79,110,30
AT5G24800,4724,4294,3982,15327,16510,9367
AT5G24810,7302,7601,5254,8972,11667,6620
AT5G24825,6,13,4,0,0,0
AT5G24830,1386,1346,942,1307,1684,1476
AT5G24840,2060,1979,1487,1687,1873,1447
AT5G24850,5082,5028,2736,5488,7335,4795
AT5G24860,3,5,0,86,75,20
AT5G24870,1918,2054,1202,1486,2244,1284
AT5G24880,994,1157,803,76,157,106
AT5G24890,3159,3386,2390,3364,4300,2219
AT5G24900,689,535,551,154,211,120
AT5G24910,1588,1391,1044,474,829,413
AT5G24920,26,11,16,6,11,6
AT5G24930,3170,3171,2154,9576,13404,5245
AT5G24940,8,25,5,15,19,22
AT5G24960,870,728,507,425,531,353
AT5G24970,950,1072,740,1047,1064,945
AT5G24980,3427,3323,2892,1919,3207,1692
AT5G24990,423,480,274,283,434,343
AT5G25010,715,644,455,155,393,341
AT5G25020,960,823,694,240,343,393
AT5G25040,3,3,0,0,7,0
AT5G25050,1763,1373,963,915,1531,1292
AT5G25060,6080,6208,4556,6150,8337,6205
AT5G25070,3181,3197,1783,2046,2800,2460
AT5G25080,2362,2367,1792,3095,3376,1800
AT5G25090,1091,1171,839,155,104,94
AT5G25100,25544,23037,15237,12260,16187,14583
AT5G25110,604,526,628,1772,2292,1162
AT5G25120,152,161,105,956,1565,549
AT5G25130,31,48,27,69,63,23
AT5G25140,83,107,106,161,203,97
AT5G25150,2678,2612,1758,2400,2914,1846
AT5G25160,1201,1304,990,933,931,486
AT5G25170,2271,2251,1613,1953,2400,1300
AT5G25190,163,185,120,423,1102,874
AT5G25200,11,8,7,24,31,14
AT5G25205,5,0,2,7,13,11
AT5G25210,724,594,489,835,1060,656
AT5G25220,659,699,493,1949,2783,1314
AT5G25230,21,28,0,9,7,17
AT5G25240,535,522,353,77,73,44
AT5G25250,63,53,28,42,43,26
AT5G25260,10,0,0,0,0,0
AT5G25265,12663,11261,8749,7207,10271,5592
AT5G25270,8173,8273,6839,7741,10713,6136
AT5G25280,6711,5123,5300,5712,8230,4126
AT5G25310,70,53,56,50,97,30
AT5G25340,6,7,7,14,11,6
AT5G25350,14243,11569,10761,11225,20352,15206
AT5G25360,3660,3290,2570,3975,5329,3420
AT5G25370,260,279,176,413,389,346
AT5G25380,228,195,135,87,90,75
AT5G25440,419,328,249,72,207,124
AT5G25450,103,113,86,254,242,120
AT5G25451,12,3,1,0,1,0
AT5G25460,36409,29309,22695,42895,61519,33881
AT5G25470,21,18,21,69,69,26
AT5G25475,641,727,508,666,770,667
AT5G25480,784,647,464,695,736,464
AT5G25490,621,416,371,401,472,339
AT5G25500,237,234,165,202,202,143
AT5G25510,3902,3440,2276,2032,2630,2487
AT5G25520,3415,3313,2272,3570,4418,3393
AT5G25530,11,5,8,15,12,3
AT5G25540,8564,7906,6891,8106,10402,5208
AT5G25560,14791,13436,12059,12686,20235,9761
AT5G25570,593,460,409,298,363,229
AT5G25580,602,646,495,318,409,220
AT5G25590,1512,1512,1028,1614,1913,1436
AT5G25610,8,3,0,27,12,22
AT5G25620,633,724,508,257,222,236
AT5G25630,791,831,580,824,1043,682
AT5G25640,2042,1849,1496,1086,1564,805
AT5G25750,12,9,0,0,10,0
AT5G25754,11464,11681,7472,10343,11855,11118
AT5G25755,47,38,22,45,48,27
AT5G25756,15,7,9,25,35,19
AT5G25757,12551,12044,7954,10072,11578,11160
AT5G25760,3848,3399,2722,3299,4163,1942
AT5G25770,10470,9031,8175,12030,16818,6868
AT5G25780,5757,6017,3565,4744,5980,4999
AT5G25790,214,207,160,176,260,133
AT5G25800,1235,1210,935,1522,1674,1350
AT5G25810,6214,6365,4428,1781,3116,1374
AT5G25820,4124,4163,2496,3166,5083,3384
AT5G25830,3016,2520,2125,6162,6429,4339
AT5G25840,56,69,30,127,177,113
AT5G25880,825,825,608,541,945,529
AT5G25890,19806,17384,14828,16082,23247,10877
AT5G25900,2970,2865,2051,3707,4014,3208
AT5G25910,129,98,84,61,132,36
AT5G25930,2828,2629,1936,2236,3334,1830
AT5G25940,6681,6779,4954,6775,8845,4043
AT5G26010,2673,2903,1914,2531,3892,1788
AT5G26030,12646,11819,7304,11797,15260,9942
AT5G26040,786,768,673,1042,1325,695
AT5G26070,28,33,31,0,0,0
AT5G26080,142,126,210,5,18,8
AT5G26110,2740,2746,1904,3658,4145,3012
AT5G26120,0,0,0,0,21,0
AT5G26140,40,44,31,213,173,86
AT5G26146,15,15,18,100,84,73
AT5G26150,0,0,3,7,6,0
AT5G26160,738,746,497,541,814,635
AT5G26170,18,6,15,9,7,7
AT5G26180,3031,2884,2062,2447,2825,2545
AT5G26190,26,45,26,44,53,59
AT5G26200,78,87,53,49,57,23
AT5G26210,4308,3410,2724,4512,6009,3948
AT5G26220,165,87,82,545,797,1152
AT5G26230,969,822,501,616,929,750
AT5G26240,5006,4517,3236,3858,5174,3415
AT5G26250,94,59,126,60,49,23
AT5G26260,105287,81943,73389,46218,58755,44671
AT5G26270,190,154,122,14,41,12
AT5G26280,45494,33949,30524,12157,18918,10638
AT5G26286,11,11,6,0,1,3
AT5G26290,6687,5404,5281,4717,6439,4118
AT5G26300,89,96,46,8,17,9
AT5G26310,2888,3063,2314,331,472,315
AT5G26320,201,170,186,27,77,21
AT5G26330,1976,2121,1691,1650,2315,1137
AT5G26340,5053,4453,3392,18737,27662,15716
AT5G26360,30142,27665,19497,17831,23196,18709
AT5G26570,1624,1502,1025,1424,1662,1624
AT5G26582,3,11,5,2,3,0
AT5G26600,7785,7378,5580,9389,11384,7294
AT5G26610,2669,2641,2266,2667,3645,1996
AT5G26620,37,18,15,11,22,6
AT5G26622,976,777,761,1150,1293,1011
AT5G26660,3965,3744,3025,1014,1877,1031
AT5G26667,23567,21538,16148,13476,16432,9827
AT5G26670,1421,1177,845,264,533,378
AT5G26680,2865,2832,2001,1950,2392,1662
AT5G26690,19,10,11,12,11,0
AT5G26700,12,10,20,49,50,19
AT5G26710,10486,9749,6083,7622,9053,7223
AT5G26720,428,412,348,219,330,196
AT5G26730,1017,892,804,90,168,80
AT5G26731,751,790,500,416,535,274
AT5G26740,9672,8956,6873,3567,5100,2961
AT5G26742,5182,5214,3046,3863,4795,3872
AT5G26749,508,490,551,738,844,356
AT5G26751,9864,8794,7137,8351,11550,6138
AT5G26760,2855,2824,2050,3857,4558,3120
AT5G26770,1084,963,736,1257,1817,1010
AT5G26780,16113,15045,10408,6445,9046,5989
AT5G26790,225,162,162,35,46,20
AT5G26800,3983,3602,2953,3469,3753,2585
AT5G26820,2536,2586,1793,3080,4174,2583
AT5G26830,15328,15034,10335,12811,15217,10957
AT5G26850,7280,6483,4956,6157,7649,6331
AT5G26860,5128,5794,3630,3419,3651,2866
AT5G26865,45,22,42,372,278,201
AT5G26880,4809,4371,3284,5041,5918,5140
AT5G26910,1496,1304,784,870,998,968
AT5G26920,26,14,8,29,52,15
AT5G26930,183,255,169,269,411,212
AT5G26940,2260,2228,1548,2332,3024,2251
AT5G26950,9,6,3,0,0,0
AT5G26960,678,697,471,404,649,551
AT5G26980,1457,1334,1026,1812,2357,1512
AT5G26990,2807,2672,1924,2768,3640,2087
AT5G27000,6920,6903,4355,3632,5144,3223
AT5G27030,2859,2691,1860,3159,3417,2551
AT5G27037,68,61,41,65,72,48
AT5G27060,42,44,11,13,30,23
AT5G27093,20,25,11,15,12,15
AT5G27100,918,842,766,78,199,127
AT5G27110,217,230,170,104,144,118
AT5G27120,13464,13511,8634,6611,8016,6877
AT5G27130,3,6,0,0,3,3
AT5G27150,15645,14812,10556,13689,18883,10031
AT5G27200,290,247,218,74,138,36
AT5G27210,1063,919,715,1207,1506,813
AT5G27220,14,15,22,8,17,15
AT5G27230,113,145,83,79,84,69
AT5G27240,610,564,345,251,367,379
AT5G27250,98,119,101,247,205,136
AT5G27270,992,865,631,832,928,755
AT5G27280,1422,1267,1067,1747,2131,1046
AT5G27290,0,12,6,4,5,0
AT5G27300,52,44,30,35,42,17
AT5G27320,1383,1300,898,1528,1885,1448
AT5G27330,5206,5193,2986,2242,2629,2092
AT5G27350,2053,2014,1498,5721,8109,3274
AT5G27380,10000,9622,7188,8405,10685,7250
AT5G27390,358,316,203,265,345,217
AT5G27395,3718,3584,2598,1822,2290,1599
AT5G27400,2140,2031,1456,2149,2659,2354
AT5G27410,6039,5254,4448,5698,7911,4417
AT5G27420,419,497,321,509,793,365
AT5G27430,4807,4113,3453,3573,4957,2679
AT5G27440,10,8,10,2,3,3
AT5G27450,8870,7965,6187,3770,5610,3437
AT5G27460,844,756,677,858,1120,668
AT5G27470,13283,12045,8629,15106,17195,11013
AT5G27490,2261,2247,1636,1692,2130,1446
AT5G27493,6,5,3,3,2,1
AT5G27520,3777,3677,2564,5994,7707,5104
AT5G27540,7061,6852,4374,6926,8055,6858
AT5G27550,1594,1563,1236,716,680,499
AT5G27560,372,334,276,244,300,256
AT5G27600,6640,6261,4435,7746,10734,6624
AT5G27610,1065,1058,862,1460,1430,970
AT5G27620,1923,1898,1350,1663,1697,1341
AT5G27630,354,348,210,154,200,216
AT5G27640,16897,16899,10651,16927,20421,16194
AT5G27650,2654,2524,1794,2486,3331,2341
AT5G27660,4088,5375,3126,3294,4127,1600
AT5G27670,9757,8808,7360,10224,11621,7344
AT5G27680,1000,1114,730,655,647,558
AT5G27690,313,355,258,234,328,232
AT5G27700,33574,33928,28091,29662,37708,22164
AT5G27710,1702,1679,1113,1337,1659,1186
AT5G27720,5995,5459,4217,4811,6719,3818
AT5G27730,1514,1405,1194,1803,2401,1374
AT5G27740,2796,2834,1968,1811,2397,1668
AT5G27750,756,779,488,928,881,669
AT5G27760,8432,7574,5582,13252,17269,10057
AT5G27765,0,4,0,19,12,3
AT5G27770,26779,24094,20921,17385,21886,11905
AT5G27807,13,17,4,2,4,0
AT5G27810,54,40,35,15,11,18
AT5G27820,1987,1695,1382,1273,1516,811
AT5G27830,1283,1083,1020,804,1117,683
AT5G27840,4577,4207,3207,4005,5459,3274
AT5G27850,73568,74277,53497,50465,61759,43498
AT5G27860,4993,4111,4026,5124,6933,3342
AT5G27902,5,6,2,0,1,0
AT5G27910,0,3,0,3,7,0
AT5G27920,7065,6258,4678,3222,3671,2888
AT5G27930,2932,2696,2255,942,1543,720
AT5G27940,9,3,11,20,10,6
AT5G27950,4233,4115,3108,1845,3511,1758
AT5G27970,6749,6194,4279,4021,4985,4418
AT5G27980,0,0,0,0,10,6
AT5G27990,3194,3064,2322,3495,3664,1962
AT5G28010,146,152,130,52,73,35
AT5G28020,10400,8482,6917,5702,9815,5234
AT5G28030,37,13,9,9,6,5
AT5G28040,2722,2379,1805,1665,2301,1544
AT5G28050,24686,22401,15120,18849,26827,15232
AT5G28060,46564,46738,35731,38787,48174,30774
AT5G28080,1309,1083,875,1597,1690,914
AT5G28145,135,105,113,25,24,14
AT5G28150,2096,1933,1366,1399,1793,1191
AT5G28220,2366,2476,1795,1867,2449,1562
AT5G28237,3,3,5,0,0,0
AT5G28262,55,39,29,32,58,36
AT5G28263,42,66,71,34,66,30
AT5G28290,2276,2238,1356,1342,1829,1774
AT5G28300,496,626,378,367,575,489
AT5G28320,453,411,249,144,268,408
AT5G28330,1121,942,899,1150,1515,899
AT5G28335,62,74,33,39,45,38
AT5G28340,182,152,166,146,247,120
AT5G28350,5620,5239,3563,4116,5357,4364
AT5G28360,7,10,9,0,3,0
AT5G28370,842,783,437,323,371,403
AT5G28380,54,52,52,61,87,27
AT5G28390,503,392,348,472,636,315
AT5G28400,543,555,302,197,343,423
AT5G28415,148,144,160,83,140,114
AT5G28430,175,218,141,146,250,116
AT5G28440,29,37,31,28,11,17
AT5G28442,338,301,233,197,280,162
AT5G28460,1083,1041,602,496,542,470
AT5G28470,3,0,0,0,6,3
AT5G28490,0,3,0,5,0,3
AT5G28500,88,122,70,98,159,111
AT5G28510,301,249,185,12464,14189,6624
AT5G28520,45,17,12,2732,3161,1557
AT5G28526,3,0,1,8,6,1
AT5G28530,751,571,560,752,935,655
AT5G28540,57359,52747,39409,14527,21382,16007
AT5G28610,105,89,62,95,93,42
AT5G28622,12,16,17,9,32,6
AT5G28624,0,3,9,0,0,0
AT5G28626,477,419,299,146,237,236
AT5G28630,322,245,141,72,93,53
AT5G28640,5832,5657,4030,10078,12302,8188
AT5G28646,177,113,152,245,309,192
AT5G28650,121,117,110,10,28,16
AT5G28740,6018,5893,3557,5407,6809,5931
AT5G28750,1324,1306,1157,1339,1577,768
AT5G28770,2234,2077,2115,1520,1414,641
AT5G28830,1123,1123,815,1883,2194,1135
AT5G28840,9412,8829,5995,9951,12473,8397
AT5G28850,3636,3620,2257,2598,3132,2687
AT5G28900,4361,3823,2817,3198,3860,2981
AT5G28910,93,120,82,138,163,88
AT5G28913,936,843,657,311,480,348
AT5G28917,16,20,10,30,44,17
AT5G28919,3828,3606,2406,3704,4777,3890
AT5G28960,270,251,238,35,70,36
AT5G29000,1310,1246,882,2795,3493,2090
AT5G29560,0,6,0,7,12,5
AT5G30490,1942,1838,1449,1917,2387,1495
AT5G30495,1280,1160,1009,1005,1349,716
AT5G30510,3765,3632,2558,3601,4261,3020
AT5G30584,3,3,3,0,0,3
AT5G32440,8396,8182,6696,8714,12284,6607
AT5G32450,4792,4478,3663,2115,2759,1752
AT5G32470,3261,2996,2137,3663,4401,3340
AT5G33280,1171,1192,923,905,1127,821
AT5G33290,1091,1072,756,917,1164,672
AT5G33300,1956,1856,1222,1700,1535,1113
AT5G33320,26601,25979,19008,11671,15034,10542
AT5G33330,5,6,0,0,0,0
AT5G33355,278,347,242,330,457,201
AT5G33382,82,48,35,40,60,54
AT5G33390,3,0,3,0,6,6
AT5G33395,16,21,18,11,41,20
AT5G33399,3,11,0,0,9,20
AT5G34480,7,3,3,0,3,6
AT5G34795,6,0,0,3,1,0
AT5G34800,7,0,0,3,0,0
AT5G34850,38342,39554,25936,28223,38345,23603
AT5G34851,1,3,0,3,1,3
AT5G34853,1526,1441,932,1429,1647,1652
AT5G34930,1911,1954,1446,1475,2033,1409
AT5G34940,5139,5182,4036,2463,3906,2163
AT5G35080,3885,3657,2896,3335,4479,2679
AT5G35100,1203,1176,983,1402,1810,898
AT5G35110,136,211,171,1896,1866,929
AT5G35160,19660,18646,13316,12224,17625,13197
AT5G35170,1674,1314,1189,1680,2235,1193
AT5G35180,12736,13673,8794,10953,14514,9433
AT5G35190,7856,11300,10104,190,663,619
AT5G35200,17046,16999,12750,15194,19119,10576
AT5G35210,7974,7504,5525,6966,9269,6503
AT5G35220,902,1014,808,737,761,630
AT5G35320,1833,1786,1486,3100,3393,2435
AT5G35330,1970,1917,1649,2792,3315,2347
AT5G35360,29639,26967,17872,19557,22714,17030
AT5G35370,2090,2182,1371,1311,2193,1418
AT5G35380,26,7,27,46,101,34
AT5G35390,8,9,14,8,11,0
AT5G35400,859,768,548,675,773,562
AT5G35410,920,886,695,1048,1350,815
AT5G35420,12,21,6,10,20,2
AT5G35430,4150,3827,2786,3176,4112,3313
AT5G35450,2002,1935,1339,1171,1516,1088
AT5G35460,6866,6538,4902,8901,12731,6824
AT5G35510,1,10,2,0,3,0
AT5G35520,1767,1273,1345,1205,1603,970
AT5G35525,264,241,224,82,59,30
AT5G35530,37229,34722,27044,32092,36402,25143
AT5G35560,4407,3988,3023,4859,6660,4175
AT5G35570,2794,2742,1913,2148,2973,2016
AT5G35575,25,24,7,15,10,14
AT5G35580,1494,1334,890,1480,1847,1244
AT5G35590,19320,18567,14628,16543,20851,11368
AT5G35620,13425,12967,9760,9916,12035,6792
AT5G35630,16718,15954,11069,9840,13780,7078
AT5G35670,1997,1810,1642,690,1205,765
AT5G35680,9177,8710,6301,7618,10559,5912
AT5G35688,19,9,7,27,24,11
AT5G35690,6217,5649,3920,6210,8110,4733
AT5G35700,6875,6752,4111,5385,6589,4667
AT5G35730,10021,9146,6691,6586,8683,6292
AT5G35732,1188,1067,827,735,1057,439
AT5G35735,1240,1275,931,10658,12916,8148
AT5G35738,63,79,61,26,47,27
AT5G35740,1975,1727,1458,178,368,161
AT5G35750,3502,3277,2310,825,1316,826
AT5G35753,1410,1450,931,976,1401,1067
AT5G35760,126,94,81,58,69,75
AT5G35770,150,122,136,101,93,125
AT5G35790,184,239,128,188,310,187
AT5G35840,2419,2352,1452,1790,2315,1846
AT5G35870,5,15,9,3,0,3
AT5G35910,5894,5769,3695,3932,4929,3947
AT5G35914,9,6,4,6,8,7
AT5G35915,16,6,6,0,0,0
AT5G35926,91,83,51,71,88,38
AT5G35927,4,5,10,5,8,1
AT5G35930,1558,1467,1051,1242,1681,1095
AT5G35935,1863,1540,1491,1643,1942,1642
AT5G35940,5674,4706,3367,2851,3657,2676
AT5G35950,3,4,5,2,3,3
AT5G35960,312,286,162,90,133,106
AT5G35970,3342,3356,1981,5146,6359,4186
AT5G35980,11384,11377,7465,9793,13782,10867
AT5G35995,1458,1341,1013,1313,1660,990
AT5G36000,14,12,4,0,15,11
AT5G36001,14,4,8,4,1,5
AT5G36002,164,123,97,132,154,129
AT5G36110,3,13,10,0,12,0
AT5G36120,0,3,3,6,3,0
AT5G36130,1274,1510,1123,124,328,103
AT5G36140,818,1107,523,67,170,76
AT5G36150,1338,1716,1229,116,284,97
AT5G36160,7529,7828,5633,5236,7689,4558
AT5G36170,1646,1712,1406,1071,1255,774
AT5G36180,16337,15374,14796,2848,5235,2567
AT5G36185,11,8,15,15,31,20
AT5G36210,5064,5068,3368,3512,4480,3683
AT5G36220,195,151,101,131,144,92
AT5G36230,20948,19833,14790,16481,20825,14100
AT5G36240,0,3,0,0,7,0
AT5G36250,1997,1823,1367,1912,2671,1613
AT5G36260,710,720,592,301,381,213
AT5G36270,202,218,164,3,6,20
AT5G36290,13924,13292,9706,10014,12981,9109
AT5G36670,210,214,149,113,134,127
AT5G36710,547,522,434,64,92,49
AT5G36740,234,234,168,127,150,130
AT5G36800,560,549,456,65,94,50
AT5G36870,414,289,303,22,31,16
AT5G36880,22441,21778,14639,13524,18659,13023
AT5G36890,2989,2837,1980,2123,2714,2090
AT5G36907,90,129,112,118,293,115
AT5G36920,0,3,0,0,12,7
AT5G36925,18,33,18,379,643,287
AT5G36930,278,258,208,178,188,164
AT5G36937,3,3,3,2,0,0
AT5G36940,4768,4337,3111,3675,5259,3335
AT5G36950,1767,1711,1002,1639,1628,1693
AT5G36960,35,20,30,83,134,61
AT5G36970,0,0,0,34,50,26
AT5G37000,742,706,579,344,574,327
AT5G37010,1437,1500,992,417,556,407
AT5G37020,3945,4060,2510,2121,2743,2354
AT5G37050,76,79,39,88,118,44
AT5G37055,923,812,815,1565,1894,1065
AT5G37070,644,545,488,822,1341,456
AT5G37072,202,170,145,92,99,63
AT5G37130,3645,3632,2306,3083,3941,2736
AT5G37165,10,0,6,3,0,0
AT5G37180,1358,1492,914,1350,1630,906
AT5G37190,1220,1448,882,1242,1583,1190
AT5G37210,275,238,133,37,150,63
AT5G37250,3,5,7,8,13,2
AT5G37260,2167,2271,1809,3939,3666,1704
AT5G37290,559,583,439,586,807,458
AT5G37310,7991,7785,5952,4474,6025,4574
AT5G37340,453,378,360,606,621,434
AT5G37350,3055,2786,2146,3396,4085,3343
AT5G37352,0,0,0,21,7,7
AT5G37360,612,597,422,1162,1466,777
AT5G37370,6852,6368,5408,6528,8911,5115
AT5G37380,1778,1620,1255,1582,2371,1822
AT5G37400,139,103,90,147,87,73
AT5G37410,92,69,40,35,53,30
AT5G37440,37,25,19,53,56,42
AT5G37450,15,23,11,11,8,6
AT5G37460,8,10,7,0,0,3
AT5G37470,4,0,4,0,0,2
AT5G37475,5620,5057,3800,4874,6372,3638
AT5G37478,814,830,566,1203,1299,558
AT5G37480,3748,3402,2752,2927,3609,2098
AT5G37485,95,62,69,225,213,217
AT5G37490,23,9,11,129,109,66
AT5G37500,1117,1128,824,2410,3251,1729
AT5G37510,34822,35306,21125,24379,32829,25516
AT5G37530,869,825,437,467,363,282
AT5G37540,4312,5201,3622,8432,11842,6101
AT5G37550,659,669,437,934,1390,589
AT5G37570,328,374,249,185,212,189
AT5G37590,1430,1221,1024,1625,1991,1409
AT5G37600,53023,52841,36270,36354,56239,33791
AT5G37620,11,14,7,3,3,7
AT5G37630,1555,1478,1046,573,609,623
AT5G37660,1957,1892,1330,634,997,742
AT5G37670,50,48,46,108,111,57
AT5G37680,843,814,606,861,1016,558
AT5G37690,178,179,259,49,41,26
AT5G37710,3004,2616,2114,2194,2829,1748
AT5G37720,4597,4716,3410,5403,7226,4573
AT5G37740,9313,8412,6389,5198,7126,3115
AT5G37750,26,73,41,116,52,48
AT5G37770,1286,1170,801,2226,2858,1437
AT5G37780,26530,26375,19866,19164,24516,13655
AT5G37790,8801,7900,6020,7127,8756,5486
AT5G37793,19,26,16,18,0,0
AT5G37800,585,545,432,210,246,268
AT5G37830,8476,8072,5931,5358,7555,5450
AT5G37850,4461,4137,3137,4232,5346,3083
AT5G37890,953,865,648,746,935,800
AT5G37930,1853,1638,1495,1775,2341,1238
AT5G37940,0,0,0,0,20,0
AT5G37950,25,51,29,17,14,11
AT5G37980,207,169,161,51,71,43
AT5G37990,4361,3094,4415,466,606,332
AT5G38000,931,762,1036,123,265,121
AT5G38005,914,867,831,612,809,459
AT5G38010,2747,3271,2252,827,1433,716
AT5G38020,5216,5899,5279,629,1356,704
AT5G38030,3511,3895,2729,995,1929,985
AT5G38040,430,311,258,263,361,257
AT5G38050,309,277,210,193,339,147
AT5G38060,198,180,224,229,293,193
AT5G38070,193,196,136,262,205,147
AT5G38096,12,3,0,0,0,0
AT5G38100,588,447,345,26,59,35
AT5G38110,2267,1950,1611,1742,1909,1416
AT5G38140,655,552,625,758,1021,495
AT5G38150,806,602,467,367,557,483
AT5G38200,3335,3042,1866,6024,5566,3798
AT5G38210,822,850,663,791,1250,580
AT5G38212,587,461,336,383,394,366
AT5G38220,1828,1689,1345,2192,2332,1422
AT5G38230,0,0,3,5,2,1
AT5G38240,0,12,0,35,42,31
AT5G38280,1679,1478,1156,1351,1726,1204
AT5G38290,501,427,334,261,299,145
AT5G38300,171,205,137,57,51,14
AT5G38310,12,22,8,28,37,16
AT5G38320,8,16,8,0,8,3
AT5G38340,773,703,544,117,308,165
AT5G38344,38,63,20,10,15,13
AT5G38350,328,358,324,79,133,71
AT5G38360,956,765,717,581,796,491
AT5G38380,3830,3165,2702,3279,4411,2476
AT5G38383,9,12,3,0,3,7
AT5G38386,9,11,19,11,7,0
AT5G38410,0,8,3,11,0,0
AT5G38450,528,507,398,57,80,20
AT5G38460,2438,2149,1607,1302,2086,1483
AT5G38470,16786,15117,11857,17551,22213,10010
AT5G38480,39842,34981,29436,29814,38449,19120
AT5G38510,328,314,184,463,497,252
AT5G38520,102,158,70,85,161,71
AT5G38530,10033,8871,6551,10800,14305,9676
AT5G38540,266,252,190,124,214,114
AT5G38550,2053,2070,1532,407,749,284
AT5G38560,5195,4913,3423,3535,5160,3903
AT5G38565,13,11,8,0,10,0
AT5G38590,845,777,507,627,794,531
AT5G38600,3983,3747,2750,3302,4397,3388
AT5G38610,1526,1736,1191,1430,1727,937
AT5G38630,6684,6535,5866,5851,8156,4682
AT5G38640,1675,1967,1021,2000,2636,2169
AT5G38650,9909,10115,6561,10019,10889,8062
AT5G38660,1543,1567,2421,1656,4237,932
AT5G38690,1957,1787,1198,1186,1547,1064
AT5G38700,206,253,135,241,371,229
AT5G38710,244,208,225,84,133,63
AT5G38720,2125,2313,1568,1835,1952,1293
AT5G38730,162,170,92,131,183,102
AT5G38747,63,51,52,48,49,46
AT5G38750,9,7,4,32,15,18
AT5G38770,102,90,73,111,86,66
AT5G38780,12,30,19,13,13,16
AT5G38790,325,427,318,123,204,85
AT5G38820,250,174,182,73,71,56
AT5G38830,7472,7772,4734,8133,9227,6943
AT5G38840,2221,1899,1418,2030,2679,1938
AT5G38850,355,417,285,437,568,313
AT5G38860,743,618,555,847,989,734
AT5G38865,22,22,27,44,37,16
AT5G38870,20,17,12,28,30,14
AT5G38880,4365,4102,2900,3499,4452,3876
AT5G38890,1522,1535,1107,1149,1183,780
AT5G38895,1024,959,693,1476,1906,993
AT5G38900,434,454,293,317,624,288
AT5G38940,1011,782,755,198,504,184
AT5G38970,1740,1665,1493,431,553,406
AT5G38980,3,13,8,11,17,3
AT5G38990,12,3,10,1,1,1
AT5G39000,232,291,179,34,82,38
AT5G39020,97,55,41,26,22,18
AT5G39040,4256,4188,2690,12839,14520,9212
AT5G39050,3752,3387,1859,14878,19466,11817
AT5G39060,2,9,8,3,3,1
AT5G39080,360,235,240,875,877,821
AT5G39090,130,117,103,389,451,345
AT5G39160,0,0,0,8,0,3
AT5G39190,0,0,0,9,0,5
AT5G39220,88,99,61,8,15,12
AT5G39240,1008,944,772,789,935,584
AT5G39250,1262,1073,725,950,1406,862
AT5G39320,30383,27140,18576,16078,23102,14886
AT5G39330,49,53,47,41,34,39
AT5G39340,5494,4715,3636,4027,4543,2358
AT5G39350,377,341,244,174,251,231
AT5G39360,1926,1713,1212,1423,1772,1152
AT5G39380,964,920,739,1041,1238,709
AT5G39410,2500,2729,1953,6061,6222,3616
AT5G39420,83,84,69,67,120,44
AT5G39450,536,576,378,376,508,420
AT5G39471,70,98,62,133,109,42
AT5G39473,3,4,0,5,3,3
AT5G39480,6,22,11,5,2,0
AT5G39490,2,2,4,0,4,0
AT5G39493,8,7,3,0,0,0
AT5G39500,7139,6725,4420,5380,6633,4934
AT5G39510,10197,9942,7612,11031,14576,7058
AT5G39530,63,50,38,94,79,50
AT5G39550,3394,3475,2396,2109,2725,2112
AT5G39570,56476,53505,33850,38150,56135,39327
AT5G39580,394,433,250,3198,5826,3592
AT5G39590,9705,9518,6689,10138,14769,8398
AT5G39600,3505,3536,2501,3085,3991,2341
AT5G39610,242,266,184,2778,3936,1732
AT5G39660,1461,1490,993,2319,2606,1997
AT5G39670,45,24,40,757,817,405
AT5G39680,81,84,82,45,59,51
AT5G39710,322,377,207,235,296,242
AT5G39720,10,0,4,332,317,128
AT5G39730,4726,4984,3662,2816,3646,1782
AT5G39740,63765,64480,46812,42156,57522,44892
AT5G39760,260,264,181,227,343,166
AT5G39785,184,235,138,286,275,149
AT5G39790,486,431,351,369,331,235
AT5G39800,1232,1186,899,625,807,366
AT5G39820,235,172,210,22,40,34
AT5G39830,1015,985,804,900,1147,674
AT5G39840,1330,1290,773,277,369,283
AT5G39850,843,900,662,789,890,511
AT5G39865,197,187,154,83,82,91
AT5G39890,77,39,24,0,14,0
AT5G39900,1066,1075,665,594,643,571
AT5G39930,15,29,6,10,25,26
AT5G39940,712,623,439,443,491,383
AT5G39950,9925,8590,7017,7296,10100,4329
AT5G39960,1145,1288,792,874,971,883
AT5G39970,3959,3740,3020,1288,2257,1364
AT5G39980,366,310,238,199,212,162
AT5G39990,6136,5765,3854,3397,4365,3460
AT5G39995,16,17,0,73,66,20
AT5G40000,3,13,6,1422,1408,804
AT5G40010,78,64,70,83,77,27
AT5G40020,1485,1625,1094,3062,2850,1827
AT5G40030,1241,1008,745,273,475,409
AT5G40040,8,12,7,0,0,3
AT5G40060,80,66,42,33,28,23
AT5G40080,1167,995,845,721,928,396
AT5G40090,1350,1095,840,457,812,559
AT5G40100,1962,1797,1601,1244,2083,1293
AT5G40130,11,22,35,16,29,5
AT5G40140,1175,1051,904,557,913,588
AT5G40150,918,852,702,335,429,325
AT5G40153,8,5,3,4,3,6
AT5G40155,0,0,0,9,5,0
AT5G40160,512,518,332,391,476,302
AT5G40170,663,892,594,528,1034,491
AT5G40180,0,6,7,16,15,5
AT5G40190,3138,2664,2501,2698,3578,2215
AT5G40200,6745,6386,4024,5968,7058,6041
AT5G40210,398,450,355,86,203,85
AT5G40230,1801,1436,1351,655,1112,697
AT5G40240,1252,1357,1079,644,946,567
AT5G40250,2284,2173,1751,1359,1971,1416
AT5G40260,16,6,0,21,7,0
AT5G40270,2115,1966,1455,1143,1519,798
AT5G40275,7,0,13,0,0,0
AT5G40280,1983,1907,1449,1727,2106,1315
AT5G40300,2218,2056,1705,1845,2391,2080
AT5G40316,27,34,46,10,13,5
AT5G40320,240,229,146,29,65,39
AT5G40330,523,421,383,535,475,350
AT5G40340,3434,3106,2456,4098,5695,2699
AT5G40370,4541,4619,3339,5800,6942,3829
AT5G40390,7101,7462,4509,13571,18625,12157
AT5G40395,11,14,5,4,8,5
AT5G40400,519,467,284,404,454,403
AT5G40405,314,332,184,101,162,157
AT5G40410,67,49,30,32,46,28
AT5G40420,5,0,0,73,42,48
AT5G40440,1040,987,785,1242,1477,1073
AT5G40450,29605,27517,23185,9489,14867,7591
AT5G40460,141,152,113,330,277,141
AT5G40470,1029,860,671,627,902,507
AT5G40480,4245,4371,2609,2102,2056,1860
AT5G40490,2888,2630,1446,2035,2581,2200
AT5G40500,86,108,110,265,235,146
AT5G40510,8708,7896,5094,3464,5404,3550
AT5G40520,884,890,569,922,1022,702
AT5G40530,2066,1837,1378,2058,2335,1376
AT5G40540,1634,1609,1230,1582,2054,1407
AT5G40550,1138,1189,898,977,1251,731
AT5G40570,242,208,199,232,240,139
AT5G40580,11577,11167,8564,10877,14335,8072
AT5G40590,3468,2755,1796,549,1451,913
AT5G40600,692,710,570,780,951,624
AT5G40610,3532,3228,2478,2785,3074,1918
AT5G40630,1398,1164,989,770,807,568
AT5G40640,1179,1178,916,2607,2523,1953
AT5G40645,11,0,0,78,74,29
AT5G40650,9599,8990,6317,10752,12572,6871
AT5G40660,4202,4421,3021,4279,5138,3552
AT5G40670,6498,6132,4824,12160,17507,9105
AT5G40680,0,0,3,14,9,13
AT5G40690,7732,6959,5182,8102,12906,3978
AT5G40700,767,724,551,618,666,369
AT5G40710,857,860,773,921,1024,628
AT5G40720,489,477,358,356,568,239
AT5G40730,48185,46604,37299,20581,30997,14232
AT5G40740,3349,2793,2419,4022,4332,3301
AT5G40760,17509,17364,12555,17507,21537,11383
AT5G40770,14136,14434,9620,12407,14145,10446
AT5G40780,11508,10208,7535,9092,17366,11491
AT5G40790,0,0,0,98,117,93
AT5G40800,13,8,3,200,210,104
AT5G40810,20087,19668,13925,20101,24243,17189
AT5G40820,1362,1151,761,855,1051,901
AT5G40830,3810,3618,2502,1058,1540,1013
AT5G40840,1345,1177,939,795,892,765
AT5G40850,12217,12234,8984,6678,8916,6707
AT5G40860,1058,1035,843,587,1132,771
AT5G40870,3048,2954,2226,2469,2592,1952
AT5G40880,1258,1084,790,1021,1057,836
AT5G40890,22073,20573,15060,19166,29835,16879
AT5G40900,11,21,11,27,24,13
AT5G40910,2617,2308,1960,1831,2718,1894
AT5G40920,258,194,197,166,208,146
AT5G40930,3023,2780,2239,5381,5955,3369
AT5G40940,8,3,8,0,6,0
AT5G40942,481,544,343,131,177,146
AT5G40950,3501,3376,2715,3187,3937,2298
AT5G40960,438,451,276,1168,1639,519
AT5G40970,892,761,750,690,825,486
AT5G40980,1096,1203,935,294,381,210
AT5G40990,0,0,0,7,5,0
AT5G41000,1866,1645,1162,934,1321,1230
AT5G41010,3450,3509,2521,2794,3283,2092
AT5G41020,1608,1447,1039,1894,2105,1735
AT5G41025,11,10,8,9,15,12
AT5G41030,8,11,14,13,6,19
AT5G41040,11707,13482,8874,39057,43328,21704
AT5G41050,46,29,23,9,6,6
AT5G41060,3420,3172,2406,3305,3756,2229
AT5G41070,948,841,704,675,855,629
AT5G41071,12,15,3,21,16,8
AT5G41080,11599,10265,10846,2395,2111,1045
AT5G41090,5,6,6,102,66,43
AT5G41100,1957,1813,1531,2485,3292,2062
AT5G41110,1560,1412,985,1379,1714,944
AT5G41120,1008,971,670,560,752,434
AT5G41130,1461,1324,1069,564,803,541
AT5G41140,2263,2488,1835,460,722,547
AT5G41150,2185,1912,1395,1755,2337,1517
AT5G41160,256,214,200,55,94,60
AT5G41170,381,325,230,212,301,195
AT5G41180,2793,2595,1853,2697,3606,2519
AT5G41190,4536,4538,3110,4862,5141,3914
AT5G41210,5015,4819,3777,4418,5829,3587
AT5G41220,1498,1478,1039,1654,1927,1312
AT5G41240,1101,1092,940,1366,1725,1013
AT5G41260,7155,6288,5439,2875,3920,2422
AT5G41270,447,399,386,710,735,609
AT5G41280,64,38,48,0,0,0
AT5G41290,147,105,81,34,15,8
AT5G41300,155,89,79,11,5,0
AT5G41310,0,0,11,3,9,3
AT5G41315,932,813,587,256,371,305
AT5G41320,43,24,34,38,102,17
AT5G41330,1860,1793,1191,1398,1925,1667
AT5G41340,3683,3383,2974,4583,5600,2465
AT5G41350,1428,1277,1048,1875,2287,1426
AT5G41360,2399,2461,1671,3026,3714,2580
AT5G41370,3466,3360,2651,2814,4050,2708
AT5G41380,295,343,245,97,119,86
AT5G41390,5,0,0,8,0,0
AT5G41400,791,839,491,905,1019,649
AT5G41410,374,420,314,292,501,272
AT5G41460,108,144,78,220,207,112
AT5G41470,101,88,64,117,78,51
AT5G41471,53,38,38,50,46,16
AT5G41480,1172,1035,791,810,1137,645
AT5G41520,46131,42519,32951,34837,41154,26820
AT5G41540,18,8,8,10,3,8
AT5G41550,174,142,117,202,217,206
AT5G41560,2254,2064,1746,2665,3026,1974
AT5G41570,31,31,41,299,263,124
AT5G41580,2278,2162,1638,2675,2981,2380
AT5G41590,643,647,418,818,809,268
AT5G41600,6982,6411,5398,4730,5780,3524
AT5G41610,840,802,513,1483,1118,1481
AT5G41612,297,328,314,202,729,146
AT5G41620,673,677,446,670,811,508
AT5G41650,206,253,186,168,221,123
AT5G41663,32,29,19,4,38,2
AT5G41670,25309,25628,15952,9133,13930,11852
AT5G41680,819,807,729,329,560,300
AT5G41685,8121,8137,6973,6102,7581,4607
AT5G41690,259,220,169,364,438,259
AT5G41700,21165,18330,16164,18463,23871,15420
AT5G41710,129,114,112,67,94,83
AT5G41730,270,243,150,40,82,79
AT5G41740,13,10,15,19,25,21
AT5G41750,83,78,54,199,267,167
AT5G41760,3248,3108,2285,2698,3187,2452
AT5G41761,6,3,6,0,0,0
AT5G41763,131,131,80,75,70,55
AT5G41770,6619,6265,4265,5027,6544,4581
AT5G41780,3,0,0,0,10,0
AT5G41790,5356,4842,3756,4004,5335,2766
AT5G41800,2266,2259,1426,2366,3559,2225
AT5G41810,1089,1058,929,1738,2319,1541
AT5G41820,10,0,3,0,0,0
AT5G41830,11,14,6,0,10,0
AT5G41835,18,20,13,5,18,12
AT5G41850,282,322,227,179,150,89
AT5G41860,391,319,277,263,418,224
AT5G41870,586,594,453,302,336,219
AT5G41880,1325,1365,937,706,692,377
AT5G41905,0,0,0,11,15,0
AT5G41910,880,870,585,1060,1375,768
AT5G41920,588,602,487,357,465,420
AT5G41940,5596,5250,3735,4380,5082,3928
AT5G41950,11247,10556,7938,8550,10366,7372
AT5G41960,979,864,739,1075,1398,893
AT5G41970,5090,4826,3242,4501,5079,3698
AT5G41980,186,149,121,126,181,163
AT5G41990,14540,13456,10727,15149,20409,10832
AT5G42000,3001,2899,2308,3678,4406,2782
AT5G42010,580,507,330,268,399,263
AT5G42020,70564,69024,51818,20617,24721,23153
AT5G42030,2080,2101,2086,1851,2296,1019
AT5G42040,46,43,41,48,48,37
AT5G42050,6779,6890,4541,23889,29051,20061
AT5G42060,1316,1058,835,1148,1604,926
AT5G42070,99,91,45,102,140,70
AT5G42080,26811,25600,17729,19035,23263,16120
AT5G42090,15790,14258,10991,12459,17901,12845
AT5G42092,240,265,228,337,397,192
AT5G42100,5827,5614,4635,1343,1606,1218
AT5G42110,2773,2619,1893,1321,1932,1444
AT5G42120,29,29,18,19,28,12
AT5G42130,1324,1230,835,1240,1506,1317
AT5G42140,1480,1386,913,1162,1466,1147
AT5G42146,664,663,493,847,950,484
AT5G42150,3413,3771,2377,2055,2182,1390
AT5G42180,25514,22652,18464,16364,28233,11751
AT5G42190,7318,6685,5139,6631,8159,4618
AT5G42200,343,241,247,753,958,411
AT5G42210,804,759,558,578,775,473
AT5G42220,7791,8135,5434,6565,8236,6633
AT5G42230,3,6,3,0,0,0
AT5G42235,60,42,47,8,16,2
AT5G42240,1344,1275,1020,763,1083,638
AT5G42250,12198,10709,7597,5127,9356,3639
AT5G42270,4838,5107,2763,6807,9779,6498
AT5G42280,483,460,254,230,258,216
AT5G42300,11332,12345,9534,18199,22923,9812
AT5G42310,281,305,212,237,298,177
AT5G42320,5833,4893,3922,1986,2722,1942
AT5G42325,23,40,4,26,38,18
AT5G42330,556,557,320,362,397,189
AT5G42350,2387,2006,1536,2928,3243,2632
AT5G42360,2068,1923,1389,1705,2180,1648
AT5G42370,303,290,231,222,309,191
AT5G42380,8,7,10,348,281,191
AT5G42390,6812,6787,3642,6741,8092,6845
AT5G42400,2274,2199,1534,1837,2453,1522
AT5G42410,0,6,6,0,0,0
AT5G42420,10541,9353,7116,5934,8734,6454
AT5G42440,547,382,400,232,546,334
AT5G42445,136,152,125,80,59,63
AT5G42450,100,158,59,64,49,83
AT5G42460,303,309,182,122,210,127
AT5G42470,2979,2724,2233,3170,4014,2466
AT5G42480,1652,1736,1052,1255,1356,1153
AT5G42490,7,5,3,5,6,9
AT5G42500,6932,7590,5771,2533,3606,1868
AT5G42510,2451,2636,1940,4355,5364,2324
AT5G42520,3614,3475,2371,4791,5845,4263
AT5G42540,5897,5996,3862,6062,7183,7298
AT5G42560,6213,6017,4723,5854,8452,4663
AT5G42570,6884,6449,5001,16984,21251,11051
AT5G42580,2806,2623,2187,1189,2324,1114
AT5G42590,10861,11242,9069,3770,6652,3072
AT5G42600,6064,5516,5220,7678,14202,6282
AT5G42620,7015,6725,5417,7507,9051,5972
AT5G42630,1207,1229,874,1181,1412,967
AT5G42650,1587,1482,1054,1663,2032,1320
AT5G42655,1030,1036,826,644,1025,634
AT5G42660,3094,3143,2349,2394,3413,2025
AT5G42670,926,1011,671,749,1135,692
AT5G42680,57,46,26,96,115,52
AT5G42690,2015,1933,1651,1729,2494,1395
AT5G42700,891,857,778,387,380,256
AT5G42710,465,428,350,626,665,482
AT5G42720,1297,1422,1001,3185,3250,1748
AT5G42730,1128,1033,910,1064,1517,756
AT5G42740,12693,13030,9347,13172,18290,10040
AT5G42750,347,367,288,196,243,169
AT5G42760,10,0,15,12,20,0
AT5G42765,679,666,520,410,584,337
AT5G42770,1374,1339,1151,1145,1466,779
AT5G42780,388,443,305,184,233,155
AT5G42785,2315,2109,1547,443,870,334
AT5G42790,17371,17232,12150,13699,17802,12025
AT5G42800,0,0,0,0,7,3
AT5G42810,2706,2225,1651,3481,4331,3355
AT5G42820,7119,6407,5091,8648,11194,7701
AT5G42825,233,202,146,337,410,195
AT5G42830,2770,2846,1829,639,1119,739
AT5G42840,474,469,317,53,103,100
AT5G42850,4860,4727,3642,5289,6294,3260
AT5G42860,7378,7075,4815,3023,4185,2404
AT5G42870,7099,6878,4900,6290,8987,5911
AT5G42880,2724,2836,2003,1217,2048,1347
AT5G42890,9485,8957,6898,7954,10699,5821
AT5G42900,60,64,41,818,836,342
AT5G42920,2755,2392,1709,2210,2839,1949
AT5G42930,420,421,356,567,781,430
AT5G42940,3594,3332,2419,5176,6185,4284
AT5G42950,8389,7969,5460,11849,14130,11709
AT5G42960,3351,3079,2566,3089,3453,1753
AT5G42965,36,28,16,106,80,43
AT5G42970,5021,5139,3697,5630,6737,4269
AT5G42980,61395,59304,47005,69714,86537,42945
AT5G42990,4025,3698,2932,3681,4738,2623
AT5G43010,9067,9012,5889,6251,7823,4637
AT5G43020,2263,2075,1423,622,1018,860
AT5G43030,808,647,472,275,433,489
AT5G43040,1110,986,522,79,138,152
AT5G43050,491,470,476,532,596,357
AT5G43060,59485,54326,37305,26834,42563,25727
AT5G43068,10,0,0,7,17,0
AT5G43070,1321,1297,955,781,903,526
AT5G43080,729,595,502,203,251,144
AT5G43100,7040,7073,5070,6205,8281,5652
AT5G43130,5565,5195,3782,6925,8260,5581
AT5G43140,965,850,645,828,937,453
AT5G43150,2400,2670,1666,2592,2912,1267
AT5G43155,112,108,44,25,25,29
AT5G43160,330,372,320,134,178,158
AT5G43170,382,309,274,330,324,172
AT5G43175,27,60,16,5,0,4
AT5G43180,3430,4132,2676,3830,5309,2441
AT5G43190,1029,923,753,739,1031,691
AT5G43210,124,122,98,166,152,101
AT5G43230,704,794,556,18,88,76
AT5G43240,0,8,0,5,0,6
AT5G43250,501,549,386,198,239,139
AT5G43260,756,807,578,3009,3571,1355
AT5G43270,2095,2027,1646,1432,1598,1059
AT5G43280,2575,2632,1946,2269,3386,2000
AT5G43290,0,0,0,3,13,0
AT5G43300,3,0,0,58,56,32
AT5G43310,2746,2471,1776,1262,1671,1443
AT5G43320,19101,18374,13681,12042,16590,10216
AT5G43330,3141,3387,2238,2042,3107,1565
AT5G43350,35677,36683,23927,5464,10802,5362
AT5G43370,4709,4572,3081,653,1373,594
AT5G43380,765,793,593,2902,3100,1994
AT5G43390,14,10,4,15,35,9
AT5G43400,4926,4693,3044,2813,4179,3276
AT5G43403,906,716,709,661,1064,555
AT5G43420,1271,1323,789,1413,1793,1208
AT5G43430,3084,2841,2169,5209,6304,3322
AT5G43440,110,105,93,37,66,26
AT5G43450,240,162,92,1087,2204,1203
AT5G43460,16646,13795,12573,15242,20822,13272
AT5G43470,55,52,23,10,30,17
AT5G43490,55,77,57,124,99,48
AT5G43500,1870,1709,1326,1233,1375,874
AT5G43510,6,0,0,11,5,3
AT5G43520,2791,2136,1307,423,908,323
AT5G43530,177,226,94,54,20,56
AT5G43540,852,937,840,700,812,478
AT5G43560,6959,6940,5049,8636,11165,7298
AT5G43570,37,40,26,159,321,104
AT5G43580,10278,9584,8512,12463,18515,6064
AT5G43590,37,30,35,13,19,0
AT5G43600,8327,8066,6495,5976,8374,4479
AT5G43620,142,105,120,1192,1231,476
AT5G43630,5185,4972,3133,7010,8995,5395
AT5G43640,8,10,0,9,0,0
AT5G43650,3,0,0,21,4,6
AT5G43660,78,62,82,149,127,68
AT5G43670,2408,2300,1482,2118,2462,2178
AT5G43680,1524,1481,1260,1660,2417,1426
AT5G43690,39,36,40,33,30,14
AT5G43700,4035,3444,2560,2297,3552,2033
AT5G43710,2710,2613,1856,1847,2279,1920
AT5G43720,2773,2880,2041,2453,2835,1781
AT5G43725,132,87,95,89,124,72
AT5G43730,1351,1062,945,675,949,520
AT5G43740,13,19,17,13,23,11
AT5G43745,2664,2656,1921,2642,3724,2596
AT5G43750,520,466,385,573,774,407
AT5G43760,7403,6858,5747,13680,16739,8906
AT5G43770,6,21,12,43,60,15
AT5G43780,35185,32089,26003,32615,44624,20208
AT5G43790,347,402,234,264,335,259
AT5G43810,3658,3192,2566,3677,4021,3578
AT5G43820,241,171,97,141,145,122
AT5G43822,578,530,451,612,792,480
AT5G43830,29190,27111,21462,32338,40494,25804
AT5G43840,0,0,0,114,142,57
AT5G43850,2303,2225,1843,5361,6645,3269
AT5G43860,21,11,6,82,88,79
AT5G43870,436,354,314,803,730,515
AT5G43880,5364,5313,3961,3692,5210,3001
AT5G43890,178,232,132,759,937,631
AT5G43900,9001,8419,6008,5332,7392,4888
AT5G43910,3518,3358,2879,1452,2098,1354
AT5G43920,1942,1767,1602,1533,2029,1127
AT5G43930,2849,2675,2039,3369,4243,2839
AT5G43940,27798,27089,19575,22830,31635,17634
AT5G43950,453,371,216,454,601,320
AT5G43960,11058,11437,6900,6292,7091,5948
AT5G43970,6726,6565,6071,4836,6230,2881
AT5G43980,142,142,112,253,281,143
AT5G43990,1105,1026,702,871,852,750
AT5G44000,718,701,477,925,1232,704
AT5G44005,368,384,345,615,544,228
AT5G44010,270,234,191,130,174,79
AT5G44020,67215,58576,43545,17766,25680,14295
AT5G44030,7963,7712,4708,7937,9128,6468
AT5G44040,895,805,627,172,226,120
AT5G44050,33,25,20,82,73,24
AT5G44060,1400,1292,1001,1043,1280,924
AT5G44063,67,47,56,68,125,45
AT5G44065,15,13,7,20,29,1
AT5G44070,6324,5792,4179,6209,8915,5235
AT5G44080,1529,1180,1024,1336,1678,1125
AT5G44090,6263,6046,4565,12472,14544,9203
AT5G44100,6802,6819,4627,5498,7270,4854
AT5G44110,17785,16543,9870,14559,19256,10963
AT5G44130,3565,5252,2861,155,369,152
AT5G44150,1015,988,708,1116,1217,798
AT5G44160,3080,3182,2158,1400,1852,1599
AT5G44170,1240,1039,775,874,1193,840
AT5G44180,4524,4269,3000,3773,4762,3890
AT5G44190,2213,2424,1525,1423,1865,1159
AT5G44200,5375,5522,4549,5034,6395,4644
AT5G44210,427,510,301,558,461,392
AT5G44230,515,481,301,373,411,437
AT5G44240,9970,9549,7126,7001,9697,6893
AT5G44250,2584,2553,1817,4385,5114,3218
AT5G44260,404,428,282,524,555,563
AT5G44280,852,890,612,617,872,638
AT5G44286,3,1,6,2,2,0
AT5G44290,4951,4790,3228,3900,5632,4075
AT5G44310,0,0,0,4,8,3
AT5G44320,9065,9110,5560,9751,10690,8812
AT5G44340,71139,66229,49391,29695,39942,28914
AT5G44350,469,545,356,382,559,266
AT5G44370,2006,1991,1248,978,1312,1070
AT5G44380,31482,29284,20684,20033,37073,20373
AT5G44390,633,804,409,118,254,188
AT5G44400,13,0,0,0,1,6
AT5G44410,572,533,438,368,572,271
AT5G44416,0,3,0,0,6,3
AT5G44417,1252,1071,872,2664,2855,2844
AT5G44450,2577,2399,1840,3529,4034,2695
AT5G44460,838,693,576,376,640,306
AT5G44480,7482,7415,5404,4529,7313,3589
AT5G44490,175,241,167,152,185,140
AT5G44500,1752,1650,1241,1484,1421,1020
AT5G44510,1080,1281,670,584,910,573
AT5G44520,412,423,264,267,387,296
AT5G44530,6461,6252,4372,4809,6093,3275
AT5G44540,21,15,20,32,32,21
AT5G44550,485,348,501,80,72,35
AT5G44560,1935,1635,1397,1234,1305,873
AT5G44562,5,10,6,8,10,0
AT5G44565,4,0,3,5,0,0
AT5G44566,79,54,41,40,60,37
AT5G44568,8,25,6,16,27,19
AT5G44569,161,163,139,203,249,139
AT5G44570,0,0,0,6,8,5
AT5G44572,23,60,13,0,41,13
AT5G44574,339,305,218,63,244,88
AT5G44575,6,12,9,11,15,5
AT5G44578,22,24,23,17,29,25
AT5G44580,11,13,12,92,131,56
AT5G44582,115,129,86,56,66,20
AT5G44585,3053,2339,1979,547,1165,495
AT5G44590,6,5,0,0,11,10
AT5G44600,311,278,224,249,301,206
AT5G44610,8740,7720,6326,3835,6602,2348
AT5G44635,1670,1681,1170,624,601,513
AT5G44650,1231,1206,788,1260,1653,1088
AT5G44660,825,809,657,761,1087,691
AT5G44670,2432,2484,2100,1019,1276,675
AT5G44680,143,117,125,11,19,11
AT5G44690,0,11,0,0,7,0
AT5G44700,347,473,345,289,526,337
AT5G44710,3318,3281,2454,2775,3083,1999
AT5G44720,6619,6846,4981,3613,4771,2763
AT5G44730,767,828,573,547,775,448
AT5G44740,341,312,251,256,257,134
AT5G44750,4127,3431,3033,1754,2647,1477
AT5G44770,333,268,212,84,90,82
AT5G44780,700,683,364,145,176,358
AT5G44785,1393,1638,1223,1645,1813,1136
AT5G44790,26953,26784,16954,25517,33947,26081
AT5G44800,5249,4857,3275,4662,6037,4939
AT5G44820,674,726,441,577,966,605
AT5G44860,2028,1717,1602,1030,1965,1064
AT5G44870,66,68,41,19,45,30
AT5G44900,540,405,234,166,280,155
AT5G44910,1115,1172,786,602,1233,582
AT5G44920,1430,1146,1089,879,1224,611
AT5G44925,178,157,126,18,31,29
AT5G44930,635,592,334,290,433,274
AT5G44980,28,35,5,25,32,11
AT5G44990,10,9,0,18,25,11
AT5G45000,417,373,281,167,276,161
AT5G45010,4816,5246,3671,3225,4603,2517
AT5G45020,1053,993,772,1066,1185,764
AT5G45030,424,254,435,1414,772,412
AT5G45040,127,113,75,199,230,170
AT5G45050,1531,1375,1014,1063,1420,1073
AT5G45060,514,565,336,336,518,377
AT5G45070,1477,1094,992,2046,2981,1280
AT5G45080,18,16,34,13,14,14
AT5G45090,15,8,6,0,0,0
AT5G45095,136,106,91,269,319,151
AT5G45100,2773,2874,1966,4214,4904,2678
AT5G45110,1826,1752,1261,2758,3163,2123
AT5G45115,161,148,106,58,128,64
AT5G45130,10765,10343,8365,12894,16448,8910
AT5G45140,3637,3565,2411,3227,3139,2644
AT5G45150,18,23,13,21,17,18
AT5G45160,1834,1878,1334,2499,3369,2222
AT5G45170,855,827,559,556,722,480
AT5G45190,3155,2943,2211,2798,3723,2915
AT5G45200,1596,1272,902,593,1050,888
AT5G45210,2252,1969,1507,622,966,803
AT5G45220,184,163,125,34,32,8
AT5G45240,0,9,0,11,9,4
AT5G45250,806,751,521,584,774,590
AT5G45260,1987,1721,1292,1222,1686,1376
AT5G45275,1268,1304,928,730,894,753
AT5G45276,29,34,27,29,27,9
AT5G45280,17631,16655,10844,6801,10914,7146
AT5G45290,4453,4221,3046,2398,3143,2572
AT5G45300,1576,1458,1105,1273,1449,953
AT5G45310,15,8,16,23,35,15
AT5G45320,117,139,120,151,178,153
AT5G45330,1942,1704,1223,1156,1478,1150
AT5G45340,584,506,266,631,997,610
AT5G45350,2080,1877,1762,6035,8063,3471
AT5G45360,3223,3271,2160,5096,6055,3773
AT5G45370,1457,1417,1118,832,1008,699
AT5G45380,1279,1192,875,240,493,262
AT5G45390,7870,7568,5862,8254,10085,6374
AT5G45400,1285,1285,811,1056,1110,859
AT5G45410,9985,9809,6956,9097,12767,6593
AT5G45420,4827,4167,2974,2314,3305,2227
AT5G45430,16450,15748,11016,15089,20193,11646
AT5G45440,782,803,483,296,454,289
AT5G45455,12,6,4,0,4,5
AT5G45460,103,125,50,29,43,41
AT5G45470,5952,5542,4001,924,1288,884
AT5G45472,869,1048,768,241,442,569
AT5G45475,18,5,3,8,13,3
AT5G45480,4280,3829,2728,416,612,409
AT5G45490,7086,6403,4594,1424,1807,1074
AT5G45500,7632,6970,4766,1872,2546,1653
AT5G45510,37129,34381,22562,10764,16146,12746
AT5G45520,13,7,3,2,4,0
AT5G45540,11,5,6,11,6,6
AT5G45550,12177,10862,8806,7984,9481,5313
AT5G45560,3158,2737,2141,1313,1985,1384
AT5G45570,19,0,5,0,11,3
AT5G45580,1331,1388,888,276,549,348
AT5G45590,3381,3134,2751,1620,2089,1404
AT5G45600,3245,2968,2172,2249,2822,1934
AT5G45605,8,9,3,5,12,2
AT5G45610,827,798,550,608,817,510
AT5G45620,9026,8228,6164,6300,7788,4917
AT5G45630,14,24,24,201,249,120
AT5G45650,977,1334,628,216,515,289
AT5G45660,1102,975,767,1367,1685,1132
AT5G45670,19,18,18,23,35,18
AT5G45680,0,8,0,0,14,0
AT5G45690,0,0,0,6,10,0
AT5G45700,644,645,453,66,117,58
AT5G45710,1829,1710,1369,2077,2726,1454
AT5G45720,1281,1285,690,340,496,580
AT5G45730,139,95,94,24,28,5
AT5G45740,84,83,57,58,50,54
AT5G45750,5945,5774,4324,3520,4311,2910
AT5G45760,979,813,681,690,843,478
AT5G45770,4,3,0,0,0,3
AT5G45775,28139,28171,18548,18661,23549,18150
AT5G45780,1207,1127,722,343,394,317
AT5G45790,482,318,342,396,479,333
AT5G45800,6449,6595,5204,3874,5719,3391
AT5G45810,574,510,274,1260,1646,877
AT5G45820,0,0,0,12,0,0
AT5G45830,0,6,0,6,0,0
AT5G45840,1895,2070,1394,442,953,437
AT5G45850,40,53,45,30,47,42
AT5G45860,1,2,0,5,6,4
AT5G45870,37,41,6,95,122,44
AT5G45880,13,10,4,8,8,0
AT5G45900,2633,2661,1769,2989,3619,2308
AT5G45920,1861,1873,1318,3203,3516,2784
AT5G45930,194,176,131,75,135,100
AT5G45940,1250,1281,1001,1194,1838,962
AT5G45950,144,79,57,31,87,44
AT5G45970,768,913,486,637,646,325
AT5G46020,13613,12069,10156,10285,13275,8040
AT5G46030,4552,4014,3042,5163,6553,3492
AT5G46040,449,342,284,50,143,49
AT5G46050,906,845,553,301,658,333
AT5G46060,932,884,691,252,407,199
AT5G46070,5476,5204,3569,4669,6295,4247
AT5G46080,404,408,313,353,497,186
AT5G46085,28,22,16,21,22,13
AT5G46090,373,326,281,84,175,89
AT5G46100,201,203,72,103,110,159
AT5G46110,919,1141,607,509,779,389
AT5G46115,140,198,111,202,236,113
AT5G46130,8,0,3,0,0,0
AT5G46140,20,21,19,0,11,0
AT5G46150,4376,3977,3057,3088,4063,2823
AT5G46160,3835,3564,2962,2686,3373,1907
AT5G46170,2318,2051,1428,1917,2273,1722
AT5G46180,3812,3983,2618,8799,11453,8034
AT5G46190,3017,2886,2044,3331,3512,2804
AT5G46210,9848,9990,5944,8225,10749,7843
AT5G46220,17,13,0,3,10,3
AT5G46230,2623,2536,1826,652,1049,521
AT5G46250,9117,7949,6363,10625,12959,8751
AT5G46260,0,11,8,0,0,3
AT5G46270,15,14,13,0,3,0
AT5G46280,2304,2237,1430,808,960,699
AT5G46290,27245,25537,19243,13440,17733,13072
AT5G46295,33,36,18,96,128,31
AT5G46315,0,3,2,4,2,0
AT5G46330,81,78,37,13,35,19
AT5G46340,7581,7181,5038,6843,9321,6810
AT5G46350,76,100,53,383,601,234
AT5G46360,50,42,39,20,38,15
AT5G46370,6,17,15,35,35,53
AT5G46380,7,22,25,17,15,11
AT5G46390,373,380,312,372,392,227
AT5G46395,0,5,12,6,12,8
AT5G46400,1350,1482,968,1179,1422,1242
AT5G46410,3594,2896,2234,4573,5665,3694
AT5G46420,2271,1911,1363,1913,2513,1706
AT5G46430,30176,30118,22533,22504,26594,21031
AT5G46440,3,3,0,0,6,5
AT5G46450,217,174,133,179,243,160
AT5G46460,137,78,36,21,36,68
AT5G46470,2459,2296,1659,1453,1952,1473
AT5G46490,0,0,6,3,3,4
AT5G46510,1534,1509,963,1085,1365,1188
AT5G46520,845,806,428,420,688,538
AT5G46530,1704,1750,1266,1894,1966,871
AT5G46540,4,0,0,14,0,13
AT5G46550,1553,1473,1063,1929,2018,1270
AT5G46560,2099,1952,1652,2098,2664,1471
AT5G46570,2679,2769,1923,1145,1912,1277
AT5G46580,683,746,421,408,481,491
AT5G46590,272,222,205,1466,1963,1313
AT5G46600,430,479,376,828,937,473
AT5G46610,12,6,0,298,391,215
AT5G46620,2321,2174,1629,2712,3511,2014
AT5G46630,12938,11902,8822,11034,13276,8414
AT5G46640,1042,870,612,1006,1366,1366
AT5G46650,16,13,27,0,9,5
AT5G46670,3,3,0,0,0,6
AT5G46680,131,132,80,119,137,94
AT5G46690,0,8,0,0,3,0
AT5G46700,4115,3612,2834,5914,6500,3835
AT5G46710,360,333,232,1039,1244,652
AT5G46720,154,129,87,208,216,119
AT5G46730,666,925,370,349,711,322
AT5G46740,1507,1591,950,606,729,483
AT5G46750,7128,6361,4707,7732,9134,4731
AT5G46760,5233,4835,3409,4178,6286,3779
AT5G46770,0,9,0,2,3,0
AT5G46780,2195,1838,2123,1947,2895,1596
AT5G46790,3610,3850,2435,1038,1349,815
AT5G46795,0,0,0,11,0,0
AT5G46800,5867,5253,3745,3156,4277,2855
AT5G46840,4652,4384,2958,5403,6953,5981
AT5G46845,10,14,6,23,13,8
AT5G46850,1324,1009,924,1317,1637,1024
AT5G46860,8008,6989,6340,6675,9984,4347
AT5G46870,735,1007,605,459,633,351
AT5G46871,0,3,0,3,7,3
AT5G46890,59372,45593,48062,2939,3521,1505
AT5G46900,41464,35113,34844,1299,1768,627
AT5G46910,4377,4283,2993,2907,3782,2641
AT5G46915,12,0,21,4,10,12
AT5G46920,916,933,590,987,1014,777
AT5G47010,13723,14158,9154,12710,15589,13342
AT5G47020,6723,5909,4693,10663,13452,8785
AT5G47030,53360,51251,38433,36722,50970,31372
AT5G47040,5499,5352,3848,11549,14252,8188
AT5G47050,2072,2024,1433,1524,1783,1017
AT5G47060,2214,1997,1485,3653,4051,2355
AT5G47070,266,284,214,1458,1595,1004
AT5G47080,2887,3007,2124,3349,3939,2633
AT5G47090,1253,1221,998,1958,2337,1498
AT5G47100,2797,2901,1832,2854,3363,2333
AT5G47110,1766,2308,1270,1328,1877,1386
AT5G47120,14895,13883,10623,14666,21559,10051
AT5G47130,9,6,2,4,7,4
AT5G47140,1985,2140,1390,1927,2674,1625
AT5G47150,3,7,5,3,0,6
AT5G47160,65,73,42,57,53,41
AT5G47170,66,64,34,26,34,8
AT5G47175,0,0,0,6,4,0
AT5G47180,3470,3181,2626,2761,3445,1766
AT5G47190,1444,1529,998,1393,1583,1049
AT5G47200,31977,30168,24616,26657,34294,17744
AT5G47210,53226,54090,37010,34583,40143,34489
AT5G47220,34,28,20,154,159,79
AT5G47230,873,1013,634,1567,2437,1274
AT5G47240,657,624,591,665,723,225
AT5G47250,887,925,587,542,795,531
AT5G47310,4640,4089,3458,5492,6738,3873
AT5G47320,4317,4143,3024,3247,4027,2566
AT5G47350,0,0,0,0,10,0
AT5G47360,391,392,292,154,218,146
AT5G47370,4976,4067,3714,4423,4745,2582
AT5G47390,2431,2284,1797,2400,3062,1719
AT5G47400,1181,1294,856,1452,1584,1219
AT5G47420,3381,2895,2300,2020,2694,1516
AT5G47430,5870,5499,4081,7390,8813,6924
AT5G47435,4470,3901,2912,3208,3943,3125
AT5G47440,83,62,74,21,14,20
AT5G47445,729,665,480,362,568,481
AT5G47450,42917,30919,25720,77583,114384,41555
AT5G47455,2520,2380,1821,1598,1744,1173
AT5G47460,84,108,61,39,42,49
AT5G47470,22,20,5,17,17,0
AT5G47480,9115,9330,6569,7625,10433,7436
AT5G47490,5567,5448,3411,2337,3263,3213
AT5G47500,2288,1938,1905,1305,2010,1125
AT5G47510,321,377,237,213,358,194
AT5G47520,2653,2366,1696,2768,3733,2584
AT5G47530,2047,2259,1802,7714,8067,3818
AT5G47540,4416,4146,2893,4556,5936,3551
AT5G47550,244,201,143,592,646,396
AT5G47560,2745,2603,2398,7438,9140,4144
AT5G47570,23309,21478,16429,20461,24831,13373
AT5G47580,1340,1432,918,960,1289,928
AT5G47590,10,6,6,16,8,3
AT5G47600,67,114,99,76,73,68
AT5G47610,0,0,0,2,10,8
AT5G47620,5641,5431,3815,7672,8748,5974
AT5G47630,1318,1256,919,772,871,483
AT5G47635,313,392,280,1374,1404,641
AT5G47640,777,761,432,1629,1790,996
AT5G47650,1468,1368,1069,2514,3372,1830
AT5G47660,1211,1075,817,1829,2380,1719
AT5G47670,22,13,11,96,49,30
AT5G47680,3159,2732,1753,3052,3257,2716
AT5G47690,14519,13939,9747,11442,15220,11195
AT5G47700,47292,44989,33577,29616,34375,20754
AT5G47710,1516,1292,1065,1020,1362,648
AT5G47720,4952,4657,3429,2747,3387,1638
AT5G47730,5172,4648,3372,3056,4344,2256
AT5G47740,886,788,627,1817,3382,1298
AT5G47750,5091,5016,3265,3620,4642,4345
AT5G47760,2543,2298,1930,1892,2330,1606
AT5G47770,34504,30756,23002,17801,24379,16338
AT5G47780,11267,10889,7914,4110,5747,4108
AT5G47790,1533,1405,949,1133,1561,1143
AT5G47800,60,86,63,132,159,134
AT5G47810,638,520,355,1316,1193,1075
AT5G47820,7802,6966,4601,3649,4792,3853
AT5G47830,680,766,568,1298,1624,967
AT5G47840,4195,3844,3027,4502,5331,3552
AT5G47850,0,0,0,0,5,5
AT5G47860,1358,1226,928,2344,2855,1680
AT5G47870,5529,5214,3976,3981,5085,2498
AT5G47880,11130,11658,7720,14881,16737,11046
AT5G47890,14589,14277,10918,13530,17076,8221
AT5G47900,0,0,0,24,15,19
AT5G47910,1177,1296,899,2072,2406,1654
AT5G47920,546,510,438,593,719,567
AT5G47930,39851,38283,31069,31420,39008,27817
AT5G47940,2582,2463,1783,1148,1558,994
AT5G47950,3048,2820,1717,174,310,208
AT5G47960,939,973,683,378,613,281
AT5G47970,1540,1463,1151,1166,1369,875
AT5G47980,7780,6830,6390,940,1653,760
AT5G47990,40113,36997,28352,8385,14053,8807
AT5G48000,28317,27271,23250,6069,9923,5390
AT5G48010,42819,41984,35350,7895,12677,6795
AT5G48020,5181,5125,3230,4425,5455,3969
AT5G48030,3587,3723,2091,2565,2611,1935
AT5G48040,859,714,517,560,798,632
AT5G48050,40,82,50,18,15,2
AT5G48060,794,1038,588,943,956,754
AT5G48070,238,333,230,1550,1781,1260
AT5G48090,393,365,333,469,566,393
AT5G48100,176,98,87,359,370,371
AT5G48110,12959,10802,9762,10810,13874,10078
AT5G48120,3357,3065,1996,3317,3430,3031
AT5G48130,131,150,103,42,96,92
AT5G48150,3433,3351,2169,4688,6615,4830
AT5G48160,5254,5091,3697,6665,9064,5163
AT5G48170,157,184,127,63,85,72
AT5G48175,234,237,128,145,374,152
AT5G48180,24082,19010,15174,101973,169971,101109
AT5G48190,54,40,50,46,125,54
AT5G48220,483,486,398,829,1026,618
AT5G48230,31657,29367,20902,13620,19004,13880
AT5G48240,2970,2940,1979,2941,3589,2415
AT5G48250,832,821,491,1519,1679,996
AT5G48290,3117,2987,2497,1560,2719,1128
AT5G48300,3603,3734,2476,2472,3364,1993
AT5G48310,1099,1140,824,281,332,179
AT5G48320,351,329,211,65,105,58
AT5G48330,1735,1867,1324,1154,1557,1126
AT5G48335,2452,2176,1746,1852,2428,1299
AT5G48340,1073,1055,745,1120,1488,1064
AT5G48350,4,7,8,8,3,5
AT5G48360,2308,2223,1606,920,1163,990
AT5G48370,1329,1492,915,1172,1378,1049
AT5G48380,4078,3782,2484,4464,6195,4046
AT5G48385,18790,17887,13140,18054,24285,16168
AT5G48390,96,121,47,157,123,93
AT5G48400,114,85,106,759,948,483
AT5G48410,108,151,120,196,287,219
AT5G48412,4968,4011,3835,7013,9939,6544
AT5G48430,7613,6002,5205,259,560,302
AT5G48440,3338,3024,2408,2171,3044,1853
AT5G48450,1779,1776,1321,1298,1610,1264
AT5G48460,1921,1771,1535,248,257,191
AT5G48470,478,472,399,263,311,261
AT5G48480,2559,2114,2086,3424,3733,1695
AT5G48500,2061,2031,1395,1439,1867,1333
AT5G48510,3,0,3,0,5,0
AT5G48520,3239,3106,2249,2101,2746,1982
AT5G48530,1046,855,701,2844,3650,1830
AT5G48540,2771,2397,1860,7317,11504,4451
AT5G48545,1600,1316,1270,2498,3393,1632
AT5G48560,10275,9436,7393,9182,14369,10025
AT5G48570,1464,1417,1202,943,1247,1005
AT5G48580,19885,21010,15274,8381,12688,8111
AT5G48590,543,585,397,559,720,422
AT5G48600,2618,2688,2080,1658,1876,1236
AT5G48610,1496,1251,965,1383,1647,1179
AT5G48620,941,930,567,594,715,500
AT5G48630,1317,1123,950,1347,1753,985
AT5G48640,1663,1511,1246,1547,1992,1148
AT5G48650,502,407,310,546,596,536
AT5G48655,2593,2331,1627,4079,4546,2582
AT5G48657,3197,2722,2122,1215,2328,1056
AT5G48660,917,788,678,515,770,428
AT5G48670,173,121,74,96,152,98
AT5G48680,2512,2287,1836,2683,3396,1950
AT5G48690,265,295,236,258,272,149
AT5G48710,0,10,0,8,6,0
AT5G48720,1721,1722,1168,2066,2265,1548
AT5G48730,290,306,170,224,323,212
AT5G48740,242,282,154,61,70,16
AT5G48760,12134,11090,9613,11474,13791,8947
AT5G48770,228,246,177,42,56,28
AT5G48775,397,368,288,241,401,275
AT5G48780,284,310,158,150,243,114
AT5G48790,395,312,242,590,735,421
AT5G48800,351,331,237,189,339,158
AT5G48810,26525,23942,19863,20879,28797,15846
AT5G48820,505,410,393,226,307,168
AT5G48830,1408,1305,952,980,1222,877
AT5G48840,730,689,393,560,732,630
AT5G48850,288,244,277,1111,1631,637
AT5G48870,4695,4336,3967,3364,4488,2533
AT5G48880,4054,5141,1958,1175,1559,1205
AT5G48900,4278,3821,2985,12979,12357,6651
AT5G48910,723,649,354,472,704,620
AT5G48920,704,694,505,624,675,468
AT5G48930,38069,38666,24462,31936,43087,29213
AT5G48940,4046,3859,2807,4098,4664,4358
AT5G48950,185,232,146,161,181,108
AT5G48960,1575,1462,1117,1770,1975,1470
AT5G48965,913,763,608,744,1051,736
AT5G48970,1669,1614,967,1882,1902,1446
AT5G48980,6,8,0,8,8,8
AT5G48990,462,477,408,516,575,395
AT5G49000,491,537,339,402,477,316
AT5G49010,811,790,533,772,914,524
AT5G49015,361,315,293,536,684,319
AT5G49020,4067,3958,2815,2990,3531,2638
AT5G49030,3477,3531,2103,2224,2681,2258
AT5G49040,0,2,2,3,3,2
AT5G49060,1278,1331,1003,1093,1626,1222
AT5G49070,0,0,3,8,3,0
AT5G49080,3078,4822,4732,53,240,198
AT5G49100,2709,2338,1746,3199,3949,3191
AT5G49110,368,369,237,188,190,173
AT5G49120,159,135,95,509,430,224
AT5G49130,41,77,34,216,296,141
AT5G49138,54,39,29,79,114,56
AT5G49140,0,6,0,24,10,8
AT5G49152,35,58,27,15,26,8
AT5G49160,4491,4701,2856,2909,2934,2642
AT5G49170,102,66,58,60,141,78
AT5G49190,175,152,129,80,107,105
AT5G49200,3,6,0,15,3,16
AT5G49210,4136,4154,2968,3925,4936,3428
AT5G49215,1034,944,653,333,468,356
AT5G49220,3069,2887,1875,3922,4661,3773
AT5G49230,1643,1446,1185,1013,1621,762
AT5G49270,6104,6386,3615,1414,2632,1927
AT5G49280,4669,4290,3244,2260,3055,2063
AT5G49290,169,83,104,117,139,105
AT5G49300,407,497,367,303,421,222
AT5G49305,36,33,25,33,47,41
AT5G49320,407,359,336,703,786,537
AT5G49330,0,3,11,0,6,3
AT5G49340,6,0,0,10,0,12
AT5G49350,45,40,57,35,26,13
AT5G49360,9794,7834,7005,14665,17512,10544
AT5G49390,445,398,348,450,433,284
AT5G49400,2478,2084,1582,3706,4497,3288
AT5G49410,257,235,191,229,232,196
AT5G49430,1987,1940,1292,1676,2004,1423
AT5G49440,292,255,233,931,932,407
AT5G49450,1039,1187,1034,5660,4897,2713
AT5G49460,25298,23344,17057,29118,33927,23925
AT5G49470,3206,2995,2068,3081,4083,2795
AT5G49480,24146,20281,12756,36004,40241,23951
AT5G49500,979,898,753,706,934,635
AT5G49510,7179,6941,5144,6039,7211,4298
AT5G49520,139,119,125,1205,1672,859
AT5G49525,87,72,61,196,414,111
AT5G49530,1873,1798,1229,2036,2302,1727
AT5G49540,9532,8306,7050,6952,9415,5190
AT5G49550,1048,980,762,1460,1687,887
AT5G49555,3372,3231,2396,2454,2896,2196
AT5G49560,732,671,357,405,452,412
AT5G49570,4382,4218,3196,5453,7483,4482
AT5G49580,1738,1688,1070,1638,2162,1931
AT5G49610,774,655,590,536,868,509
AT5G49620,69,121,90,233,286,116
AT5G49630,14,24,15,32,39,6
AT5G49640,27,42,36,45,59,35
AT5G49645,2325,1927,1848,2315,3383,1978
AT5G49650,5728,5083,3515,5317,7169,4860
AT5G49660,1177,1299,767,1127,1299,827
AT5G49665,3669,3528,2117,6537,6868,6196
AT5G49680,5169,5164,3385,4178,6099,4680
AT5G49690,86,88,62,279,431,289
AT5G49700,211,213,157,646,922,466
AT5G49710,3094,2696,2197,2347,3493,1584
AT5G49720,51462,48223,35011,31484,42913,27030
AT5G49730,20,20,13,21,22,9
AT5G49760,7242,6755,4558,2837,6029,3203
AT5G49770,182,97,132,5,50,9
AT5G49780,83,91,95,15,25,0
AT5G49800,1657,1429,1354,340,498,199
AT5G49810,20092,19565,13470,12403,17922,11319
AT5G49820,4408,4202,2973,3515,4463,3050
AT5G49830,7604,7428,5087,6637,7844,6077
AT5G49840,1587,1738,1337,1962,2590,1850
AT5G49850,129,208,148,20,34,22
AT5G49870,598,733,472,93,115,61
AT5G49880,2869,2707,1988,2575,3221,2298
AT5G49890,6692,6308,4380,5503,8699,4889
AT5G49900,3297,3156,2310,6101,8489,4318
AT5G49910,14428,13557,9143,5369,6426,5311
AT5G49920,17,13,8,29,18,0
AT5G49930,3110,2956,1969,3805,4784,2773
AT5G49940,3549,3291,2243,3515,4971,3344
AT5G49945,2785,2749,1827,1880,2610,2257
AT5G49950,3770,3322,2436,2954,4272,2421
AT5G49960,1793,1654,1272,629,907,803
AT5G49970,4220,4389,3019,3569,4310,2713
AT5G49980,6536,5897,4217,4743,6137,4437
AT5G49990,860,875,669,1349,1454,1065
AT5G50000,10489,9792,7482,7865,9945,6731
AT5G50010,3318,2670,2058,1913,2559,1518
AT5G50020,2810,2781,2243,1916,2607,1742
AT5G50030,0,0,2,7,4,0
AT5G50060,5,18,6,0,4,7
AT5G50090,146,147,111,145,112,52
AT5G50100,631,736,453,2503,3014,1142
AT5G50110,447,448,367,429,508,302
AT5G50120,356,390,311,526,592,285
AT5G50150,3592,3307,2925,2271,2475,1846
AT5G50170,576,617,397,1247,1176,865
AT5G50175,832,775,672,823,1111,681
AT5G50180,4624,3605,2883,3081,4663,3500
AT5G50200,6635,7311,5284,2457,4731,2311
AT5G50210,3419,3396,2251,4073,4750,3164
AT5G50230,2462,2505,1737,3386,4148,2653
AT5G50240,57,50,61,157,153,59
AT5G50250,892,893,639,1059,1394,712
AT5G50260,13,4,6,34,61,48
AT5G50270,0,0,0,6,0,10
AT5G50280,470,415,276,357,417,426
AT5G50290,284,298,192,160,195,119
AT5G50300,1415,1178,747,498,634,709
AT5G50310,5001,4744,3187,3909,5163,3543
AT5G50315,370,348,208,177,266,165
AT5G50320,3900,3535,2484,4984,5336,4062
AT5G50330,1212,1098,762,979,1341,833
AT5G50335,11,16,21,15,100,45
AT5G50340,1427,1321,856,769,981,692
AT5G50350,1872,1938,1276,1808,2274,1884
AT5G50360,0,0,3,813,822,365
AT5G50370,5335,5143,3611,3130,3879,2705
AT5G50375,8208,6727,5500,2733,3855,2784
AT5G50380,3134,3202,1990,2907,4287,2989
AT5G50390,1974,1863,1108,865,1161,1083
AT5G50400,3128,3017,2131,3372,4381,2514
AT5G50410,1326,1313,875,866,1162,816
AT5G50420,2994,2625,1892,979,1451,1242
AT5G50430,2632,2469,1876,3179,4129,2195
AT5G50440,740,708,564,614,929,352
AT5G50443,1240,926,869,771,1134,615
AT5G50450,625,645,456,699,856,475
AT5G50460,21562,19083,16653,6826,9913,4985
AT5G50490,0,0,8,0,2,2
AT5G50520,1297,1262,893,1140,1551,1038
AT5G50530,1181,1103,781,898,1327,632
AT5G50540,2,2,2,2,1,2
AT5G50550,1839,1858,1453,2410,2740,1763
AT5G50560,2339,2156,1744,1483,2703,783
AT5G50562,1,2,1,2,2,2
AT5G50565,2024,1980,1503,1565,2254,1201
AT5G50570,474,499,363,581,773,507
AT5G50580,2055,1954,1326,3157,3502,2248
AT5G50590,0,19,13,20,31,9
AT5G50600,59,20,30,88,89,29
AT5G50610,352,309,304,114,153,110
AT5G50630,1354,1324,943,1189,1604,1090
AT5G50640,936,995,710,822,948,594
AT5G50650,1738,1437,1359,2056,2590,1639
AT5G50660,2265,2073,1690,1423,2624,756
AT5G50665,1865,1869,1396,1464,2125,1125
AT5G50670,459,468,337,558,747,491
AT5G50680,1925,1832,1233,2940,3238,2088
AT5G50690,18,18,12,21,32,3
AT5G50700,53,18,26,86,83,26
AT5G50710,340,301,294,111,148,107
AT5G50720,622,774,463,3977,4039,2208
AT5G50740,1757,1786,1242,637,605,458
AT5G50750,11,12,8,0,6,6
AT5G50760,1928,1822,1154,935,1291,615
AT5G50770,6,21,6,30,29,16
AT5G50780,1358,1388,1010,1931,2231,1389
AT5G50800,406,598,401,1867,1905,862
AT5G50810,6684,6204,5965,4578,5469,3967
AT5G50820,716,865,540,384,385,279
AT5G50830,5,0,0,0,3,3
AT5G50840,1982,1919,1454,1742,2253,1381
AT5G50850,47219,45607,30887,36952,49678,29957
AT5G50860,1508,1517,1021,973,1344,1142
AT5G50870,4293,4347,3223,3982,4930,3172
AT5G50890,344,390,256,169,131,129
AT5G50900,4141,3636,2624,1949,2826,1963
AT5G50920,17071,17171,10938,26729,37113,26887
AT5G50930,94,117,93,143,190,129
AT5G50940,34,35,29,47,65,34
AT5G50950,167,128,116,40,60,27
AT5G50960,4754,4439,2944,6816,7142,4751
AT5G50970,1232,1064,935,1061,1256,841
AT5G50990,312,283,199,134,293,171
AT5G51010,629,548,416,427,603,262
AT5G51020,1906,1767,1352,2722,3349,1627
AT5G51030,0,4,0,6,3,0
AT5G51040,17331,17917,12753,20365,26951,13511
AT5G51050,1195,1193,802,1164,1486,943
AT5G51060,7713,7532,4505,3953,6279,5053
AT5G51070,6592,6417,4625,10216,13217,7641
AT5G51080,604,529,462,685,847,588
AT5G51100,800,791,573,492,636,431
AT5G51110,294,353,225,253,343,220
AT5G51120,6272,6641,4263,6304,7119,5113
AT5G51130,812,743,514,1363,1153,830
AT5G51140,2938,2797,1999,2365,2593,1848
AT5G51150,2860,3003,2114,3375,4131,3356
AT5G51160,461,395,345,699,1331,696
AT5G51170,597,595,435,922,1003,556
AT5G51174,16,17,6,6,3,6
AT5G51180,2803,2512,2030,3148,3990,2498
AT5G51190,1,1,1,34,38,19
AT5G51200,6402,6670,4304,6013,6703,5903
AT5G51210,206,154,116,128,186,117
AT5G51220,2894,3075,2067,1979,1947,1252
AT5G51230,4337,3764,2917,3176,4292,2954
AT5G51260,991,1116,859,1236,1728,877
AT5G51270,648,663,377,187,552,307
AT5G51280,2598,2322,1364,2526,2900,2021
AT5G51290,3240,2941,2358,2765,4006,2453
AT5G51300,6469,5936,4484,5738,7184,5717
AT5G51310,274,239,157,42,105,60
AT5G51330,0,0,3,0,0,8
AT5G51340,3030,2866,2267,2353,2998,2225
AT5G51350,958,808,646,356,552,295
AT5G51370,372,385,299,328,447,269
AT5G51380,1695,1598,1152,1106,1525,1099
AT5G51390,177,194,141,277,379,170
AT5G51400,9955,9062,6943,8464,11347,6616
AT5G51410,3551,3286,2537,3791,4861,3149
AT5G51420,5,3,4,67,38,25
AT5G51430,8630,8467,6268,6621,8651,6594
AT5G51440,1889,1607,1737,437,689,515
AT5G51450,2083,1956,1356,2291,3077,2089
AT5G51451,86,85,131,91,174,82
AT5G51460,2512,2439,1505,2166,3194,1974
AT5G51465,0,0,11,0,0,0
AT5G51470,623,473,414,121,169,161
AT5G51480,6,13,11,15,18,6
AT5G51490,978,883,501,467,894,693
AT5G51500,4161,3619,2412,4908,6538,4944
AT5G51510,3573,3120,2648,3693,4817,2764
AT5G51520,544,620,336,1110,2128,1632
AT5G51530,10,25,14,11,7,10
AT5G51540,984,930,636,503,560,445
AT5G51545,217,248,199,259,290,167
AT5G51550,1643,2018,1465,724,928,544
AT5G51560,2596,2433,1784,2342,2880,2167
AT5G51570,5655,5498,3991,6186,8094,4679
AT5G51580,89,82,88,39,63,20
AT5G51585,918,939,814,358,558,210
AT5G51590,3232,3047,2266,1686,1930,1923
AT5G51600,1687,1567,998,333,347,235
AT5G51620,1944,1847,1759,2198,3032,1535
AT5G51630,3842,3550,2753,3189,3210,2206
AT5G51640,2237,1879,1210,2143,3120,1935
AT5G51660,2991,3074,1743,2599,2834,2297
AT5G51670,2588,2325,1965,1443,1857,1333
AT5G51680,2603,2356,2081,2936,4101,1763
AT5G51690,3185,2966,2235,2972,3908,3129
AT5G51700,2549,2504,2165,3116,3938,2225
AT5G51710,2796,2389,1838,2745,3540,2260
AT5G51730,589,595,448,510,567,371
AT5G51740,1721,1637,1080,1568,1742,1150
AT5G51750,97,155,93,3,8,18
AT5G51760,112,78,65,63,73,21
AT5G51770,1893,1636,1192,955,1354,1024
AT5G51780,7964,6339,6409,2194,2686,1153
AT5G51790,1047,923,861,360,390,241
AT5G51795,304,185,146,76,87,88
AT5G51810,355,344,269,123,372,211
AT5G51820,1654,1663,1181,1940,2114,1386
AT5G51830,11556,9704,7304,21856,23452,15463
AT5G51840,3096,3184,2108,2251,3037,1954
AT5G51850,70,43,69,184,149,140
AT5G51870,6,9,0,10,12,7
AT5G51880,3909,3682,2908,4364,5223,3252
AT5G51890,5476,4867,3374,10848,10215,7046
AT5G51910,760,756,485,1348,1243,790
AT5G51915,1,3,3,4,3,1
AT5G51920,39,31,25,72,97,97
AT5G51930,363,271,204,119,213,163
AT5G51940,3281,3200,2442,3541,3801,1809
AT5G51950,5,2,0,17,6,6
AT5G51960,1793,1641,1401,1678,2172,1206
AT5G51970,7764,7373,5046,7268,8787,5337
AT5G51980,3152,3021,2073,4501,4790,3904
AT5G51990,5,3,2,291,331,157
AT5G52000,3,11,5,26,29,7
AT5G52010,582,475,439,383,578,477
AT5G52020,1028,792,512,955,934,648
AT5G52030,1376,1339,891,698,736,401
AT5G52040,8565,7630,5613,5868,6831,4619
AT5G52045,2,2,1,2,3,2
AT5G52050,21,16,28,3154,2564,1720
AT5G52060,11798,11826,7801,6126,9207,5464
AT5G52070,962,720,619,1458,1766,869
AT5G52100,14,22,10,20,19,14
AT5G52110,913,719,565,590,843,595
AT5G52120,272,327,318,267,448,180
AT5G52170,843,838,568,135,248,151
AT5G52180,3476,3092,2613,1705,2939,2579
AT5G52190,1,4,10,2,3,1
AT5G52200,3870,3669,2978,3974,5366,2564
AT5G52210,2770,2665,2149,2862,3839,1737
AT5G52220,281,316,211,97,140,97
AT5G52230,523,553,355,632,871,717
AT5G52240,18079,17292,13026,14707,18871,10871
AT5G52250,1850,1707,1335,1491,1845,1058
AT5G52260,360,297,312,241,426,188
AT5G52270,39,49,54,83,73,31
AT5G52280,4287,4217,3136,1970,3353,2202
AT5G52290,40,55,32,38,115,28
AT5G52300,63,60,48,21023,29092,12452
AT5G52310,5744,5727,3439,216850,256441,117616
AT5G52320,10,18,8,0,10,8
AT5G52330,6,26,10,63,42,23
AT5G52340,0,11,6,5,0,3
AT5G52370,3001,2739,2099,2644,3513,2507
AT5G52380,1609,1640,1175,1897,1898,1293
AT5G52390,0,0,0,31,29,8
AT5G52400,0,0,0,29,12,12
AT5G52410,471,412,335,452,564,479
AT5G52420,712,789,640,1942,2423,1465
AT5G52430,3009,2676,1933,2688,3550,2821
AT5G52440,1318,1430,1164,1789,2511,1831
AT5G52450,1292,1562,1036,2185,3412,2161
AT5G52470,20136,20197,13810,19719,22468,20666
AT5G52471,33,23,19,11,7,17
AT5G52490,2,0,5,4,3,0
AT5G52500,0,0,0,0,8,3
AT5G52510,4642,4419,3058,7441,8808,5864
AT5G52520,2408,2239,1540,2100,2303,1749
AT5G52530,5561,5213,3533,3804,5019,4192
AT5G52540,4903,5267,3261,2860,3443,2687
AT5G52545,257,249,194,255,326,172
AT5G52547,55,65,31,30,41,23
AT5G52550,2577,2259,1870,4490,5142,3161
AT5G52560,7931,7361,5363,4441,5545,3825
AT5G52570,188,154,103,1789,1947,1098
AT5G52580,6016,5712,4256,8067,9362,5439
AT5G52630,178,187,164,167,210,236
AT5G52640,1969,1792,1594,1500,1406,1233
AT5G52650,35716,34997,26700,25673,31340,19377
AT5G52655,0,9,0,0,14,5
AT5G52660,1220,1196,893,3323,3833,1788
AT5G52670,8,7,12,22,79,16
AT5G52680,5,5,0,0,17,8
AT5G52690,3,0,4,3,16,0
AT5G52710,13,6,19,0,0,0
AT5G52750,57,51,21,332,249,95
AT5G52760,0,0,0,34,32,0
AT5G52780,6,9,4,3,10,0
AT5G52790,3341,2868,3073,309,370,197
AT5G52800,142,129,62,94,70,96
AT5G52810,1250,1298,840,931,1229,891
AT5G52820,4741,4554,3212,5766,6162,4753
AT5G52830,1408,1244,983,557,937,617
AT5G52840,25101,24797,18932,16503,22635,11930
AT5G52850,208,203,111,90,103,99
AT5G52870,454,407,302,849,1108,755
AT5G52880,929,648,515,845,1303,606
AT5G52882,14635,14188,10980,1943,3258,2355
AT5G52890,187,213,118,168,116,100
AT5G52900,269,200,145,60,71,39
AT5G52910,745,720,433,263,367,237
AT5G52920,18660,16988,12072,11650,15365,11544
AT5G52950,841,827,585,366,505,343
AT5G52960,700,648,551,981,1164,686
AT5G52970,71,131,108,179,153,91
AT5G52980,2292,2088,1423,3125,3810,2382
AT5G52990,2420,2032,1380,1282,1685,1154
AT5G53000,4747,4320,3175,4574,5781,3256
AT5G53010,1751,1464,1275,1549,2202,1474
AT5G53020,1297,1277,947,1043,1445,1030
AT5G53030,99,76,49,102,80,100
AT5G53045,2026,1840,1367,1429,1559,1214
AT5G53048,13,0,0,17,14,9
AT5G53050,1794,1750,1236,2318,3184,1716
AT5G53060,1539,1663,1095,941,1077,986
AT5G53070,3216,3335,2585,2426,2937,2088
AT5G53080,411,293,240,552,553,425
AT5G53090,1916,1743,1550,1209,1695,1162
AT5G53110,1750,1582,1233,1135,2082,871
AT5G53120,7708,8017,5583,22573,24630,14137
AT5G53130,2209,1903,1415,1821,2464,1595
AT5G53140,24813,23386,16127,13991,19032,13083
AT5G53150,1942,1930,1333,1881,2419,1804
AT5G53160,7317,6426,5333,8054,10037,6088
AT5G53170,4898,4450,2933,3995,5651,5004
AT5G53180,4886,4707,3579,5771,6689,4462
AT5G53190,504,349,282,116,176,57
AT5G53200,126,118,109,33,54,21
AT5G53220,505,433,371,844,1053,540
AT5G53250,26947,22721,22915,314,572,283
AT5G53280,1440,1543,1025,1209,1186,925
AT5G53290,2696,2416,1858,2466,2427,1867
AT5G53300,58499,51164,45658,52941,65772,39353
AT5G53310,3792,3315,2457,3741,5049,2785
AT5G53320,1509,1642,1180,798,1221,587
AT5G53330,4662,4490,3517,5445,6884,3070
AT5G53340,3913,3595,2640,2427,2846,2120
AT5G53350,7714,8048,5289,7337,11199,6275
AT5G53360,1015,959,1001,825,1218,702
AT5G53370,6406,7962,4669,2712,4799,2655
AT5G53380,66,65,30,55,107,88
AT5G53400,7844,7545,5435,6813,7698,4954
AT5G53420,2108,2126,1843,3667,4608,2152
AT5G53430,1864,1579,1366,1511,1971,1195
AT5G53440,4083,4049,2355,5027,6139,5319
AT5G53450,3748,3507,2579,4665,5960,3609
AT5G53460,109465,109616,73254,61193,91110,73951
AT5G53470,2319,1982,1535,1556,1698,1322
AT5G53480,15213,15168,9729,8928,12423,9325
AT5G53490,110,40,74,88,107,40
AT5G53500,3050,2895,2031,2268,2880,2224
AT5G53530,3985,3697,2828,3597,4499,2170
AT5G53540,3838,3857,2650,4811,6080,3741
AT5G53550,6199,5582,4196,5099,9070,5856
AT5G53560,37724,37007,29977,31852,41745,21775
AT5G53570,3668,3478,2462,3596,4379,3417
AT5G53580,361,392,280,292,394,209
AT5G53590,1180,1224,852,3267,3234,2156
AT5G53620,4925,4770,3055,3878,4433,3293
AT5G53650,3490,3464,2580,3183,3885,2172
AT5G53660,0,4,0,0,6,9
AT5G53680,7,15,3,69,55,21
AT5G53700,104,125,103,47,85,29
AT5G53710,60,42,63,86,204,86
AT5G53730,172,193,190,280,345,220
AT5G53740,0,0,5,0,14,4
AT5G53750,1319,1101,761,357,656,558
AT5G53760,7375,6737,4909,5717,6542,4763
AT5G53770,1975,1935,1208,1325,1687,1580
AT5G53800,2046,2008,1622,2364,3092,1768
AT5G53810,6,0,0,0,4,4
AT5G53815,104,97,60,81,171,114
AT5G53820,0,4,0,22,43,21
AT5G53830,25,38,20,160,103,102
AT5G53850,5827,6040,4185,5598,7041,3817
AT5G53860,2747,2462,1797,2347,2797,2446
AT5G53870,0,0,0,11,22,12
AT5G53880,8,10,12,3,0,0
AT5G53890,1407,1274,723,834,1162,1099
AT5G53895,51,51,50,80,96,71
AT5G53900,5029,4311,3560,4959,5778,4420
AT5G53902,140,199,132,199,256,67
AT5G53920,274,332,232,273,241,178
AT5G53930,1864,1669,1241,1934,2423,1575
AT5G53940,792,732,670,1099,1275,661
AT5G53950,21,20,8,128,144,143
AT5G53970,1564,1519,853,7613,9908,5628
AT5G53980,140,96,104,245,515,317
AT5G53990,884,776,615,1297,1911,970
AT5G54020,1339,1116,826,545,722,433
AT5G54030,466,390,286,35,61,20
AT5G54040,2078,1663,1587,343,766,453
AT5G54043,3,5,2,1,2,0
AT5G54050,334,292,201,13,62,54
AT5G54060,8,9,6,0,0,5
AT5G54062,3,11,3,8,0,0
AT5G54064,86,65,79,55,77,51
AT5G54075,155,272,177,225,289,99
AT5G54080,4497,4553,3613,10151,12432,7140
AT5G54090,310,243,185,231,298,260
AT5G54095,9,12,18,7,19,9
AT5G54100,4629,4653,2989,2552,3481,2216
AT5G54110,3291,3158,2265,3808,4882,2677
AT5G54130,1091,1326,893,693,1035,620
AT5G54140,1744,1488,1212,746,1411,762
AT5G54145,1517,1246,1179,1477,2147,1183
AT5G54160,41129,43857,28915,29218,42736,24303
AT5G54165,257,145,156,2030,2350,824
AT5G54170,1502,1421,994,4811,5214,3050
AT5G54180,285,268,186,205,261,180
AT5G54190,0,0,6,137,151,65
AT5G54200,4234,4115,2855,2885,3716,3398
AT5G54230,1193,1104,900,3608,4211,1679
AT5G54240,522,517,287,735,799,330
AT5G54250,42,38,44,46,53,36
AT5G54260,1472,1347,1027,1289,1684,1108
AT5G54270,829,1141,631,250,476,218
AT5G54280,4051,4017,2605,3926,5582,4163
AT5G54290,646,614,506,598,724,563
AT5G54300,395,331,248,4991,6151,2382
AT5G54310,10764,10468,8035,10769,13894,8788
AT5G54370,13103,13340,6123,10338,13598,14210
AT5G54380,7767,6765,5129,1165,2266,1756
AT5G54390,5559,5215,3681,8337,11912,9150
AT5G54400,83,90,42,50,100,69
AT5G54430,15176,14454,11978,11760,16613,9218
AT5G54440,8068,7804,5313,5698,7048,5752
AT5G54470,126,131,81,511,535,211
AT5G54490,650,640,447,596,693,257
AT5G54500,27325,24076,17223,18519,23105,12740
AT5G54510,2091,2161,1497,2077,3414,2394
AT5G54520,789,753,501,1282,1478,1149
AT5G54530,90,93,39,37,22,7
AT5G54540,7091,6675,5047,9794,13039,6722
AT5G54569,500,424,451,728,963,691
AT5G54570,145,130,93,236,303,149
AT5G54580,2701,2590,1984,1717,1859,1259
AT5G54585,228,301,225,518,805,321
AT5G54590,1840,1667,1170,796,997,608
AT5G54600,2270,2323,1793,2358,3381,1793
AT5G54630,10,15,4,0,0,0
AT5G54640,4002,3974,3186,5051,6339,3337
AT5G54650,2576,2444,1747,2251,2888,1808
AT5G54660,863,1030,606,1705,1709,1017
AT5G54670,4007,4095,2916,2996,3715,2723
AT5G54680,10959,9275,8210,13497,16726,8662
AT5G54690,2158,2172,1498,2526,2680,1836
AT5G54700,83,50,36,5,14,9
AT5G54710,14,9,11,29,36,17
AT5G54720,6,0,3,3,0,7
AT5G54730,3340,3267,2389,4814,6527,3597
AT5G54750,8772,8193,6200,7557,9851,5509
AT5G54760,15737,15494,13054,22070,30158,14814
AT5G54770,143,217,100,65,62,41
AT5G54780,3061,2927,2072,2522,3516,1938
AT5G54790,303,282,142,22,53,8
AT5G54800,14919,15147,10838,9279,15117,8878
AT5G54810,13778,13907,9151,17773,20444,14205
AT5G54830,3390,3321,2202,2268,3230,2314
AT5G54840,3257,3015,2591,4854,6469,2677
AT5G54850,1281,1245,862,909,1215,659
AT5G54855,2954,3136,2347,2386,3320,1622
AT5G54860,4250,3979,2839,4112,5689,3865
AT5G54870,5696,6107,4113,7509,10620,5982
AT5G54880,263,268,142,220,214,147
AT5G54890,816,936,513,603,718,496
AT5G54900,10558,10514,7331,8346,8735,6827
AT5G54910,1896,1787,1182,805,871,738
AT5G54920,2943,2887,2147,2224,3008,1869
AT5G54930,579,555,445,841,885,594
AT5G54940,6421,6089,5334,21009,23433,10650
AT5G54960,1434,1447,769,2660,3409,1900
AT5G54970,4382,4654,3406,2056,2490,1380
AT5G54980,1304,1126,914,1624,2016,743
AT5G54990,7,0,0,0,8,3
AT5G55000,2015,1976,1350,2010,2460,1580
AT5G55020,0,3,0,3,14,0
AT5G55040,5439,5183,4329,3838,5695,3840
AT5G55050,3903,3739,2602,1232,2290,1455
AT5G55060,4601,4161,3418,4044,5177,3130
AT5G55070,16479,16671,10884,16973,21533,13196
AT5G55080,0,0,2,8,29,6
AT5G55090,657,761,513,1576,2263,1166
AT5G55100,4474,4052,3204,4429,6011,4446
AT5G55110,1098,1174,607,969,1273,1279
AT5G55120,4779,4940,3304,5057,6927,4970
AT5G55125,3298,3328,2784,2231,2898,1432
AT5G55130,3975,3528,2707,3534,4530,3431
AT5G55140,2811,2912,2045,3141,3474,2256
AT5G55150,0,3,0,13,5,0
AT5G55160,9314,8223,6719,8823,10569,5571
AT5G55170,550,490,453,450,733,309
AT5G55180,2571,2740,2099,14827,15454,7746
AT5G55190,20960,21135,17398,20905,24720,17530
AT5G55200,3444,3595,2432,3933,4947,2631
AT5G55210,672,639,543,612,695,406
AT5G55220,647,631,452,397,551,397
AT5G55230,4806,4618,3444,2356,3074,2335
AT5G55250,1117,1502,963,280,565,209
AT5G55260,3098,3017,1982,2035,2457,1712
AT5G55270,7,10,6,26,6,8
AT5G55280,3317,3149,2291,1745,1903,1400
AT5G55290,7328,6653,5613,4596,6575,3389
AT5G55300,4697,4558,2965,4433,6197,4855
AT5G55310,3994,3922,2807,5858,7449,4917
AT5G55350,31,51,32,7,15,26
AT5G55360,2,3,2,5,21,9
AT5G55370,18,7,7,0,3,0
AT5G55380,335,282,243,159,216,127
AT5G55390,4237,3922,3097,3055,4103,2968
AT5G55400,2766,2881,1794,3006,3394,2782
AT5G55450,0,0,0,0,9,7
AT5G55460,9,0,0,27,0,0
AT5G55470,192,182,116,334,314,216
AT5G55480,15415,14477,12066,9587,11158,7463
AT5G55490,25,22,11,34,41,15
AT5G55500,4288,4009,2882,2359,3491,2597
AT5G55507,31,18,14,43,45,11
AT5G55510,1416,1446,1043,1232,1488,799
AT5G55520,1035,1121,843,298,283,249
AT5G55530,3823,3531,2612,2669,3493,2666
AT5G55540,1200,1181,887,600,741,720
AT5G55550,5233,4981,3975,2997,3927,2842
AT5G55560,215,161,166,156,235,86
AT5G55570,0,0,0,6,12,4
AT5G55580,249,314,188,213,223,155
AT5G55590,44,16,31,19,14,9
AT5G55600,4116,3692,2863,3249,4272,2876
AT5G55610,8652,8061,6027,5284,6972,5011
AT5G55620,21,22,17,24,9,10
AT5G55630,2784,2595,1743,1272,1909,1497
AT5G55640,831,776,595,1174,1681,949
AT5G55650,237,222,200,36,49,33
AT5G55660,7974,7462,5345,5961,8120,5159
AT5G55670,4092,4178,2862,3224,4329,3269
AT5G55680,24,17,2,0,8,3
AT5G55700,1826,1760,1324,4898,4933,3325
AT5G55710,666,617,421,644,831,533
AT5G55730,4628,4467,3626,925,1118,797
AT5G55740,63,87,30,53,45,53
AT5G55760,824,804,522,490,600,380
AT5G55770,3,10,6,0,0,0
AT5G55780,285,197,159,37,70,39
AT5G55790,1767,1698,1517,863,1172,740
AT5G55810,511,498,327,504,608,328
AT5G55820,1763,1684,1152,1157,1320,1089
AT5G55830,294,295,206,36,83,43
AT5G55840,300,362,197,231,265,247
AT5G55850,10173,9426,8170,9405,11879,5414
AT5G55860,3145,3028,2272,3461,4560,2475
AT5G55893,35,38,31,33,56,21
AT5G55896,4768,4232,3270,6259,7603,5539
AT5G55900,386,379,295,502,649,358
AT5G55910,8136,7254,5143,7591,10129,6930
AT5G55920,6508,7061,4036,3043,3483,2982
AT5G55930,22,14,16,16,11,15
AT5G55940,10474,8884,7043,8638,10331,7373
AT5G55950,870,819,620,482,612,422
AT5G55960,6322,5947,4312,4081,5200,2760
AT5G55970,1646,1620,1488,4772,5543,2499
AT5G55980,1,6,0,4,2,9
AT5G55990,2663,2403,1759,2270,3192,1920
AT5G56000,6948,7159,4400,2978,3714,2744
AT5G56010,58586,56021,38476,19217,24591,20528
AT5G56020,2186,1858,1497,1925,2610,1745
AT5G56030,68048,62460,44210,22638,28419,24923
AT5G56040,11557,9853,7154,7175,10929,9525
AT5G56050,196,196,165,373,360,226
AT5G56080,672,674,435,243,404,189
AT5G56090,2415,3021,1764,2036,2702,1772
AT5G56100,75,45,68,87,83,36
AT5G56120,1648,1672,1380,170,235,128
AT5G56130,2059,1927,1389,1354,1557,844
AT5G56140,6645,6330,4661,9464,11435,6922
AT5G56150,9737,10118,8617,14587,18376,7731
AT5G56160,176,241,204,543,496,209
AT5G56170,8395,7279,6434,5080,6589,3095
AT5G56180,1941,1973,1317,2453,3237,1831
AT5G56190,3564,3328,2500,4018,5131,2775
AT5G56200,131,58,94,18,33,10
AT5G56210,1153,1097,798,1292,1706,1129
AT5G56220,4426,4374,3086,3238,4238,3613
AT5G56230,458,451,421,289,430,259
AT5G56240,5731,5341,3839,6455,8974,6713
AT5G56250,2526,2535,1790,1167,1633,1319
AT5G56260,1461,1522,1001,1167,1712,1085
AT5G56270,509,477,358,1019,1449,1149
AT5G56280,3445,3239,2510,2465,2907,1773
AT5G56290,5055,4903,3148,5451,6662,5091
AT5G56310,131,141,71,70,85,94
AT5G56320,8359,8640,5505,2492,3974,3580
AT5G56340,4123,3564,2910,4413,5308,2931
AT5G56350,21501,21266,13798,13911,19132,11887
AT5G56360,10265,10134,6964,5885,8955,6721
AT5G56370,223,203,114,133,167,117
AT5G56380,867,760,607,574,562,499
AT5G56420,800,779,537,770,912,564
AT5G56450,451,520,309,405,559,489
AT5G56460,1334,1418,846,1054,1390,686
AT5G56500,11602,12693,7975,5901,7303,4831
AT5G56510,0,0,9,21,18,11
AT5G56520,345,246,236,527,795,236
AT5G56530,2584,2737,2217,1113,1538,1080
AT5G56540,48897,47933,40410,11304,15938,8603
AT5G56544,0,0,4,0,6,0
AT5G56550,863,949,970,2218,1649,806
AT5G56580,1345,1263,971,665,840,379
AT5G56590,538,468,464,612,469,382
AT5G56600,67,112,75,148,111,57
AT5G56610,1920,1612,1349,1006,1550,904
AT5G56620,31,43,29,26,28,29
AT5G56630,10380,10536,6880,8960,12214,7742
AT5G56650,5436,5139,3939,3085,4556,2334
AT5G56660,4155,3924,3130,2481,3717,2197
AT5G56670,22974,20645,16716,12781,18624,9714
AT5G56680,12400,11475,8339,7740,9289,7313
AT5G56700,0,0,0,6,7,0
AT5G56710,35125,35799,28227,26577,36083,22181
AT5G56720,195,150,156,240,302,173
AT5G56730,2534,2120,1631,1916,2380,1763
AT5G56740,2293,2430,1538,1710,1806,1152
AT5G56747,1242,1117,833,601,827,621
AT5G56750,5216,4572,3771,3960,5085,2854
AT5G56760,8818,9052,6967,7416,9139,5030
AT5G56780,272,289,169,83,94,56
AT5G56790,1528,1409,828,1107,1396,1060
AT5G56795,125,134,123,86,118,65
AT5G56830,3,2,0,10,0,13
AT5G56840,10,28,11,64,39,19
AT5G56850,21,8,18,1,9,13
AT5G56860,18,24,6,16,20,7
AT5G56870,24825,28754,15744,8563,18472,9612
AT5G56890,5866,6305,4222,3390,4196,3414
AT5G56900,3812,3403,2556,4086,5046,3717
AT5G56910,411,379,285,606,636,353
AT5G56930,1101,1090,689,1559,1844,1271
AT5G56940,5532,5224,3960,4878,5447,3812
AT5G56950,13397,12573,7988,7713,10213,6348
AT5G56960,0,0,0,28,34,8
AT5G56970,662,740,658,95,141,74
AT5G56980,9118,9228,5244,16123,21194,14560
AT5G56985,85,66,61,212,214,82
AT5G56990,16,16,19,64,78,54
AT5G57000,1097,1041,819,769,955,450
AT5G57010,334,388,227,1526,1511,814
AT5G57015,3070,2987,2345,3027,3384,2042
AT5G57020,11888,11136,8048,10760,14257,9943
AT5G57030,291,336,183,373,458,299
AT5G57035,1523,1673,1050,1676,2524,1469
AT5G57040,1074,1036,766,3706,4580,2241
AT5G57050,1072,901,722,5118,6854,3690
AT5G57060,1508,1364,1123,1571,2136,1037
AT5G57070,4266,4597,3174,1439,2356,1225
AT5G57080,293,333,204,225,295,166
AT5G57090,21538,20118,11698,9639,13248,12938
AT5G57100,1849,1673,1446,2261,2203,1444
AT5G57110,18183,17603,12482,30993,36271,25118
AT5G57120,5393,5518,4021,4054,4934,3111
AT5G57123,290,286,274,923,987,432
AT5G57130,1512,1517,914,591,882,786
AT5G57140,634,564,357,224,323,305
AT5G57150,4675,4735,4069,2137,2691,1211
AT5G57160,2213,2198,1479,1457,1992,1419
AT5G57170,355,305,287,227,255,166
AT5G57180,83,135,90,159,211,153
AT5G57190,625,636,517,445,711,427
AT5G57200,253,272,248,30,12,14
AT5G57210,958,964,722,670,844,619
AT5G57220,45,64,33,163,302,111
AT5G57230,986,815,614,765,872,531
AT5G57240,3,5,6,10,18,11
AT5G57250,1451,1390,1117,1243,1549,1066
AT5G57260,9,8,0,3,11,0
AT5G57270,3056,2929,1982,2165,2901,2030
AT5G57280,2244,2340,1765,2323,2852,2211
AT5G57290,33113,30120,21369,17961,23608,15228
AT5G57300,4045,3953,2485,4827,5379,3562
AT5G57320,91,79,64,84,143,90
AT5G57330,9818,9485,6706,7948,10098,6296
AT5G57340,1769,1739,1591,1639,2053,1230
AT5G57345,278,357,248,1317,1687,840
AT5G57350,2872,2973,1889,4780,5904,4272
AT5G57360,2935,3123,1863,3658,4678,3163
AT5G57370,2167,2195,1434,2382,2745,1522
AT5G57390,90,87,84,270,352,182
AT5G57400,313,228,165,237,417,288
AT5G57410,1604,1479,1136,1996,2230,1443
AT5G57420,247,253,143,74,101,138
AT5G57440,3912,3425,2657,2829,3445,2603
AT5G57450,184,175,128,155,153,159
AT5G57460,6179,5940,3722,3592,4663,3988
AT5G57480,4189,4222,3272,1797,3283,1601
AT5G57490,10798,10533,7629,7748,9775,7361
AT5G57500,652,613,393,453,701,628
AT5G57510,59,66,39,94,140,117
AT5G57520,6,8,4,3,8,3
AT5G57530,3111,3805,2727,47,163,113
AT5G57540,2130,2517,1716,32,127,68
AT5G57560,117,159,127,2614,2360,1225
AT5G57565,434,400,382,346,458,197
AT5G57567,18,27,18,0,0,10
AT5G57570,52,52,48,23,7,21
AT5G57580,5273,5204,3534,4821,6684,5065
AT5G57590,2186,2223,1452,1132,1254,998
AT5G57610,1544,1490,878,2977,3745,2442
AT5G57620,5325,5089,3858,4491,8104,4364
AT5G57625,17304,16404,14338,1676,4673,3249
AT5G57630,3536,3446,2841,4276,6098,3530
AT5G57640,0,16,3,0,5,0
AT5G57655,9837,8798,7575,12912,17514,8280
AT5G57660,3570,3323,2513,6080,7922,4335
AT5G57670,345,438,259,234,257,127
AT5G57685,7926,8347,6222,2984,3906,2371
AT5G57690,7,9,6,0,0,0
AT5G57700,3697,3094,2100,1008,1644,1106
AT5G57710,2570,2859,1879,3580,4574,3614
AT5G57740,6555,6346,4841,2983,5054,2947
AT5G57760,12,15,23,12,10,5
AT5G57770,4274,4023,3376,1688,2525,1566
AT5G57780,219,222,206,369,486,208
AT5G57785,1525,1689,859,2297,2983,1280
AT5G57790,61,62,52,207,300,179
AT5G57800,562,590,311,627,776,593
AT5G57810,5,27,15,36,74,22
AT5G57815,1840,1943,1483,2584,3420,1360
AT5G57820,30,24,16,37,48,12
AT5G57830,1900,1921,1390,1448,1922,1184
AT5G57840,1336,1358,914,666,1114,706
AT5G57850,2330,2177,1501,1683,2167,1599
AT5G57860,2014,1876,1554,2773,3436,1662
AT5G57870,23305,24525,14380,18509,23771,21913
AT5G57880,381,312,267,182,262,143
AT5G57887,4823,3925,3536,5169,6384,3190
AT5G57890,1374,1358,905,1686,1776,1082
AT5G57900,2604,2524,1807,4752,6009,3714
AT5G57910,1898,1865,1600,3294,4691,2934
AT5G57920,412,361,304,404,614,473
AT5G57930,997,1048,734,1092,1233,1129
AT5G57940,4083,3802,2890,3582,4565,3153
AT5G57950,1924,1842,1357,1895,2097,1324
AT5G57960,781,809,547,937,1262,931
AT5G57970,1870,1696,1306,961,1465,1067
AT5G57980,744,962,589,336,355,283
AT5G57990,8925,8796,6086,14559,16929,12744
AT5G58000,5886,5338,3886,11186,13921,10725
AT5G58003,1350,1339,980,1776,2003,1112
AT5G58005,2939,2908,2554,4216,4856,2546
AT5G58010,4297,3745,2849,2143,4001,2835
AT5G58020,3988,3948,2807,5728,6308,4113
AT5G58030,5595,5502,4044,4906,6173,3768
AT5G58040,5941,6093,4049,8335,9906,7712
AT5G58060,11240,10740,8262,8966,12176,7272
AT5G58070,7328,7122,5195,23030,28274,12179
AT5G58080,0,0,0,18,21,29
AT5G58090,5368,4950,3667,2803,3436,2153
AT5G58100,8279,8039,5948,6594,8303,5855
AT5G58110,10882,10631,7968,9560,12368,8700
AT5G58120,51,44,25,82,123,78
AT5G58130,3364,3241,2166,3812,4082,3536
AT5G58140,1547,1358,781,747,1515,744
AT5G58150,1368,1707,1193,1345,1688,1395
AT5G58160,2126,1936,1411,1481,2259,1551
AT5G58180,0,0,0,10,10,0
AT5G58190,2208,2127,1527,2010,2574,1934
AT5G58200,4985,4503,4130,4422,6043,3039
AT5G58210,1149,1282,886,1496,1801,1324
AT5G58220,4905,4220,3394,5244,6662,4184
AT5G58230,4578,4718,2971,3421,3951,2955
AT5G58240,3207,2930,2376,2554,3362,1961
AT5G58250,967,929,747,940,1266,742
AT5G58270,4206,3976,2705,4513,5277,3886
AT5G58280,92,69,48,7,0,3
AT5G58290,28882,27558,18377,27324,33325,21515
AT5G58300,4145,3459,2928,1404,1780,1442
AT5G58310,9,0,0,17,0,10
AT5G58320,4915,4771,3937,5303,6541,3230
AT5G58330,547,801,407,862,1118,475
AT5G58340,1104,972,735,836,1305,983
AT5G58350,3837,3742,3165,3548,6179,2903
AT5G58360,124,235,134,0,23,14
AT5G58370,1586,1633,988,1018,1240,1129
AT5G58375,6741,6218,5901,5859,9234,3819
AT5G58380,2454,2440,1519,4978,5572,4424
AT5G58410,4809,4720,2996,6535,7309,6111
AT5G58420,51978,52719,38744,38787,45302,34630
AT5G58430,3973,3573,2508,4035,5548,4104
AT5G58440,3342,3344,2292,2703,3432,2325
AT5G58450,3949,3894,2475,2832,3129,2320
AT5G58470,7925,7561,4915,7175,9015,6553
AT5G58480,898,820,600,604,727,529
AT5G58490,3799,4008,2534,3973,4891,3295
AT5G58500,71,66,40,49,25,24
AT5G58510,3127,2885,1927,2655,3332,2701
AT5G58520,2383,2571,1675,2219,2867,2165
AT5G58530,1806,1417,989,860,1028,708
AT5G58540,1707,1449,1334,934,1276,680
AT5G58550,2265,1970,1350,568,854,1493
AT5G58560,6586,6323,5214,4373,6592,3980
AT5G58570,19,32,23,42,56,15
AT5G58575,1106,1048,907,1301,1829,1182
AT5G58580,116,106,130,57,93,88
AT5G58590,4662,4801,3531,3612,4145,2487
AT5G58595,93,119,94,12,7,5
AT5G58600,1641,1550,1319,1665,2057,1368
AT5G58610,29,46,12,14,6,4
AT5G58620,3251,3343,2357,4211,5204,4122
AT5G58630,6,0,3,0,4,7
AT5G58640,6044,5557,4801,4969,6349,4070
AT5G58650,496,504,385,988,1169,375
AT5G58660,233,173,155,242,315,135
AT5G58670,136,143,93,784,853,507
AT5G58680,5,5,0,18,6,8
AT5G58690,1174,1100,985,1630,1983,1020
AT5G58700,4203,4202,2904,5147,6648,4132
AT5G58710,17032,16806,13195,9372,11235,6388
AT5G58720,5138,4986,3636,7188,9065,7172
AT5G58730,4296,4157,2659,4524,6040,3847
AT5G58740,5016,4667,3682,4308,5963,3148
AT5G58750,1612,1618,1108,219,446,313
AT5G58760,2316,2033,1360,2409,3247,1899
AT5G58770,928,1039,644,1138,1545,835
AT5G58780,345,565,303,1140,1248,759
AT5G58784,481,569,286,64,144,104
AT5G58787,2232,1905,1789,2198,2826,1508
AT5G58790,514,486,467,566,781,397
AT5G58800,2715,3147,2104,4866,6019,3014
AT5G58810,0,3,3,0,8,1
AT5G58830,28,36,29,16,37,22
AT5G58840,9,0,0,225,431,366
AT5G58860,542,528,567,306,255,154
AT5G58870,2893,2885,1798,2890,3783,2495
AT5G58900,7092,7950,5290,2464,4364,2911
AT5G58910,530,584,422,1393,1494,792
AT5G58920,1680,1596,1051,1963,2516,1755
AT5G58930,2561,2357,1769,1648,2244,2148
AT5G58940,1944,1874,1157,716,999,754
AT5G58950,8502,7547,5687,10874,12818,9571
AT5G58960,2010,1864,1320,1205,1429,1061
AT5G58970,2319,2201,1689,1660,2304,1208
AT5G58980,1528,1520,1205,1654,1816,1177
AT5G58990,3510,3520,2569,2552,3277,1960
AT5G59000,174,200,164,120,145,102
AT5G59010,2979,3025,2102,1201,1441,1063
AT5G59020,806,778,546,468,648,576
AT5G59030,789,814,467,2439,3086,2562
AT5G59050,1576,1510,1041,1954,2344,1461
AT5G59060,35,29,21,111,68,43
AT5G59070,207,194,120,204,416,348
AT5G59080,565,497,438,239,329,193
AT5G59090,50612,47229,37148,10895,13192,8475
AT5G59100,17,0,18,5,0,0
AT5G59120,1,0,3,0,3,8
AT5G59140,5182,4701,3665,6795,7773,4561
AT5G59150,6052,5757,4310,2499,3478,1603
AT5G59160,9981,9779,7046,5994,8089,5711
AT5G59170,8,1,0,50,35,17
AT5G59180,1852,1982,1468,1958,2171,1263
AT5G59190,4,6,0,0,3,6
AT5G59200,27,35,17,18,22,33
AT5G59210,4013,4009,3012,3997,5113,2974
AT5G59220,550,393,408,14475,14664,7233
AT5G59230,8,5,0,71,55,36
AT5G59240,738,749,485,318,321,275
AT5G59250,1533,1660,1000,1038,1376,1054
AT5G59260,13,11,15,8,6,7
AT5G59270,7,8,11,0,0,0
AT5G59290,27126,25853,16331,20232,24346,17843
AT5G59300,4194,3854,3133,3240,4342,2368
AT5G59310,0,3,0,19,15,10
AT5G59320,31,26,25,155,197,94
AT5G59340,0,0,0,23,28,9
AT5G59350,821,650,522,334,461,318
AT5G59360,174,130,103,16,42,16
AT5G59370,0,6,0,0,8,0
AT5G59380,1458,1424,1049,1847,2267,1560
AT5G59385,4,3,4,2,5,4
AT5G59390,7,0,0,20,11,0
AT5G59400,557,584,337,1480,1741,881
AT5G59410,2442,2117,1728,972,1396,1142
AT5G59420,7889,7377,5681,8930,12386,6767
AT5G59430,1827,1834,1415,2205,2481,1372
AT5G59440,1962,1713,1437,2620,3153,2148
AT5G59450,3713,3550,2471,3420,4365,2882
AT5G59460,1310,1218,1014,1179,1615,803
AT5G59470,1280,1089,1047,680,1082,470
AT5G59480,3557,3438,2509,7664,7935,4501
AT5G59490,777,799,610,4664,4099,1819
AT5G59500,1485,1416,951,753,936,809
AT5G59505,7,5,4,3,3,4
AT5G59510,622,524,455,771,1086,538
AT5G59520,14876,14912,10282,3866,7217,3472
AT5G59530,1175,1090,865,1617,2607,1232
AT5G59540,2814,2759,1737,3416,5239,2615
AT5G59550,1954,1948,1286,2780,3132,1943
AT5G59560,1852,1528,1199,1401,1853,1552
AT5G59570,286,248,206,919,810,505
AT5G59580,50,44,36,10,18,23
AT5G59590,617,627,443,444,624,392
AT5G59600,45,32,25,4,8,7
AT5G59610,574,519,490,512,694,368
AT5G59613,34282,35763,28547,20956,31724,14896
AT5G59620,0,0,5,5,8,0
AT5G59640,23,4,15,12,13,19
AT5G59650,292,279,204,113,121,125
AT5G59660,434,331,304,184,268,156
AT5G59662,33,21,15,21,27,9
AT5G59670,30,47,36,35,38,31
AT5G59680,127,112,88,9,0,0
AT5G59690,14161,14179,11586,17103,18755,12835
AT5G59700,237,242,117,185,249,124
AT5G59710,3805,3674,2656,3350,4638,2885
AT5G59720,100,110,85,200,163,99
AT5G59730,1542,1444,1005,1632,412,1206
AT5G59732,246,257,187,208,1784,194
AT5G59740,1293,1171,922,1061,1407,963
AT5G59750,238,291,151,120,150,129
AT5G59760,22,16,24,10,17,10
AT5G59770,3119,3044,2303,2440,3519,1943
AT5G59780,9779,8310,8006,1522,2238,1020
AT5G59790,534,529,393,444,729,424
AT5G59800,885,904,645,552,631,439
AT5G59820,1891,2180,1391,3798,4555,2166
AT5G59830,1106,1138,814,1358,1690,1158
AT5G59840,5165,5284,3932,7179,8694,4401
AT5G59845,88,100,52,1467,1331,703
AT5G59850,32911,33007,23180,21867,26516,16373
AT5G59860,19,14,8,12,0,5
AT5G59865,131,89,73,33,26,27
AT5G59870,11649,11594,7901,5286,5495,3296
AT5G59880,38521,35222,29235,22877,31332,15998
AT5G59890,7427,6844,4448,4831,5526,3292
AT5G59895,9,8,9,9,9,3
AT5G59900,478,376,240,273,344,282
AT5G59910,23095,20804,14930,16807,20142,12894
AT5G59920,668,604,405,308,365,287
AT5G59930,773,570,442,230,338,209
AT5G59940,793,668,509,255,355,303
AT5G59950,7679,7616,5584,10952,12782,7706
AT5G59960,5865,5501,4322,8121,10787,5488
AT5G59970,6808,6530,4799,4954,5267,3322
AT5G59980,836,911,530,573,665,500
AT5G59990,15,16,3,14,38,23
AT5G60010,0,0,0,8,6,0
AT5G60020,7105,7386,5121,9419,10442,6956
AT5G60022,33,37,26,70,90,43
AT5G60030,1295,1165,845,986,1357,843
AT5G60040,1501,1639,1091,1051,1212,920
AT5G60050,526,507,374,381,540,278
AT5G60060,53,51,33,17,23,10
AT5G60100,119,122,90,126,120,78
AT5G60120,5852,5643,4467,4659,6553,4421
AT5G60142,37,12,20,4,0,10
AT5G60150,940,962,606,444,385,239
AT5G60160,5979,5885,4029,5938,7165,4072
AT5G60170,8413,8151,5856,6462,9152,6691
AT5G60180,0,5,5,11,14,0
AT5G60190,806,731,499,1151,1050,614
AT5G60200,1848,1653,1308,1657,2016,1609
AT5G60210,3129,2991,1910,2675,3665,2606
AT5G60220,13,14,5,105,110,33
AT5G60230,421,390,280,304,345,264
AT5G60250,18,17,24,0,0,19
AT5G60260,1,9,6,0,0,2
AT5G60270,251,176,100,408,544,321
AT5G60280,664,560,395,131,216,127
AT5G60285,31,32,24,12,13,3
AT5G60290,4,5,7,4,0,0
AT5G60300,4639,4153,3443,1003,1403,1028
AT5G60310,145,107,98,82,112,72
AT5G60320,18,19,12,3,0,7
AT5G60335,154,199,161,104,160,90
AT5G60340,4522,4219,3172,6346,7005,4783
AT5G60350,29,16,10,69,63,22
AT5G60360,42195,43899,31991,57646,83972,39262
AT5G60370,1746,1516,1179,1539,2030,1148
AT5G60390,276933,289878,185063,176445,215921,171271
AT5G60400,2362,2275,1861,1457,1993,1182
AT5G60410,7810,7093,5353,7839,10284,6877
AT5G60430,956,965,804,958,1400,859
AT5G60440,129,106,94,149,299,96
AT5G60450,1866,2057,1370,2040,2601,1744
AT5G60460,5758,5265,4403,7701,10603,5093
AT5G60490,1932,2269,1414,768,1142,789
AT5G60510,13,10,14,0,11,0
AT5G60520,2647,2700,1656,527,1267,1020
AT5G60530,6952,7846,3340,2981,3694,3541
AT5G60540,2483,2578,1620,2547,3048,2557
AT5G60550,7575,7291,4988,4717,6226,4161
AT5G60570,13391,13200,8594,6327,9126,7345
AT5G60580,3100,2908,2214,3554,4702,2246
AT5G60590,1238,1219,803,1031,1197,819
AT5G60600,4252,4654,3193,5127,6243,4448
AT5G60610,87,89,62,224,240,152
AT5G60620,6969,6306,4518,5059,7264,5159
AT5G60630,346,301,189,253,277,191
AT5G60640,28504,26217,20129,15901,22438,15475
AT5G60650,289,277,286,249,361,177
AT5G60660,34474,28966,26938,6240,9203,4541
AT5G60670,11666,11226,7592,6351,8169,6064
AT5G60680,4413,4716,3400,6624,7661,4419
AT5G60690,6391,6212,4724,3025,3781,3076
AT5G60700,3936,3566,2194,3554,4612,4902
AT5G60710,2387,2295,1608,3611,4190,3126
AT5G60720,1067,1036,576,1096,1161,958
AT5G60730,1043,1234,752,442,430,290
AT5G60750,1971,1805,1332,2502,3091,2032
AT5G60760,891,873,603,1540,1736,1179
AT5G60770,8,15,10,0,0,3
AT5G60790,15243,14636,8989,18924,19956,16514
AT5G60800,995,893,878,1892,1931,1036
AT5G60810,63,72,50,21,28,13
AT5G60820,1146,1038,714,781,1059,695
AT5G60840,918,954,735,611,712,436
AT5G60850,1403,1309,938,2460,2731,1445
AT5G60860,1148,1073,782,1098,1278,636
AT5G60870,1039,972,701,809,841,812
AT5G60890,9560,9285,7617,4538,5852,3956
AT5G60900,16,21,8,0,0,3
AT5G60910,0,8,0,0,8,5
AT5G60920,36919,35984,28514,16930,24947,16920
AT5G60930,2177,2591,1505,882,1115,842
AT5G60940,2111,2113,1695,1671,2058,1549
AT5G60950,5461,4497,3367,2598,4474,2442
AT5G60960,7083,6850,3969,4134,4312,4038
AT5G60980,15605,14838,10009,11143,16566,13765
AT5G60990,3152,2990,2223,2602,2750,2373
AT5G61000,2933,2909,1869,598,653,509
AT5G61010,1464,1227,810,659,1082,764
AT5G61020,12133,11527,8025,10515,11941,10464
AT5G61030,7771,8232,4968,1885,1971,1463
AT5G61040,593,572,353,320,427,274
AT5G61060,3002,2861,2156,2899,3496,2566
AT5G61070,9,4,0,0,0,0
AT5G61100,0,6,0,5,0,0
AT5G61130,8121,7512,6848,3618,4414,3009
AT5G61140,5460,5097,3423,5126,6551,4994
AT5G61150,5817,5677,3693,4399,6153,4931
AT5G61170,41171,42178,32898,26103,30300,21454
AT5G61180,3,0,0,8,15,12
AT5G61190,2578,2577,1967,1377,2266,1239
AT5G61200,281,319,198,72,72,56
AT5G61210,5331,4932,4162,4846,6398,3798
AT5G61220,2740,2414,1856,1961,2688,1495
AT5G61230,6952,6336,4914,9482,11614,6921
AT5G61240,10955,10165,7570,7774,10238,5910
AT5G61250,1434,1248,979,400,808,359
AT5G61260,402,408,348,229,322,193
AT5G61270,24,23,7,28,51,29
AT5G61280,145,98,126,127,165,106
AT5G61290,114,143,77,19,68,12
AT5G61300,709,656,413,469,616,584
AT5G61310,1762,1985,1453,1416,1958,1144
AT5G61320,0,11,14,0,0,6
AT5G61330,2357,2381,1626,1520,1811,1332
AT5G61340,7668,7800,5964,3868,5893,3108
AT5G61350,2102,2294,1400,493,998,865
AT5G61360,232,260,140,215,218,176
AT5G61370,254,189,84,72,152,117
AT5G61380,4032,3646,2504,6133,7714,4942
AT5G61390,556,563,421,909,887,602
AT5G61400,156,196,137,85,129,100
AT5G61410,2739,2697,1919,3900,5261,2914
AT5G61412,14,35,15,15,0,5
AT5G61420,990,1433,854,10,34,13
AT5G61430,349,330,243,1256,1687,708
AT5G61440,4239,4958,4215,934,1040,584
AT5G61450,4414,4333,3312,4309,5836,3426
AT5G61455,5,11,4,8,11,4
AT5G61460,1021,1064,747,643,780,523
AT5G61480,674,882,545,188,225,146
AT5G61490,261,305,127,215,317,192
AT5G61495,4,6,0,2,0,0
AT5G61500,6591,6198,4899,7064,9444,5248
AT5G61510,4557,4291,3205,4567,6174,3873
AT5G61530,6969,6535,5197,8689,11594,6376
AT5G61540,532,431,304,383,478,311
AT5G61550,1368,1420,866,634,1113,639
AT5G61560,466,406,311,1132,1655,1003
AT5G61570,919,879,741,70,152,76
AT5G61580,2000,1996,1327,1879,2417,2183
AT5G61590,1772,1705,1693,617,700,309
AT5G61600,906,924,785,1358,1941,895
AT5G61620,21,24,21,13,16,11
AT5G61640,1054,943,759,1288,2275,825
AT5G61650,917,769,589,457,967,609
AT5G61660,31,43,35,53,59,34
AT5G61670,2482,2347,1739,3094,4110,2368
AT5G61760,2303,2197,1586,1830,2906,1414
AT5G61770,2899,2845,2066,2311,2458,2001
AT5G61780,22674,22737,13808,13905,16576,14605
AT5G61790,52569,47177,34807,9496,13226,9951
AT5G61800,64,44,51,56,61,42
AT5G61810,1338,1283,908,2493,2621,1657
AT5G61820,38533,37497,24965,101074,120029,61185
AT5G61830,940,870,738,920,1028,609
AT5G61840,6854,6042,4740,3779,4946,3273
AT5G61850,3,0,0,76,34,6
AT5G61865,417,385,340,433,401,331
AT5G61880,1918,1897,1504,3269,3152,2070
AT5G61890,13,0,0,229,225,121
AT5G61900,3633,3256,2155,3210,4737,2154
AT5G61910,2086,1882,1624,1392,1756,2042
AT5G61920,356,404,285,458,486,278
AT5G61930,582,505,392,520,630,428
AT5G61940,180,217,125,131,130,124
AT5G61950,256,332,229,98,110,137
AT5G61960,10913,10148,7133,15683,19046,15436
AT5G61970,9205,8456,5677,7741,9276,5883
AT5G61980,1754,1633,1234,941,1261,973
AT5G61990,1274,1151,749,757,1075,800
AT5G62000,8219,8209,5703,6517,8528,5574
AT5G62020,881,847,577,3120,3444,1841
AT5G62030,1668,1481,874,2024,1963,1778
AT5G62050,5683,5520,3823,5645,6782,4849
AT5G62070,3370,3285,2451,3295,4269,2574
AT5G62090,2863,2908,2193,3821,5012,3213
AT5G62100,496,440,424,660,951,357
AT5G62130,1174,1062,741,1185,1695,907
AT5G62140,51,14,24,86,84,48
AT5G62150,542,421,462,1074,1209,366
AT5G62160,0,0,0,8,3,3
AT5G62165,1366,1346,1127,1768,2114,1093
AT5G62170,1075,1027,828,359,439,427
AT5G62180,2136,2251,1690,990,1520,1088
AT5G62190,25831,22545,13775,19278,22223,23104
AT5G62200,1421,1503,1049,2415,2715,1437
AT5G62210,1086,2025,681,180,279,291
AT5G62220,1586,1756,1120,2240,3058,1908
AT5G62230,0,3,7,7,6,0
AT5G62250,3,12,12,20,24,3
AT5G62260,3420,2980,2436,3419,4777,3228
AT5G62270,6701,6537,4415,4775,5986,4437
AT5G62280,2293,2235,1643,468,775,620
AT5G62290,2054,2128,1582,2043,2298,1339
AT5G62300,27452,28888,24251,26583,33470,19033
AT5G62310,1331,1351,792,485,902,807
AT5G62320,17,48,16,15,25,14
AT5G62330,1049,890,687,37,40,44
AT5G62340,13092,12144,9335,1899,3119,1962
AT5G62350,3733,4239,2946,16391,20838,10149
AT5G62360,16,20,7,152,218,165
AT5G62370,540,504,297,142,213,212
AT5G62380,239,182,112,88,125,43
AT5G62390,19309,18418,13198,10019,14881,9723
AT5G62410,2989,2973,2063,1474,1785,1354
AT5G62420,1104,1554,822,377,734,329
AT5G62430,214,188,156,431,365,285
AT5G62440,5506,5560,4092,2406,3134,1969
AT5G62460,3381,3166,2302,5365,6688,3108
AT5G62470,14,3,5,28,41,26
AT5G62480,1500,1699,1260,5500,8177,3851
AT5G62490,16,10,19,690,653,335
AT5G62500,3670,3493,2751,2132,2542,1378
AT5G62520,301,324,244,2465,2768,1371
AT5G62530,13926,13940,8964,20030,26981,17644
AT5G62540,3422,3228,2777,8910,8418,3798
AT5G62550,1745,1698,1487,583,739,428
AT5G62560,3885,4009,2519,3640,5043,4187
AT5G62570,1264,1025,853,2941,3832,2533
AT5G62575,2908,2674,2333,2365,3242,1533
AT5G62580,6798,6466,4356,7324,7232,6215
AT5G62600,3760,3371,2297,2693,3428,2782
AT5G62610,3938,3507,2739,4771,5687,3791
AT5G62620,1678,1526,1083,1864,1919,1276
AT5G62630,1707,1854,1277,2943,3597,2425
AT5G62640,4906,4982,3622,6751,8653,5708
AT5G62650,1152,1089,782,1047,1393,1136
AT5G62670,7088,6031,4585,7996,10016,8260
AT5G62680,8199,8413,5589,8975,10486,7526
AT5G62690,43397,39795,30482,33976,43566,32338
AT5G62700,44950,41928,31304,30017,39848,30723
AT5G62710,1466,1480,977,749,807,616
AT5G62720,3793,4432,2877,633,1207,744
AT5G62740,2839,2744,2010,2601,3216,1492
AT5G62760,1582,1426,1091,1896,2550,1632
AT5G62770,566,790,547,1451,2014,1265
AT5G62780,0,3,0,6,11,6
AT5G62790,3232,3197,2090,2712,3751,2200
AT5G62800,0,0,0,67,47,29
AT5G62810,6139,6014,4529,5263,6903,4260
AT5G62820,430,482,355,158,198,131
AT5G62840,34,52,42,88,63,24
AT5G62865,2307,2070,1572,1038,1269,720
AT5G62880,4519,4153,3195,6236,7858,3727
AT5G62890,17658,16677,11424,15252,19782,17738
AT5G62900,4865,4080,3515,4014,5206,3152
AT5G62910,1163,1109,810,2767,2648,1909
AT5G62920,2870,2675,2344,2706,2859,1456
AT5G62930,6942,6592,4835,6081,8076,4831
AT5G62940,240,208,172,165,184,123
AT5G62950,2681,2556,2088,3068,3836,1774
AT5G62960,719,679,548,968,854,520
AT5G62980,887,889,609,1024,1050,680
AT5G62990,214,178,142,212,214,165
AT5G63000,1745,1596,1275,1781,2180,1167
AT5G63010,1180,1137,683,1153,1329,1077
AT5G63020,367,335,270,169,308,142
AT5G63030,2416,2472,1835,2077,2977,1389
AT5G63040,1064,937,798,893,970,831
AT5G63050,1892,1735,1167,2068,2454,1711
AT5G63060,227,233,172,268,294,179
AT5G63070,12,8,2,16,18,4
AT5G63080,1335,1341,978,1599,2010,1082
AT5G63100,206,170,89,136,174,136
AT5G63110,4750,4926,3110,3702,4724,2854
AT5G63120,2877,2630,1687,2979,3579,2566
AT5G63130,480,356,296,1738,2593,965
AT5G63135,941,838,639,1710,1886,813
AT5G63140,421,352,246,302,504,247
AT5G63150,5227,4925,3904,2592,3792,2289
AT5G63160,873,1315,1139,767,747,361
AT5G63190,9015,7846,5770,13541,17520,12162
AT5G63195,105,146,102,234,218,164
AT5G63200,2023,1908,1458,2533,2743,1859
AT5G63220,4100,3690,2676,2351,2863,1522
AT5G63240,2,0,5,3,3,0
AT5G63260,4402,3817,3121,6362,7402,5118
AT5G63270,835,877,683,60,138,115
AT5G63280,2594,2409,2067,3290,3826,2234
AT5G63290,215,268,160,186,164,143
AT5G63300,58,68,68,84,125,67
AT5G63310,2865,2790,2051,1753,2282,1811
AT5G63320,4485,4171,3444,5034,6646,4289
AT5G63350,11,0,13,420,329,238
AT5G63370,9984,9172,7291,9780,12527,7464
AT5G63375,1,2,3,6,5,1
AT5G63380,3399,2992,1852,2229,2753,2219
AT5G63390,94,108,83,74,113,65
AT5G63400,29201,27650,21034,21241,27471,15889
AT5G63410,3837,3847,2734,828,1541,956
AT5G63420,889,968,601,602,782,633
AT5G63440,1793,1678,1327,1035,1515,914
AT5G63450,2076,1791,1535,1644,3071,1286
AT5G63460,2179,1895,1892,2793,3461,1738
AT5G63470,2797,2784,2235,2734,3492,2376
AT5G63480,744,705,407,494,749,446
AT5G63490,2765,2749,2059,2410,3275,1953
AT5G63500,2329,2245,1758,1981,2232,1244
AT5G63510,14929,14826,10788,14002,16900,10148
AT5G63520,812,684,511,1259,1269,675
AT5G63530,1381,1410,1061,1673,1843,1357
AT5G63540,331,364,243,194,188,135
AT5G63550,2448,2303,1848,1007,1399,795
AT5G63560,49,101,52,10,34,8
AT5G63570,4019,4330,2506,2582,3819,3299
AT5G63580,0,3,6,5,0,0
AT5G63590,2816,2916,2535,2664,3632,1841
AT5G63595,1269,1220,1091,424,554,271
AT5G63600,25673,26124,18009,14837,24565,13105
AT5G63610,2762,2671,1985,3124,3965,2533
AT5G63620,6222,5295,4000,8956,11488,6166
AT5G63625,22,27,21,28,14,18
AT5G63630,574,584,453,348,364,335
AT5G63640,3491,3159,2622,5312,6261,3330
AT5G63650,2116,1832,1664,2726,4173,2581
AT5G63660,5890,6908,4804,4593,6711,3760
AT5G63670,1780,1516,1157,1512,1794,1101
AT5G63680,7457,7998,5219,6303,8446,5874
AT5G63690,181,163,166,223,199,173
AT5G63700,658,579,430,202,305,207
AT5G63710,1223,1251,857,1008,1053,643
AT5G63720,3,3,0,0,3,3
AT5G63760,2414,2398,1526,1511,1796,1426
AT5G63770,2543,2547,1644,1706,2211,1546
AT5G63780,2330,2484,1669,1115,1585,1337
AT5G63790,16302,15790,9240,27711,32257,21003
AT5G63800,7924,7473,5484,2264,3760,2632
AT5G63810,2982,2916,2234,1744,2054,1643
AT5G63820,73,94,81,88,71,43
AT5G63830,823,776,533,624,712,670
AT5G63840,17660,16734,12000,13215,16099,13299
AT5G63850,5568,5722,4480,2486,2891,1713
AT5G63860,6362,6353,4427,5015,6676,4380
AT5G63870,3167,3148,1958,1984,2425,2097
AT5G63880,2473,2203,1895,3002,3625,1786
AT5G63890,5438,5441,3531,6148,6645,4732
AT5G63905,759,939,630,1763,1912,1115
AT5G63910,4319,4060,2852,3815,5422,3723
AT5G63920,1750,1976,1342,1077,1170,1034
AT5G63930,5473,5210,3694,4811,6570,4494
AT5G63940,6432,5825,4067,5346,6202,4439
AT5G63950,3110,3257,2049,2110,2444,1855
AT5G63960,2174,2125,1474,1181,1248,928
AT5G63970,3585,3453,3208,3808,5501,2977
AT5G63980,5569,6488,4514,3856,5141,2703
AT5G63990,2815,2878,2099,2111,2861,1516
AT5G64000,223,182,192,44,37,43
AT5G64010,885,790,593,670,841,471
AT5G64020,4315,4001,3054,3019,4199,3110
AT5G64030,12076,11366,8484,6991,8929,6729
AT5G64040,614,699,406,281,494,179
AT5G64050,3481,3482,2395,3175,3852,2760
AT5G64060,39,85,43,26,22,16
AT5G64070,8379,7550,5004,7267,9079,7723
AT5G64080,1280,1210,965,2115,2034,1768
AT5G64090,3136,2716,1973,2209,2932,2062
AT5G64100,90990,91334,56752,16939,36447,20439
AT5G64110,159,154,98,14,24,16
AT5G64120,18810,23058,10511,3883,10493,5770
AT5G64130,15977,13636,12072,12603,17661,9051
AT5G64140,22564,21833,18607,14569,16520,9809
AT5G64150,906,925,554,606,636,526
AT5G64160,2389,2293,1674,2976,3745,2331
AT5G64170,3319,3037,1916,5409,6761,4829
AT5G64180,1702,1362,1049,1627,2173,1166
AT5G64190,0,0,4,36,28,29
AT5G64200,7088,7151,4984,7879,9066,5687
AT5G64210,16,14,12,181,156,130
AT5G64220,5100,4630,3560,3653,5129,3223
AT5G64230,578,554,378,2467,2666,1450
AT5G64240,3393,3538,2358,5822,6812,3642
AT5G64250,15779,13708,10210,33001,41668,21640
AT5G64260,21760,20779,15219,34685,46122,19403
AT5G64270,9545,9766,6196,11546,13012,11272
AT5G64280,1622,1513,1086,1335,1831,1702
AT5G64290,6878,6888,4335,2961,4332,3709
AT5G64300,5793,5743,3467,5445,6517,4928
AT5G64310,5752,5464,5357,23894,21790,11840
AT5G64320,642,561,381,369,449,402
AT5G64330,5290,4726,3672,1938,2926,2253
AT5G64340,4871,4561,3393,6182,8420,6212
AT5G64350,26578,25506,19872,22184,26626,13816
AT5G64360,2238,1947,1312,1847,2352,1891
AT5G64370,9908,9496,6647,8144,11237,6150
AT5G64380,149,109,42,122,158,131
AT5G64390,1972,1921,1333,1659,2237,1875
AT5G64400,47163,44764,32175,35362,45245,21793
AT5G64410,4641,4942,3393,4178,7485,4230
AT5G64420,5452,5697,3124,3261,3381,3788
AT5G64430,2835,2702,1929,4146,5737,3511
AT5G64440,6766,6858,4632,4066,5700,3866
AT5G64450,24,28,21,116,90,48
AT5G64460,3389,3098,2643,2903,3764,2237
AT5G64470,1305,1193,931,1149,1458,858
AT5G64480,589,537,328,423,598,342
AT5G64490,5,6,0,3,11,6
AT5G64500,8131,7201,5524,7848,10482,6274
AT5G64510,475,372,322,130,103,55
AT5G64520,490,418,351,549,624,399
AT5G64530,126,150,105,101,94,110
AT5G64540,0,4,0,8,0,0
AT5G64550,407,434,283,935,1001,747
AT5G64560,1204,1090,797,766,1094,648
AT5G64570,9341,8867,7390,6801,10726,6318
AT5G64572,387,723,384,409,500,188
AT5G64580,1629,1698,1166,1247,1335,994
AT5G64590,0,3,0,0,11,0
AT5G64600,1914,1686,1476,1109,1484,1079
AT5G64610,3137,3044,2036,3319,4174,3123
AT5G64620,1188,1320,1119,898,912,498
AT5G64630,718,762,519,368,394,306
AT5G64640,358,440,288,317,300,270
AT5G64650,1774,1671,1463,1612,1867,1326
AT5G64660,1001,1100,596,1930,2086,1546
AT5G64667,6,0,8,0,0,0
AT5G64670,6049,5882,4005,2548,3100,2719
AT5G64680,2075,1755,1616,2060,2133,1211
AT5G64685,27,23,23,13,27,3
AT5G64687,9,9,5,13,11,13
AT5G64690,104,121,66,119,105,76
AT5G64700,127,196,140,62,58,39
AT5G64710,443,460,245,210,211,144
AT5G64720,4,15,9,8,11,6
AT5G64730,1699,1742,1406,3102,3123,1918
AT5G64740,45637,42983,28059,25660,33498,28404
AT5G64750,266,209,171,2955,2883,1672
AT5G64760,3434,3535,2360,2840,3792,2567
AT5G64780,190,136,124,298,276,149
AT5G64810,129,166,93,321,202,72
AT5G64813,6831,6099,4797,4572,6022,4273
AT5G64816,1138,818,731,634,655,398
AT5G64820,5,2,0,9,11,5
AT5G64830,1346,1367,862,1469,1655,927
AT5G64840,2249,2186,1453,3840,5062,3294
AT5G64850,1471,1275,935,1801,2454,1003
AT5G64855,3,7,0,2,4,1
AT5G64860,1210,1146,851,950,1046,1105
AT5G64870,8,8,0,352,263,170
AT5G64880,1588,1340,1038,1384,2018,1018
AT5G64890,142,151,96,298,562,247
AT5G64900,153,197,133,377,577,230
AT5G64905,201,222,136,369,699,297
AT5G64910,4,3,4,0,11,3
AT5G64920,3491,3191,2480,2725,3632,2404
AT5G64930,2361,2090,1542,2316,3359,2106
AT5G64940,3485,3689,2131,4989,6530,4028
AT5G64950,346,320,219,145,217,184
AT5G64960,7677,7686,5473,7326,8567,5779
AT5G64970,1408,1180,816,732,871,730
AT5G64980,162,135,132,96,119,58
AT5G64990,52,76,30,139,117,78
AT5G65000,1852,1701,1271,1505,1850,1150
AT5G65010,6231,6239,3714,2978,3795,3406
AT5G65020,44061,42554,33804,27477,40806,24874
AT5G65030,67,68,60,81,105,28
AT5G65040,1179,1146,854,1699,1894,976
AT5G65050,5457,5540,4645,5883,7066,3319
AT5G65060,1377,1195,986,1557,2001,894
AT5G65070,263,302,238,265,386,163
AT5G65080,96,113,97,111,162,78
AT5G65090,872,855,697,139,219,234
AT5G65100,0,0,0,6,8,1
AT5G65110,7631,7164,4660,12152,15529,9461
AT5G65120,790,653,511,615,637,333
AT5G65130,19,16,10,43,42,32
AT5G65140,719,827,689,2205,2879,2169
AT5G65158,60,40,66,37,47,30
AT5G65160,1673,1757,1361,838,1140,758
AT5G65165,0,6,0,8,0,0
AT5G65170,597,619,354,225,441,320
AT5G65180,1597,1645,1323,1753,2103,1434
AT5G65200,572,525,368,417,580,436
AT5G65205,210,215,171,186,176,120
AT5G65207,4163,4312,3368,7074,8979,2843
AT5G65210,19398,20677,15026,10699,15253,9575
AT5G65220,2884,2583,1974,2281,3184,1981
AT5G65225,22,32,23,5,11,0
AT5G65230,293,286,254,286,308,202
AT5G65240,2056,1835,1448,1767,2441,1462
AT5G65250,1466,1429,969,1131,1673,1161
AT5G65260,3835,3713,2984,3484,3965,2704
AT5G65270,5112,4586,3306,2573,3373,2023
AT5G65280,1410,1282,1292,3097,3644,1916
AT5G65290,2424,2438,1764,2268,2858,1927
AT5G65300,205,220,189,1070,1426,551
AT5G65310,4923,4813,3209,4902,7459,4859
AT5G65320,50,40,38,15,57,17
AT5G65330,0,8,7,0,3,3
AT5G65340,456,464,320,65,129,80
AT5G65350,321,259,247,386,328,208
AT5G65360,14311,13530,10198,7004,8470,4710
AT5G65380,9157,8478,5064,5410,8719,8125
AT5G65390,20360,20283,19104,4497,7020,3615
AT5G65400,276,297,283,215,273,157
AT5G65420,818,700,543,338,519,308
AT5G65430,24228,22613,17076,14215,18609,10037
AT5G65440,5614,5064,4000,2186,2818,2157
AT5G65450,1089,942,767,422,558,325
AT5G65460,3373,3664,2351,3066,3685,2860
AT5G65470,3315,3138,2305,9863,11030,5956
AT5G65480,5505,5840,4280,2504,3620,2060
AT5G65490,1659,1707,1023,1761,2060,1886
AT5G65495,1167,1162,841,1354,1629,689
AT5G65500,38,19,20,7,16,0
AT5G65510,37,35,34,49,72,18
AT5G65520,1144,864,812,791,887,594
AT5G65530,8472,8280,6094,5349,9506,6595
AT5G65540,2232,1973,1497,2146,2678,1700
AT5G65550,0,0,4,22,18,6
AT5G65560,1463,1245,815,1174,1344,1142
AT5G65570,296,309,242,207,206,174
AT5G65575,788,690,516,1201,1651,783
AT5G65580,12,14,5,9,11,6
AT5G65590,2,10,0,135,107,65
AT5G65600,6,11,12,23,34,14
AT5G65609,114,87,76,97,173,110
AT5G65610,7,12,8,0,0,6
AT5G65613,7,4,3,0,6,2
AT5G65620,9484,10079,6960,7184,9467,6093
AT5G65630,13922,13710,10600,10363,12348,8228
AT5G65640,1860,1785,1297,3207,4575,3367
AT5G65650,3922,3841,3117,3496,4520,3073
AT5G65660,17326,17586,15852,14235,16504,9235
AT5G65670,39718,37934,28384,34263,44780,25670
AT5G65683,4920,4932,2922,2227,3202,3030
AT5G65685,1755,1641,1228,1138,1443,802
AT5G65687,2643,2384,1900,1623,2047,1298
AT5G65690,3601,3276,2682,941,1020,619
AT5G65700,9593,9261,6442,7043,8714,7148
AT5G65710,1154,1279,865,438,646,486
AT5G65720,10351,10358,6082,8302,11543,9140
AT5G65740,970,885,655,646,922,737
AT5G65750,3461,3528,2044,4461,5386,4958
AT5G65760,4058,4004,2996,3583,4440,2964
AT5G65770,4310,3981,2918,2625,3709,2467
AT5G65780,7013,6902,4652,5558,7239,4520
AT5G65790,1982,1920,1690,3458,4081,2404
AT5G65800,842,785,475,26,44,30
AT5G65810,11805,10665,9365,4525,6420,3921
AT5G65820,301,268,157,149,247,184
AT5G65830,690,838,586,560,893,494
AT5G65840,1104,1169,833,1430,1903,940
AT5G65850,65,93,47,87,73,61
AT5G65860,2828,2502,1892,1846,2085,1603
AT5G65870,567,659,463,3437,4547,2001
AT5G65880,1041,1142,763,1215,1458,665
AT5G65890,17,11,6,59,72,28
AT5G65900,2305,2200,1550,1243,1273,916
AT5G65910,4907,4514,3469,4930,6850,4085
AT5G65920,2210,1757,1273,1193,1460,1071
AT5G65925,1012,828,795,1233,1413,561
AT5G65930,8182,7985,5643,5131,6701,4702
AT5G65940,4330,4316,3329,3750,4965,3660
AT5G65950,8638,8489,5185,7271,9224,8753
AT5G65960,5064,4970,3551,5166,6888,4715
AT5G65970,2570,2267,1964,181,286,185
AT5G65980,49,79,81,15,36,12
AT5G65990,1107,1185,762,8186,9196,5641
AT5G66000,446,375,278,152,159,115
AT5G66005,761,713,503,465,574,377
AT5G66010,2523,2696,1903,2748,3160,2028
AT5G66020,4,4,7,39,33,11
AT5G66030,7907,8383,6554,8001,12502,8565
AT5G66040,3826,4212,2723,2816,3538,1941
AT5G66045,0,3,0,29,22,6
AT5G66050,3004,2941,2731,4810,5151,2745
AT5G66052,1535,1411,1142,627,830,387
AT5G66055,1609,1485,1022,1695,1857,1468
AT5G66060,4108,4077,2862,2298,3640,1916
AT5G66070,1446,1354,1235,4072,5277,2515
AT5G66080,1107,939,638,902,1415,903
AT5G66090,1358,1403,1181,1249,1517,1095
AT5G66100,3263,3421,2288,3071,3809,2695
AT5G66110,10,0,3,48,54,37
AT5G66120,11264,11523,7388,9850,12299,7065
AT5G66130,464,413,352,325,352,252
AT5G66140,6777,7121,4757,4564,6316,3721
AT5G66150,0,21,18,14,11,7
AT5G66160,3533,3176,2599,2519,3532,2568
AT5G66170,6521,5349,5707,12549,19268,7685
AT5G66180,1815,1535,1356,2107,2698,1903
AT5G66190,661,789,477,613,947,490
AT5G66200,3921,3848,2563,2160,2985,2074
AT5G66210,2767,2724,1966,2502,3178,2174
AT5G66220,13,0,0,0,11,0
AT5G66230,2404,2825,2014,391,487,334
AT5G66240,5245,5149,3529,5885,6705,5232
AT5G66250,3794,3533,2565,3273,4312,2395
AT5G66260,3,3,2,0,0,4
AT5G66270,377,422,243,162,184,147
AT5G66280,9572,10119,5840,2600,3916,4780
AT5G66290,2086,2038,1536,2311,3032,2181
AT5G66300,467,412,374,585,838,579
AT5G66310,4271,3951,2997,3615,6031,4303
AT5G66320,673,676,527,456,547,352
AT5G66330,553,517,395,111,139,97
AT5G66335,11,4,9,3,6,1
AT5G66350,17,16,9,19,13,10
AT5G66360,884,727,621,1051,1127,815
AT5G66370,3,0,9,12,8,5
AT5G66380,1417,1269,981,1319,1617,1135
AT5G66390,37884,36365,29070,43475,69343,28857
AT5G66400,201,125,110,20075,26004,11721
AT5G66410,4396,4044,3225,2880,3957,2490
AT5G66420,9052,9200,5978,5967,8034,5858
AT5G66440,705,836,612,996,1109,713
AT5G66450,1162,1055,847,1044,1415,1063
AT5G66455,58,64,50,89,100,58
AT5G66460,720,963,464,1314,1624,1608
AT5G66470,515,562,480,378,554,337
AT5G66480,301,306,370,401,539,338
AT5G66490,605,570,435,236,358,168
AT5G66500,137,141,65,91,96,82
AT5G66510,19041,18930,12989,13292,18311,11311
AT5G66530,4838,4631,3661,3262,4087,2591
AT5G66540,3331,3416,2074,3050,3032,2797
AT5G66550,721,739,553,987,1012,647
AT5G66558,860,679,560,322,682,568
AT5G66560,2706,2651,2014,1683,1775,1455
AT5G66562,17,11,7,0,0,2
AT5G66564,9,8,7,0,4,2
AT5G66567,5,2,1,0,3,0
AT5G66570,1913,2680,1532,1452,2448,1081
AT5G66580,1404,1425,838,383,527,257
AT5G66590,2946,2877,1982,745,871,612
AT5G66595,167,170,99,91,162,74
AT5G66600,2328,2216,1814,1427,1906,1181
AT5G66607,26,28,9,12,17,5
AT5G66610,493,415,385,294,310,175
AT5G66620,225,280,141,240,355,244
AT5G66630,31,24,41,31,33,24
AT5G66631,120,131,48,66,66,46
AT5G66640,26,30,34,248,241,183
AT5G66650,288,348,229,533,931,347
AT5G66658,52,84,52,69,87,30
AT5G66660,6,3,6,0,3,4
AT5G66670,5,17,13,35,34,10
AT5G66675,2073,2043,1186,1284,2048,1619
AT5G66680,27331,25090,19984,19389,24567,16737
AT5G66690,14102,14374,10247,4995,8506,5773
AT5G66700,5,9,6,73,81,43
AT5G66710,29,48,32,70,77,58
AT5G66720,6243,6135,4247,6266,7718,5433
AT5G66730,3992,3840,2817,4531,6090,4388
AT5G66740,22,25,13,20,10,18
AT5G66750,2114,2172,1535,1404,1533,1157
AT5G66760,46226,50706,31501,47038,62621,43206
AT5G66770,1496,1528,1099,770,928,833
AT5G66780,87,127,71,16065,13998,7455
AT5G66790,341,336,231,169,378,153
AT5G66800,291,315,186,136,155,95
AT5G66810,2498,2412,1836,2605,3344,2061
AT5G66815,659,740,465,83,155,63
AT5G66816,117,100,58,11,16,7
AT5G66820,1755,1909,1390,1168,1644,1055
AT5G66830,154,168,80,139,179,76
AT5G66840,289,312,177,141,129,122
AT5G66850,4314,4069,2784,3478,4304,3416
AT5G66860,6457,6012,4100,5360,5827,4475
AT5G66870,1860,1802,1172,2180,2428,1961
AT5G66880,1948,1947,1587,4683,6037,3199
AT5G66900,508,448,339,312,475,366
AT5G66910,1605,1584,1090,1020,1526,1070
AT5G66920,15548,14989,10434,6545,11174,7682
AT5G66930,4189,3670,3257,4257,5544,2424
AT5G66950,3423,3281,2288,1437,2104,1670
AT5G66960,498,479,301,276,220,231
AT5G66985,1967,1859,1559,221,386,148
AT5G67020,249,247,220,79,153,125
AT5G67030,2419,2734,1591,7557,9388,6150
AT5G67050,118,90,58,88,75,58
AT5G67070,3195,3596,2408,1261,1703,1401
AT5G67080,116,119,65,46,25,8
AT5G67090,683,651,493,665,934,458
AT5G67100,2833,2850,1764,1731,2080,1624
AT5G67110,94,108,90,548,893,643
AT5G67130,2949,3042,2321,3781,4703,3341
AT5G67140,402,435,302,1150,1460,722
AT5G67150,644,658,370,245,319,283
AT5G67160,849,825,500,354,409,341
AT5G67170,925,856,636,1213,1520,877
AT5G67180,29,25,0,129,112,42
AT5G67190,472,473,324,919,706,486
AT5G67200,667,692,534,284,344,324
AT5G67210,3256,3311,2368,2460,3297,1776
AT5G67220,5765,5444,3204,4104,4603,4393
AT5G67230,610,467,297,1448,1461,913
AT5G67240,4605,4090,2820,5455,6259,5368
AT5G67245,358,349,253,259,405,233
AT5G67250,4781,4402,3079,5194,6467,4417
AT5G67260,3546,3294,2506,3609,4334,3294
AT5G67270,1890,2012,1439,820,795,537
AT5G67280,1176,1123,810,593,839,698
AT5G67290,1123,995,773,1433,2016,1283
AT5G67300,6788,6173,4584,9257,10731,5413
AT5G67310,1,3,3,71,100,46
AT5G67320,6032,5519,4316,5169,6769,4631
AT5G67330,3079,3186,2041,4432,5858,3456
AT5G67340,2076,2023,1460,3563,5503,3285
AT5G67350,533,489,286,805,866,550
AT5G67360,12571,12203,7644,11540,14269,11871
AT5G67370,397,413,313,1643,2455,953
AT5G67380,6347,5468,4112,6327,7854,5489
AT5G67385,266,287,222,283,339,209
AT5G67390,3799,3502,2775,637,1002,596
AT5G67400,13219,14323,11188,855,2613,1586
AT5G67410,176,156,88,102,99,89
AT5G67420,22102,20636,16117,12874,16607,10001
AT5G67430,593,488,336,1409,1808,869
AT5G67440,1783,1610,1356,4321,4420,3229
AT5G67450,1386,1366,829,247,457,347
AT5G67460,704,760,549,386,510,355
AT5G67470,3752,4017,2886,2454,3440,2535
AT5G67480,3090,2620,1902,9352,11090,7677
AT5G67488,461,394,460,595,820,642
AT5G67490,5248,4669,3475,6225,7990,4810
AT5G67500,31312,31128,23605,23244,32750,17268
AT5G67510,7902,8387,4613,4277,5319,5526
AT5G67520,989,788,798,785,900,449
AT5G67530,2588,2219,1825,2667,3427,2210
AT5G67540,3629,3688,2583,2800,3559,2641
AT5G67550,394,427,346,479,555,329
AT5G67560,7116,6357,5406,5890,8150,3983
AT5G67570,1394,1163,903,1547,1855,1502
AT5G67580,2192,2109,1443,3498,3922,2859
AT5G67590,21629,21410,17052,20081,26368,13726
AT5G67600,7321,6935,6442,31388,33021,16623
AT5G67610,1940,1858,1501,2285,2469,1705
AT5G67620,1950,2106,1700,516,979,529
AT5G67630,3134,3150,2134,2780,3130,2272
AT5G67640,281,281,219,217,269,205
ATCG00020,83,77,69,64,120,23
ATCG00030,2,1,3,1,3,1
ATCG00040,93,54,82,25,47,12
ATCG00065,6,5,5,6,7,5
ATCG00070,4,1,0,1,5,2
ATCG00080,2,2,3,3,3,0
ATCG00090,2,2,2,2,3,0
ATCG00120,92,60,65,43,122,28
ATCG00130,26,14,31,23,33,7
ATCG00140,22,23,20,23,34,6
ATCG00150,23,35,19,19,28,7
ATCG00160,9,6,20,7,14,3
ATCG00170,140,72,118,49,69,12
ATCG00180,61,66,62,66,62,28
ATCG00190,171,207,91,127,166,108
ATCG00210,1,1,2,2,5,0
ATCG00270,31,21,40,16,39,11
ATCG00280,59,23,63,40,63,13
ATCG00300,5,0,0,1,6,0
ATCG00330,2,17,5,12,13,2
ATCG00340,100,63,104,82,108,24
ATCG00350,136,77,85,74,116,30
ATCG00360,29,23,24,23,51,11
ATCG00380,15,12,11,25,9,6
ATCG00430,0,8,9,2,4,0
ATCG00440,8,1,9,0,3,0
ATCG00470,16,13,25,10,16,2
ATCG00480,93,69,84,48,101,33
ATCG00490,148,128,157,81,134,30
ATCG00500,227,130,140,104,213,45
ATCG00510,20,6,17,10,19,3
ATCG00520,22,23,46,25,44,3
ATCG00530,29,11,20,31,43,7
ATCG00540,50,50,46,34,58,16
ATCG00550,2,4,0,3,4,3
ATCG00560,1,3,3,4,1,1
ATCG00570,4,5,4,2,0,2
ATCG00580,9,10,7,5,7,3
ATCG00600,3,1,4,2,3,1
ATCG00630,4,4,12,7,15,5
ATCG00640,0,10,6,6,0,2
ATCG00650,3,3,6,7,4,0
ATCG00660,32,31,29,30,36,5
ATCG00670,95,61,68,57,98,25
ATCG00680,38,49,53,38,47,22
ATCG00690,1,3,1,1,4,0
ATCG00710,3,4,7,3,4,4
ATCG00720,29,27,18,21,40,10
ATCG00730,31,19,27,13,22,9
ATCG00740,48,21,26,39,29,16
ATCG00750,20,22,17,9,26,5
ATCG00760,5,6,11,3,2,0
ATCG00770,20,24,7,20,32,11
ATCG00780,25,32,24,22,42,14
ATCG00790,87,93,99,117,109,40
ATCG00800,45,49,21,43,40,10
ATCG00810,40,36,36,26,39,20
ATCG00820,18,20,19,5,20,2
ATCG00830,56,33,43,35,32,18
ATCG00840,6,5,2,2,2,3
ATCG00860,93,54,73,51,71,17
ATCG00870,2,0,5,5,2,0
ATCG00890,5,4,6,3,12,0
ATCG00900,16,8,15,26,27,9
ATCG00905,14,7,15,10,12,2
ATCG00920,1542,1315,1432,1789,2467,520
ATCG00940,4,3,4,2,3,0
ATCG00950,3329,2810,3088,3630,4772,1059
ATCG00960,21,14,19,17,31,8
ATCG01000,7,9,13,11,7,2
ATCG01010,7,7,9,8,3,0
ATCG01020,8,11,12,25,19,2
ATCG01040,6,6,7,0,6,2
ATCG01050,17,10,23,19,33,7
ATCG01060,11,6,4,7,10,3
ATCG01070,0,5,12,7,8,2
ATCG01080,3,3,8,1,10,6
ATCG01090,6,4,0,6,6,0
ATCG01100,18,24,26,0,25,6
ATCG01110,36,17,26,11,15,7
ATCG01120,4,0,12,3,10,0
ATCG01130,65,137,132,146,120,23
ATCG01170,21,14,20,19,31,8
ATCG01180,3276,2764,3058,3623,4811,1032
ATCG01190,5,3,3,2,3,0
ATCG01210,1514,1294,1439,1824,2446,541
ATCG01230,12,7,14,10,11,2
ATCG01240,16,8,14,22,21,8
ATCG01250,5,6,6,3,10,0
ATCG01270,2,0,5,5,2,0
ATCG01280,90,55,77,48,67,18
ATCG01300,6,7,4,4,2,3
ATCG01310,40,32,43,21,35,18
ATMG00020,908,609,841,666,1199,264
ATMG00070,20,29,18,10,26,4
ATMG00080,5,0,10,2,2,0
ATMG00090,31,18,19,24,50,15
ATMG00110,5,4,11,8,6,2
ATMG00180,3,6,11,8,9,1
ATMG00270,46,34,30,28,38,9
ATMG00290,50,25,35,19,56,6
ATMG00520,6,5,3,1,4,0
ATMG00570,19,7,16,13,25,6
ATMG00640,1786,1000,2100,1868,2427,476
ATMG00650,3,5,1,0,2,0
ATMG00665,27,18,25,20,31,8
ATMG00700,3,2,3,0,1,2
ATMG00735,296,289,315,524,645,272
ATMG00830,6,3,9,5,7,0
ATMG00980,4,5,11,4,3,0
ATMG00990,7,2,4,5,4,0
ATMG01275,60,43,43,49,78,14
ATMG01380,3,1,3,1,2,1
ATMG01390,8,2,7,4,7,1
